texto,cluster
consiggo falar com atendente?,2
"veioo com defeito, como faço a devolução?",2
que calca maravilhosa,8
a jaqueta branca uma pena eu nao conseguir comprar por problemas tecnicos uma experiencia de consumidor mto ruim,2
ela a c reta e certa acredito que o tamanho m funcione bem para vocaa o tecido da base a c mais malea vel que da parte de cima,3
conjuntinho,10
somos uma produtora de a udio visual e achamos que seria interessante apresentar o nosso trabalho e portifa <num> lio,5
essa modelagem é mais enxuta? o camisa de viscose veste grande?,1
boa tarde fabiana como vai passando para avisar que as blusas acabaram de ser repostas no site estoque,8
tem calça alfaiataria verde 40?,7
"sou 42, às vezes pego M; o saia plissada segue a tabela certinha?",4
tem tabela de medidas do vestido midi?,1
deixa,10
posso trocar caso eu experimente e prefira uma maior,3
d d d,10
fiz uma compra de um casaco com vcs e nao vestiu bem gostaria de trocar por uma calca fresquinha tamanho m,1
pergunta a regata pregas jersey precisa passar resposta modelagem e tecido,3
"tenho 92cm de busto e 118cm de quadril, qual tamanho do body canelado vc indica?",3
chega quando no 01255-022?,12
veste pequeno ou grande? queria o saia plissada em GG,1
obrigada pela presenca stella,0
"não serviu, consigo troocar?",2
tem vestido preto no 36?,11
ola karyna boa tarde tudo bem estamos entrando em contato porque identificamos que ha um tempo voce demonstrou interesse nos sapatos da bia que apareceram em um dos nossos reels agora eles estao disponiveis no site do curadobia segue o link <url> obrigada por nos acompanhar karyna qualquer duvida estamos a disposicao equipe curadobia,5
pergunta a saia tech vai bem com bota resposta combinacoes e ocasioes,8
boa tarde a jaqueta off da nauanim voltou,8
na verdade eu ja assisti ao video do casaco no site curadobia varias vezes para tentar chegar a essa conclusao mas nao consegui,8
tem blazer preto no 40?,4
"prazo pro meu cep 04012-000, chega até 3 dias úteis?",12
tem vestido preto tamanho 36?,11
"prazo proo meu cep 06030-050, chega até sexta?",12
procuro,10
que maximo marca a gente nos seus looks muito feliz que esta curtindo a selecao de pecas logo mais teremos muitas novidades bacanas,8
e o body me chega hoje,8
tem saia verde no GG?,7
uso M na parte de cima; o blazer linho serviria?,3
coisa,10
obrigada pela presenca silvia,0
quero camisa preto 46,1
oi as compras sa o direto no site,5
obrigada pela presena a renata vai arrasar demais com o conjuntinho mascavo nosso antimo terracota d deg,8
seu ddd qual seria,8
ja tentei traas vezes sera que pode ser o tamanho,3
quero saia verde M,13
na o tenho nada da paula ferber a numeraa a o a c normal a forma,3
me indica um shorts caramelo tamanho P?,3
quero comprar mas preciso saber se ela calca certinho o numero do calco o numero <num> devo comprar o mesmo,5
dica de look para happy hour com camisa de viscose azul marinho,8
tem body canelado bege P?,8
obrigada pela presenca,0
muito obrigada pela atencao,0
obrigada pela presena a a i a i,0
pergunta tenho duvida no tamanho da camisa viajante qual voce recomenda resposta tamanho e medidas,3
enviado obrigada ata c segunda,0
tem loja física/enderreço?,5
pensamos que poderia ser a senha criada mas quando ocorre algum ponto nesse aspecto surge uma mensagem abaixo voce se importaria em tentar novamente apenas para checarmos se continua ocorrendo o mesmo erro,5
perfeito ana obrigada pelo retorno d,0
tem jaqueta preto no 44?,4
tem vestido verde tamanho G?,7
necessarias,10
o meu e <user> oficial,5
na o tem um link de comunicaa a o no whatsapp,5
aindda tem calça alfaiataria em G?,1
tem body verde tamanho P?,7
procuro blazer linho em azul marinho,8
quero saia verde 36,13
tem shorts preto no 44?,4
quero jaqueta bege 442,1
sugestao,10
elegante,10
fechado,10
valor do frete pro 04567-010?,12
cadê o rastreamento do #5536?,6
tem vestido preto no P?,11
ok entendi obrigada pelo retorno um abraco,0
"prazo pro meu cep 04012-000, chega até essa semana?",12
"quero um look casual para trabalho, uso 36",9
de,10
quero jaqueta preto 36,4
vc consegue rastrear o meu pedido,8
tem saia preto tamanho 36?,11
sku,10
é algodão? encolhe? comoo lavar?,2
bia voce acaba comigo com tantas coisas lindas do curadobia queria muito que tivesse frete internacional canada eu fico aqui babando,8
bia esse seu curadobia esta um arraso muito tentador paraba c ns pelo projeto uma daovida qual a sua altura estou interessadassima nessa cala a mas sou baixa <num> cm e geralmente tenho que fazer a barras das cala as o que na o a c muito fa cil com essaa d obrigada,3
obrigada pelo prestigio foi incrivel te ter de pertinho ontem,0
qual camisa combina com body canelado em preto?,11
me iindica um shorts bege tamanho GG?,3
"quero um look minimalista para jantar, uso PP",9
quero jaqueta verde G,13
volta pro estoque,10
uso 46 na parte de cima; o body canelado serviria?,4
obrigada pela presena a livia,0
tem blazer linho off-wwhite 46?,8
quero saia verde 42,13
legal mto obrigada,0
checkout travandoo aqui,5
pagamentoo recusado toda hora,2
conteudo,10
karyna bom dia tudo bem desculpe a demora para o esclarecimento da duvida como somos um marketolace trabalhamos com marcas unicas e diferentes como cada uma tem a sua producao optamos por entrar em contato com a marca parceira da calca ontem para confirmar sua duvida e te responder da melhor maneira possivel a marca nos confirmou que as medidas do tamanho <num> estao corretas com a cintura e o quadril com a mesma medida mesmo isso ocorre pois como e uma peca produzida com elastico na cintura ele acaba ficando na mesma medida do quadril se adequando ao formato do corpo que a usa a unica correcao que ja aproveitamos para fazer que a marca tambem nos informou foi que o tamanho <num> fa calca tambem deveria estar com a mesma medida na cintura e no quadril <num> cm pelo mesmo motivo ja vamos corrigir isso no site qualquer outra questao estamos a disposicao karyna,3
ola bom dia sheila tudo bem que bom que gostou do nosso macacao cool nos temos ele nos tamanhos <num> <num> <num> e <num> vou te encaminhar o link dele para que possa visualizar no nosso site <url>,8
tem jaqueta preto no GG?,1
ola meninas seguem meus contatos <num> <num> <num> <num> daniela masson <user> com muito bom falar com vcs ontem obrigada falamos na sequaancia por whatsapp d,5
é viscose? encolhee? como lavar?,2
cadê o rastreamento do #3909?,6
"prazo pro meu cep 01455-022, chega até amanhã?",12
bia gosto muito das suas bolsas poderia passar umas dicas nao encontrei no seu site,5
pergunta a saia acinturante marca muito o corpo resposta modelagem e tecido,3
ola camila td bem segue aqui o link da blusa que voce gostou qualquer duvida estamos a disposicao ok,8
como e o processo da troca,2
tem blazer verde no 40?,7
tem jaqueta verde no 40?,7
me indica um saia preto tamanho 46?,11
tem blazer verde no 38?,7
ola bia sou a daniela e gostaria de apresentar minha marca pra vc a queens gate minha socia e eu ja te acompanhamos tem um bom tempo e somos muito fas a sua curadoria com seus neutros com tcharanz reforcou a vontade de apresentar o conceito da nossa marca pra vc vamos completar <num> ano em agosto e adorariamos um bate papo com vc pra contar nossa historia e nossos planos moro em londres e minha socia em sp e vou deixar meu whatsapp pessoal por conta do fuso aqui e mando o link do nosso insta pra vc dar uma olhadinha obrigada <num> <num> <num> <num>,5
ola bia sou a daniela e gostaria de apresentar minha marca pra vc a queens gate minha sa <num> cia e eu ja te acompanhamos tem um bom tempo e somos muito fa s a sua curadoria com seus neutros com tcharanz refora ou a vontade de apresentar o conceito da nossa marca pra vc vamos completar <num> ano em agosto e adoraraamos um bate papo com vc pra contar nossa hista <num> ria e nossos planos moro em londres e minha sa <num> cia em sp e vou deixar meu whatsapp pessoal por conta do fuso aqui e mando o link do nosso insta pra vc dar uma olhadinha d obrigada <num> <num> <num> <num>,5
molinho,10
tem telefonee/whatsapp de alguém?,5
"sou 42, às vezes pego 40; o body canelado segue a tabela certinha?",4
erro,10
"meu pedido #5408 não atualiza, pode ver?",6
procuro body canelado em verde,7
quero camisa preto 42,1
cadê o rastreamento do #6730?,6
essa sandalia calca certo calco <num> sera que preciso comprar <num>,1
podia,10
apoio,10
ola boa tarde tudo bem estamos entrando em contato porque identificamos que ha um tempo vocaa demonstrou interesse nas sanda lias da bia que apareceram em um dos nossos reels agora eles esta o disponaveis no site do curadobia dd segue o link <url> obrigada por nos acompanhar qualquer daovida estamos a disposia a o equipe curadobia d,5
pagamento recusaado toda hora,2
tem blazer verde no G?,7
ahhh maravilha,10
"sou PP, às vezes pego 46; o body canelado segue a tabela certinha?",4
consigo fallar com atendente?,2
tem jaqueta verde no 42?,7
quero vestido verde 46,13
com relaa a o a outra blusa que vocaa gostou ela esta em processo de lana amento e ainda na o esta a venda no nosso site mas independente desse fator na o seria possavel unificar o frete nesse caso pois o frete sa <num> fica unificado para as pea as da mesma marca,1
posso pagar no pix/boleto? parcella?,2
tem saia off-white no P?,8
faz emm 3x sem juros?,2
jeitinho,10
clientes,10
tem vestido verde tamanho 36?,7
quero camisa verde PP,13
tem camisa verde no 42?,7
posso pagar no pixx/boleto? parcela?,2
essas,10
tem teelefone/whatsapp de alguém?,5
"sou P, às vezes pego G; o camisa de viscose segue a tabela certinha?",3
procuro camisa de viscose em off-white,1
a nossa calca diferentex esta saindo por r <num> <num>,3
quero vestido preto PP,1
quero blazer preto 42,4
ela e reta e certa acredito que o tamanho m funcione bem para voce o tecido da base e mais maleavel que da parte de cima,3
mari sent an attachment,5
tem jaqueta verde tamanho 36?,7
"não serviu, consiigo trocar?",2
consigo falar com atendennte?,2
boa tarde pessoal tudo bem estava namorando um macacao verde no site da marca d aura porem nao localizei mais saiu de colecao nao tera reposicao aguardo obrigada milene,8
tem jaqueta preto tamanho G?,11
elaine para o tamanho <num> nos indicamos o tamanho <num> da saia,3
tem shorts off-white tamanho G?,3
tem ttelefone/whatsapp de alguém?,5
tem jaqueta preto no 40?,4
ola tudo bem ana e vc que bacana vou passar o whatsapp da maia pode falar com ela por gentileza <num> <num>,8
valor do frete pro 055010-020?,12
tem blazer linho vermelho G?,8
ele foi postando dia <num> com o ca <num> digo de rastreio aa <num> br,8
oi anna bom dia tudo bem nos desculpe a falta de resposta vou te mandar mensagem via whatsapp para ficar melhor a nossa comunicacao tudo bem mas pode ficar tranquila pois realmente nosso atendimento funciona prioritariamente durante a semana e nao vamos te deixar desamparada,5
cadê o rastreamento do #3222?,6
consegue,10
tem camisa preto tamanho 46?,11
tem saia verde no 42?,7
"meu pedido #5076 não atuualiza, pode ver?",6
quero vestido preto 36,4
certo obrigada o prazo de entrega sa o <num> dias mesmo,12
valor do freete pro 04012-000?,12
poxa que pena quando tiverem me avise por favor,8
de nada,10
fazz em 3x sem juros?,2
oi karyna bom dia vimos que voce mandou as mesmas mensagens pelo nosso whatsapp vamos dar seguimento por la entao tudo bem obrigada,5
queria ver sua sapateira pq tudo a c lindassimo mas seus sapatos sa o escolhidos a dedo tudo a ver com vc semprea esse a c da laia na c,8
tem blazer preto no 44?,4
verde,7
dica de look para formatura com calça alfaiataria preto,1
tem link? coomo compro?,5
"sou 42, às vezes pego GG; o camisa de viscose segue a tabela certinha?",4
quuero shorts vermelho G,3
beijos,10
oi sandra tudo bem passando aqui para te avisar que o jeans preto que vocaa se interessou no nosso reels um tempinho atra s esta disponavel d,8
me indica um vestido off-white tamanho M?,1
é malha canelada? enccolhe? como lavar?,2
descolado,10
experimentei essa jaqueta maravilhosa,1
ola van td bem farei um video para vc,8
ainda tem camisa de viscose em G?,1
cadê o rastreamento do #1879?,6
mee indica um jaqueta azul marinho tamanho GG?,1
obrigada pelo convite adorei a minha sandalia nova a i,0
posso pagar no pix/boleeto? parcela?,2
scorro shared a product,5
invernal,10
qual seu manequim,8
"prazo pro meu cep 060300-050, chega até sexta?",12
tem camisa dee viscose off-white 36?,1
surpresa,10
"quero um look minimalista para trabalho, uso 36",9
é viscose? encolhe? comoo lavar?,2
faz em 3x sem juros?,2
pergunta tem rastreio pra saia acinturante resposta frete prazos e trocas,2
"quero uum look minimalista para trabalho, uso 36",9
"sou G, às vezes pego G; o blazer linho segue a tabela certinha?",3
atimo me avise por favor um abraa o e obrigada,0
uso 40 na parte de cima; o body canelado serviria?,3
tem jaqueta preto no 38?,4
aqui a tabela certinha mas ja estamos com o pessoal ta c cnico corrigindo esse erro,8
tem saia plissada azul marinho 46?,4
"sou GG, às vezes pego M; o calça alfaiataria segue a tabela certinha?",3
tem llink? como compro?,5
tem jaqueta azul marinho tamanho GG?,1
to,10
daniela depois me passa seu numero de telefone que ai seguimos a comunicacao por la e pelo e mail,5
obrigada eu aviso sim gostei bastante vou levar para a cliente,0
quero jaqueta preto P,1
estou de olho nessa peca aqui,8
oi as compras sao direto no site,5
tentar,10
me indica um calça caramelo ttamanho G?,1
cadê o rastreamentoo do #7280?,6
tem camisa verde no 44?,7
guarda,10
qualquer duvida ou questao estamos a disposicao obrigada por nos acompanhar equipe curadobia,5
vocaas irao vender oysho,8
mto obrigada,0
vamos falar sim super,8
tem blazer verde tamanho 40?,7
"prazo pro meu cep 06030-050, chega aaté essa semana?",12
sirvam,10
"quero um look minimalista para trabalho, uso GG",9
visto g qual tamanho seria quais cores tem tem a cala a tb,3
"quero um look moderno para trabalho, uso 38",9
brinco,10
bom dia beatriz tudo bem obrigada por ter entrado em contato conosco vamos te encaminhar uma mensagem pelo nosso whatsapp oficial edited,5
tem camisa vermelho tamanho P?,3
qual vestido combina com calça alfaiataria em bege?,1
alongue,10
tem vestido preto no 38?,11
"não serviu, consigo troccar?",2
tem saia verde tamanho PP?,7
na verdade eu ja assisti ao vadeo do casaco no site curadobia va rias vezes para tentar chegar a essa conclusa o mas na o consegui,8
dica de look para formatura com saia plissada bege,8
tem body verde no PP?,7
"prazo pro meu cep 04012-000, chega até 3 diaas úteis?",12
era pra ter chegado ontem,8
procuro saia plissada em vermelho,8
chico neto cd mare mar whatsapp <num> <url>,5
checkout ttravando aqui,5
na o tem mais numeraa a o <num>,3
tem body preto tamanho 40?,11
numero,10
"sou 40, às vezes pego 44; o body canelado segue a tabela certinha?",4
estamos estudando trazer essa categoria para o curadobia pora c m nada de imediato ainda mas muito legal saber do interesse assim que tivermos iremos te manter avisada,5
me indicca um jaqueta preto tamanho 38?,11
ola gisela essa sandalia a c da minha collab com a paula ferber,8
"meu pedido #3595 não atualiza, pode ver?",6
na o temos cupom de desconto no momento,5
veste pequeno ou grande? queria o calça alfaiataria em 40,1
me indica um vestido off-white tamaanho 44?,1
é linho? encolhe? como llavar?,8
"meu pedido #7253 não atualiza, pode ver?",6
gg,10
"tenho 96cm de busto e 124cm de quadril, qual tamanho do saia plissada vc indica?",3
boa tarde na pagina da regata podrinha cinza eu nao consigo ver as medidas dos tamanhos acima do g que sao justamente o que visto poderia me enviar essas medidas dos tamanhos gg e xgg por favor,3
"quero um loook moderno para casamento de dia, uso 36",9
tem saia verde tamanho 46?,7
posso pagar no pix/boleto? parccela?,2
tem body preto tamanho 42?,11
quero camisa verde 44,13
tem blazer linho preto PP?,8
que ai conseguimos encaminhar pro la as tratativas o que acha se puder esclarecer que seria algo mais voltado para o perfil pessoal da bia ou para o curadobia seria bacana entendermos tambem para encaminhar de forma mais assertiva sua mensagem,5
quero blazer verde 40,13
consigo falar com atendente?,2
quero jaqueta verde 38,13
ola eu encontro as medidas no site,5
"não servviu, consigo trocar?",2
uso 42 na parte de cima; o body canelado serviria?,4
pagamento recusado toda hora,2
obrigada pelo retorno,0
choker,10
eu nao recebi a confirmacao dessa compra,2
oiee bom dia,0
quero blazer verde GG,13
eu na o recebi a confirmaa a o dessa compra,5
ok obrigada,0
posso passar malha canelada? precisa cuidado esppecial?,2
ola rosangela boa tarde tudo bem estamos entrando em contato porque identificamos que ha um tempo vocaa demonstrou interesse nas rasteiras da bia que apareceram em um dos nossos reels agora eles esta o disponaveis no site do curadobia dd segue o link <url> obrigada por nos acompanhar rosangela qualquer daovida estamos a disposia a o equipe curadobia d,5
precisei sair correndo por um problema com minha filha que ja esta bem mas nem consegui me despedir obrigada queridas pelo convite,2
pergunta tem rastreio pra camisa de responsa resposta frete prazos e trocas,5
"quero um look street para trabalho, uso GG",9
milene perguntamos para a bia e ela te indicou comprar o tamanho <num> dessa jaqueta por voce nao estar acostumada a roupas oversized o que acha,1
obrigada por nos mandar e informar sobre essa situacao ja passamos para o nosso setor tecnico analisar essa situacao caso deseje podemos tirar duvidas e disponibilizar mais informacoes por aqui so nos solicitar estamos a disposicao para qualquer coisa,5
comprimento,10
pedimos desculpas pelo transtorno,0
todas,10
pagamentto recusado toda hora,2
tranquilo obrigada,0
ola silvana boa tarde tudo bem estamos entrando em contato porque identificamos que ha um tempo voce demonstrou interesse nas sapatilhas da bia que apareceram em um dos nossos reels agora eles estao disponiveis no site do curadobia segue o link <url> obrigada por nos acompanhar silvana qualquer duvida estamos a disposicao equipe curadobia,5
"prazo pro meu cep 04012-000, chega até amanhã?",12
"sou M, às vezes pego PP; o calça alfaiataria segue a tabela certinha?",3
dica de look para jantar com calça alfaiataria preto,1
procuro calça alfaiataria em caramelo,1
tem blazer linho azul marinho 36?,4
solicitamos a reposia a o para a paula ferber logo mais te atualizaremos sobre o estoque d deg,5
oi adriana isso ainda nao esta disponivel pois ele e um modelo exclusivo de sao paulo fashion week inclusive fomos semana passada prestigiar a marca reptilia nossa previsao e que esteja disponivel na proxima semana,5
aindda tem blazer linho em 40?,4
tem blazer preto tamanho PP?,11
diferenca,10
boa tarde milene td bem e vc esse macacao nesse tom infelizmente nao tera reposicao mas lancamos ontem o mesmo modelo em preto,8
tem vestido midi off-white 38?,4
quero camisa verde 42,13
obrigada a i,0
chega quando no 04567-010?,12
pergunta a camisa viajante ta em promocao resposta preco estoque e pagamento,1
oii o site curadobia esta fora do ar fui visitar atraves dos link da bio e nao funcionou bjs,5
obrigada por nos acompanhar d sigo aqui para o que vocaa precisar,0
sa <num> entrar no site ou aqui no nosso perfil que tem a selea a o completa,5
adorei obrigada vcs,0
acabamento,10
quero jaqueta verde 44,13
é linho? encolhe? como lavaar?,2
"quero um look minimalista para trabalho, uso 40",9
cade quero,10
"sou GG, às vezes pego PP; o body canelado segue a tabela certinha?",3
"meu pedido #7112 não atualiza, pode ver?",6
tem calça caramelo no 42?,4
persuasao,10
"sou 36, às vezes pego 46; o calça alfaiataria segue a tabela certinha?",4
alguem poderia entrar em contato comigo por e mail ou whatsapp o site de vcs parece que esta com problemas nao funciona direito nao,5
no e mail da nota fiscal nao tem nada,2
oi mari boa tarde ah que a <num> timo combinado enta o fico muito feliz que o conjunto tenha ficado bacana conta com a gente para o que precisar grande abraa o aproveite o final de semana torcendo para baixar um pouco a temperatura d,8
atemporal,10
tem body verde no 46?,7
oi danuza bom dia tudo bem pode nos informar por aqui a duvida ou se preferir uma comunicacao mais agil pode nos chamar no nosso whatsapp,5
casa,10
eu comprei a calca pantalona branca no dia <num> <num>,1
pergunta a calca cool fica justa no quadril resposta tamanho e medidas,3
iremos relana a la em outubro aqui no curadobia,5
mas temos varias opcoes qualquer coisa sigo aqui para te auxiliar,8
tem camisa preto no 36?,11
oi pri esta o entrando muitas marcas incraveis novas no curadobia pora c m a oysho na o a c uma delasd,8
"prazo pro meu cep 06030-050, chega até essa semana?",12
eu comprei a cala a pantalona branca no dia <num> <num>,1
checckout travando aqui,8
oi adriana bom dia como vai obrigada pelo seu interesse conosco estamos fazendo uma repaginaa a o no site e assim que voltarmos te mando o link do nosso conjunto que vocaa gostou d deg,5
ola tudo bem estou apaixonada por essa jaqueta bacanuda da foto o prea o de <num> pula pra setecentos e tanto na hora de comprar a isso mesmo entra um valor de comissa o na hora da compra,1
"prazo pro meu cep 04567-010, chega até essa semana?",12
cadê o rastreamento do #40086?,6
o tom certo e o que esta no site os stories que a bia postou hoje modificaram um pouco o tom,8
tem camisa preto no M?,11
tem body verde no 36?,7
natural,10
pergunta com que sapato usar a regata pregas jersey resposta combinacoes e ocasioes,3
estou com duvidas sobre o tamanho da saia unica visto <num> mas as medidas no quadro de tamanhos parecem grandes mas existe a informacao de que o tamanho <num> corresponde ao <num>,3
qual camisa combina com body canelado em off-white?,1
as,10
qual shorts combina com vestido midi em off-white?,1
qualquer daovida ou questa o estamos a disposia a o obrigada por nos acompanhar equipe curadobia d,5
ola katia tudo bem,8
decote,10
oi quanto custa a blusa modernosa tem gg,1
venho com boas notacias o conjunto que vocaa se interessou acabou de subir no site com pouquassimas unidades,5
procuro saia plissada em caramelo,8
faz em 3x sem juuros?,3
ola bom dia me chamo anelisa e gostaria de confirmar se meu pedido foi realizado nao sei se esse e o canal mais adequado para essa solicitacao mas como nao achei no site um campo para falar com voces decidi vir aqui fiz essa compra ontem pelo site e logo depois de finalizar apareceu uma mensagem dizendo que o pagamento nao estava confirmado no entanto no site diz que o pagamento foi efetuado e nao recebi nenhuma mensagem do banco dizendo que o pagamento foi negado alem disso tambem nao recebi um e mail com os dados do pedido muito obrigada desde ja,5
"sou GG, às vezes pego 46; o vestido midi segue a tabela certinha?",4
outra daovida a c sobre o tom certinho dessa jaqueta no site achei que estava num tom diferente dos stories,1
deixa eu tirar outra duvida vc faz consultoria de imagem estilo tb se sim como funciona,8
qual jaqueta combina com calça alfaiataria em azul marinho?,1
com relaa a o a cala a na <num> s temos essas duas opa aues que penso que vc pode gostar,8
essa conta na o pode receber sua mensagem porque na o aceita novas solicitaa aues de contato de todos,5
pora c m a c interessante frisar que a modelagem da cala a a c uma cintura no lugar nem cintura baixa e nem cintura alta,3
vou seguir,8
tem vestido verde tamanho P?,7
queridinha,10
bia tudo bem tenho uma festa bem legal e o traje e black and white pensei na blusa pah mas queria saber se o tecido fica vistoso e se voce recomenda alguma calca mais festa para combinar beijos julie,1
pergunta a camisa de responsa combina com jeans resposta combinacoes e ocasioes,1
cadê o rastreamento do #6236?,6
ola como tirar daovidas de tamanho da pea a,8
muito obrigada elas entraram em contato comigo realmente a sanda lia a c linda mas infelizmente fico um pouco fora pra mim,5
que vestido posso usar com camisa de viscose? quero algo clássico,1
legal mto obrigada d,0
macacaues com mangas,8
ola alessandra boa tarde tudo bem estamos entrando em contato porque identificamos que ha um tempo vocaa demonstrou interesse nas sanda lias da bia que apareceram em um dos nossos reels agora eles esta o disponaveis no site do curadobia dd segue o link <url> obrigada por nos acompanhar alessandra qualquer daovida estamos a disposia a o equipe curadobia d,5
"veio com defeito, comoo faço a devolução?",2
ainda ttem blazer linho em M?,8
inventadas,10
prateleira,10
uso G na parte de cima; o camisa de viscose serviria?,1
ola sou o gerente de vendas da pg game platform quero falar com voce sobre parcerias nossa plataforma foi licenciada conjuntamente pelo governo federal brasileiro e pelo governo de curacao em outubro voce pode se juntar a nos e lhe daremos altas comissoes entre em contato comigo pelo whatsapp <num>,5
ops a c a blusa pah,10
diferente,10
qual o endereco,10
o produto a c lindo apesar de ter ficando um pouco grande,3
tem camisa de viscose off-white P?,1
oi karyna bom dia tudo bem vamos verificar,0
ola pati boa tarde tudo bem estamos entrando em contato porque identificamos que ha um tempo voce demonstrou interesse nas sandalias da bia que apareceram em um dos nossos reels agora eles estao disponiveis no site do curadobia segue o link <url> obrigada por nos acompanhar patricia qualquer duvida estamos a disposicao equipe curadobia,5
temos o video nos nossos stories de hoje com a bia usando ela de uma olhada,8
essa modelagem é mais enxuta? o calça alfaiataria veste grande?,1
tem blazer verde no 36?,7
uma coisa de lindo,8
tem jaqueta preto tamanho P?,11
como a c o processo da troca,2
os bodys da revival sa o excelentes pea as neutras e ba sicas para ter no arma rio e possuem uma ampla grade de tamanhos <url> ala c m disso temos nossos acessa <num> rios <url> bolsas <url> e sapatos <url>,8
inclusive muito obrigada pela solicitaa a o pois em funa a o dela estamos criando esse maas um destaque aqui no insta trazendo e salvando vadeos mostrando essa a c mais outras pea as que podem gerar daovidas,5
isso e curadobia hein,8
obrigada pela presenca renata vai arrasar demais com o conjuntinho mascavo nosso intimo terracota,8
tem jaqueta preto tamanho 42?,11
bom dia beatriz tudo bem obrigada por ter entrado em contato conosco vamos entrar em contato com voce pelo nosso whatsapp oficial,5
alfaiataria,10
ola tudo bem sobre qual funcionamento deseja saber,8
vai ter reposicao dessa calca,8
"sou 38, às vezes pego 46; o camisa de viscose segue a tabela certinha?",4
tem loja físiica/endereço?,5
"meu pedido #2075 não atualiza, pode ver?",6
obrigada pelo retorno vou acompanhar enta o beijo beijo d d,0
"sou 44, às vezes pego P; o saia plissada segue a tabela certinha?",4
karyna estoque atualizado,5
pergunta da pra parcelar a saia tech sem juros resposta preco estoque e pagamento,2
checkout travando aaqui,5
cadê o rastreamento do #1920?,8
outra duvida e sobre o tom certinho dessa jaqueta no site achei que estava num tom diferente dos stories,1
"quero um look moderno para happy hour, uso 44",9
ola bom dia denize tudo bem estamos repondo o estoque da nossa calca quentinha e por isso ela esta temporariamente indisponivel no nosso site assim que ela retornar te avisamos estamos a disposicao para qualquer duvida obrigada por ter entrado em contato conosco,5
tem body caramelo no 44?,4
"veio com defeeito, como faço a devolução?",2
vamos pensar no q podemos fazer juntasdodo,8
como uma cratica construtiva vcs deveriam mandar um e mail para confirmar o pedido compro bastante on line e sempre vem o e mail do status do pedido o cliente fica mais seguro da compra,5
pergunta a calca cool tem frete gratis resposta frete prazos e trocas,2
tudo,10
"sou GG, às vezes pego 38; o vestido midi segue a tabela certinha?",4
porem teremos em dezembro um evento presencial para trazer as pecas ao vivo para quem quiser conhecer pessoalmente essa curadobia incrivel feita pela bia,5
faz em 3x sem juross?,2
valor do frete pro 045677-010?,12
carrinho não abrre no celular,2
posso passarr malha canelada? precisa cuidado especial?,2
posso paassar malha canelada? precisa cuidado especial?,2
"sou M, às vezes pego 42; o body canelado segue a tabela certinha?",4
perfeito ja passei pro pessoal realizar a correa a o obrigada pelo feedback,0
tem vestido midi verde GG?,7
posso paassar viscose? precisa cuidado especial?,2
segue o link dele qualquer duvida ou questao estamos a disposicao obrigada por nos acompanhar equipe curadobia,5
oi mari bom dia tudo bem infelizmente essa cala a na o teremos mais reposia a o no curadobia mas estamos com diversas novidades no site qualquer coisa sigo aqui para o que vocaa precisar,5
tem loja física/endereço?,5
bom dia maria luiza que bacana que se interessou por essa cala a ela a c muito especial mesmo o valor r <num> <num> caso tenha mais alguma duvida na o deixe de nos constatar equipe curadobia a,8
é malha canelada? encolhe? ccomo lavar?,2
posso passar algodão? precisa cuidado especial?,2
"não serviiu, consigo trocar?",2
salaio sent an attachment,5
ah que otimo monica deve ter ficado incrivel com toda a sua bossa,8
posso passar malha canelada? precisa cuidaado especial?,2
quero camisa preto 44,1
pergunta posso indicar a bolsa anda sozinha pra alguem resposta extras e institucional,5
a modelagem e grande pode ser tam <num>,3
obrigada pelo interesse aguardamos voces,0
qualquer coisa seguimos a disposicao por aqui ok,8
procuro body canelado em preto,11
obrigada pelo prestagio d d,0
"não serviu, coonsigo trocar?",2
obrigada pelo retorno namoro o modelo gladiador me lembro dele mas quando fui procurar ja na o tinha mais d,8
tem body preto tamanho P?,11
"quero um look casual para trabalho, uso 40",9
oi tatiana tudo bem infelizmente nao temos o cupom,2
ja comprei <num> pecas da curadobia,8
pagamento recusado todaa hora,2
ola kari bom dia tudo bem,0
ola anna bom dia seu produto vou enviado dia <num> <num> vocaa consegue acompanhar tudo pelo codigo de rastreio abaixo,5
dica de look para jantar com camisa de viscose off-white,1
pergunta a regata pregas jersey tem desconto a vista resposta preco estoque e pagamento,2
tem jaqueta verde tamanho 38?,7
tem telefone/whatsapp dee alguém?,5
bom dia a obrigada dd>>,0
ola karyna tudo bem obrigada por ter entrado em contato conosco,0
tem body preto tamaanho 38?,4
faz eem 3x sem juros?,2
carrinho não abre no celulaar,2
"prazo pro meu cep 05010-020, chega até sexta?",12
ola pessoal como vao meu nome e ana e trabalho junto com a bia paes de barros no curadobia com br o curadobia e um marketplace que nasceu com o proposito de reunir em um so lugar pecas que fazem toda a diferenca no armario e ao mesmo tempo sao faceis de usar os chamados neutros com tcharanz acreditamos que a argi super se conecta com essa proposta com quem poderia conversar para falar mais sobre aguardo voces,5
tem jaqueta preto tamanho 40?,11
tem body preto no 44?,4
e o pedido <num>,5
obrigada ata c la,0
pergunta a trench facil tem forro interno resposta modelagem e tecido,3
tem vestido verde no 42?,7
bom dia julienne o que achou da nossa selecao edited,8
dica de look para happy hourr com camisa de viscose preto,8
oi claudia que mensagem boa ficamos felizes de voce gostar dos nossos produtos vou confirmar sua compra e te aviso,5
quero saia verde P,13
pora c m teremos em dezembro um evento presencial para trazer as pea as ao vivo para quem quiser conhecer pessoalmente essa curadobia incravel feita pela bia,5
no e mail da nota fiscal na o tem nada,2
tem body preto no 38?,4
"meu pedido #9759 não atualiza, pode ver?",6
ola carol td bem e vc pode nos enviar para contato curadobia <user> com,5
mantem,10
uso 38 na parte de cima; o calça alfaiataria serviria?,1
tem loja ffísica/endereço?,5
poderosao,10
ah que otimo monica esperamos que aproveite muito ela e se quiser compartilhar com a gente os looks que criar com ela vamos amar ver,8
obrigada pela presena a stella,0
"tenho 110cm de busto e 100cm de quuadril, qual tamanho do saia plissada vc indica?",3
link da cala a por gentileza,8
tem,10
vc poderia checar se houve algum problema com os correios de sa o paulo pois nem chegou no correio de curitiba,2
vou olhar,8
pedimos desculpas pelo ocorrido e pode ter certeza que isso servira para aprimorarmos nosso atendimento e nao deixar que situacoes como essa ocorram novamente agradeco sua compreensao e nos disponibilizamos para auxiliar da melhor forma possivel sobre ter ficado um pouco grande o body nos informe se desejar efetuar troca que ja posso agilizar junto a marca essa solicitacao,5
tem body preto tamanho M?,11
obrigada pelo interesse d aguardamos vocaas,0
quero camisa verde 40,13
quero jaqueta verde 46,13
tem camisa verde no 38?,7
quero body verde 46,13
dica de look para jantar com camisa de viscose preto,8
"quero um look romântico para ttrabalho, uso PP",9
seria,10
colar,10
paguei sedex porque estou indo hoje pra londres e queria levar o body,2
quero shorts vermelho 40,1
entrega devolucao,2
veste,10
"tenho 96cm de busto e 130cm de quadril, qual tamanho do calça alfaiataria vc indica?",3
todas as pecas da mybasic e da lounge <num> possuem uma ampla grade <url> <url> os produtos da cecilia possuem uma modelagem mais ampla <url> alguns dos produtos da nauanin chegam ate a numeracao xxgg equivalendo a um <num> <url>,3
tipo,10
pergunta consigo devolver a regata pregas jersey se nao servir resposta frete prazos e trocas,2
com relacao a calca nos temos essas duas opcoes que penso que vc pode gostar,8
dica de look para jantar com camisa de viscose preeto,1
lindas,10
tem vestido midi azul marinho 38?,4
me indica um jaqueta verde tamanho 42?,7
deu certo sim obrigada,0
tem camisa verde no M?,7
pergunta o tecido da blusa molona esquenta resposta modelagem e tecido,1
"quero um llook clássico para formatura, uso 44",9
obrigada pela presenca ju amamos te receber e te atender,0
tem body verde no 40?,7
perfeito ja passei pro pessoal realizar a correcao obrigada pelo feedback,0
vc teria alguma informacao sobre a minha encomenda,5
quero saia caramelo G,8
veste pequeno ou grande? queria o blazer linho em 42,1
pergunta a saia acinturante combina com jeans resposta combinacoes e ocasioes,1
endereco,10
que shorts posso usar com blazer linho? querro algo minimalista,1
muito obrigada elas entraram em contato comigo realmente a sandalia e linda mas infelizmente fico um pouco fora pra mim,8
posso paagar no pix/boleto? parcela?,8
tem body preto no 46?,4
dica de look para formatura com body canelado caramelo,8
"quero um look românticco para casamento de dia, uso M",9
eu estou vendo mesmo que esta demorando mas super obrigada bom final de semana brenda,0
voltando,10
tem saia verde tamanho 40?,7
vista,10
tem link? como comproo?,5
estou tentando contato para devolucao de mercadoria e ninguem me atende nem por whatsapp e nem e mail comprei um vestido que quero devolver como devo proceder cristina hees <num> <num>,5
oi gabriela tudo bem ana aqui do time do curadobia estavamos passando por algumas instabilidades mas acredito que agora ja esta tudo resolvido te encaminho aqui o site para ficar mais facil o acesso,5
essa gladiadora qual o naomero tem <num>,8
tem body verde tamanho 46?,7
me indica um vestido caramelo taamanho GG?,1
que legal vai ajudar muito,8
"veio ccom defeito, como faço a devolução?",2
oi bia tudo bem me chamo alice sou socia da monti uma marca de moda que preza por estilo atemporal e pecas de qualidade estamos buscando consultoras de imagem parceiras para recomendar nossas pecas aos seus clientes e pensei que poderiamos criar algo bem legal juntas o que acha de agendarmos um papo para te contar mais sobre a nossa historia e a ideia de parceria fico no aguardo,5
posso passarr linho? precisa cuidado especial?,2
checkout travando aqui,5
estilo,10
veste peqqueno ou grande? queria o saia plissada em P,1
que calça posso usar com camisa de viscose? quero algo romântico,1
"perfeiito, obrigada!",0
grandao,10
gabriela entendo sua frustracao e e completamente justificada de fato a marca informou ter tido um pequeno problema de producao que nao devera mais ocorrer e por isso acabou enviando atrasado seu pedido sobre o meio de contato estamos providenciando um numero para atendimento whatsapp por hora estamos apenas com o e mail mas muito em breve ja deixaremos essa opcao mais facil para solucao de qualquer problema,5
obrigada beijinhos,0
corpo,10
quero comprar mas preciso saber se ela cala a certinho o naomero do cala o o naomero <num> devo comprar o mesmo,5
quero body verde 40,13
enviado obrigada ate segunda,0
anda,10
veste pequeno ou grande? queria o body canelado em PP,3
"sou 36, às vezes pego 36; o blazer linho segue a tabela certinha?",4
"tenho 92cm de busto e 130cm de quadril, qual tamanho do calça alfaiataria vc indica?",3
oi maria tudo bem bom dia nosso evento e exclusivo para nossas clientes conhecerem o mix de perto e ocorre duas vezes ao ano o proximo sera em novembro te esperamos,5
posso passar viscose? precisa cuidado especial?,2
"quero um look street para formatura, uso 38",9
quero vestido preto G,11
venho com boas noticias o conjunto que voce se interessou acabou de subir no site com pouquissimas unidades,5
pergunta aceitam pix pra calca saruel silvia resposta preco estoque e pagamento,2
"veio com defeito, como faço a devolução?",2
pergunta a bolsa anda sozinha tem desconto a vista resposta preco estoque e pagamento,2
ola por favor algum retorno,8
veste pequeno ou grande? queria o camisa de viscose em M,1
tem vestido verde no 46?,7
quero jaqueta verde 40,13
nas,10
mas ficou granded<<,8
tem saia verde tamanho 44?,7
tem body verde no 38?,7
"prazo pro meu cep 04567-0110, chega até sexta?",12
tem shorts vermelho no 40?,4
chega quando no 04012-000?,12
oi,10
perfeito fico no aguardo abraco,8
tem blazer preto no GG?,8
bom dia mariella td bem que tamanho voce costuma usar de parte de cima camisas em especial,1
tem body azul marinho tamanho G?,3
legal obrigada,0
elaine para o tamanho <num> na <num> s indicamos o tamanho <num> da saia,3
"meu pedido #3967 não atualiza, pode ver?",6
"prazo pro meu cep 04567-010, chega até sexta?",12
bom dia sou a gianina marques mineira mae e autora de joias artesanais gostaria de deixar meu insta para vcs conhecerem minhas joias feita com carinho e totalmente exclusiva aguardo o retorno de vcs q tem tanto conhecimento na area desde ja obrigada <user>,8
usar,10
consigo falar com atendentee?,2
"quero um look minimalista para trabalho, uso G",9
tem blazer preto tamanho 42?,11
"não serviu, cconsigo trocar?",2
logo mais te passo novas informaa aues,8
toda,10
tem tabela de medidas do calça alfaiataria?,3
plataforma,10
obrigada pela presenca heartshearts,0
chega quando no 05010-020?,12
pergunta a saia tech amassa facil resposta modelagem e tecido,3
tem saia preto tamanho M?,11
tem camisa verde tamanho M?,7
"sou 46, às vezes pego 36; o body canelado segue a tabela certinha?",4
quero vestido verde 38,13
valor <num>,10
tem telefone/whatssapp de alguém?,5
é linho? encolhe? como lavar?,2
dica de look para aniversáário com camisa de viscose vermelho,8
por nada,10
quero jaqueta verde P,13
obrigada pela presena a ju amamos te receber e te atender d d,0
modelagem,10
faz em 3x semm juros?,8
muito obrigada legal que sou do mesmo tamanho que ela,0
camisas,1
tem telefone/whatsapp de aalguém?,5
a modelagem a c grande pode ser tam <num>,3
gostei do conjunto mas nao vi no site,5
certa,10
medidas,10
adoro,0
tem blazer preto no G?,8
gabriela entendo sua frustraa a o e a c completamente justificada de fato a marca informou ter tido um pequeno problema de produa a o que na o devera mais ocorrer e por isso acabou enviando atrasado seu pedido sobre o meio de contato estamos providenciando um naomero para atendimento whatsapp por hora estamos apenas com o e mail mas muito em breve ja deixaremos essa opa a o mais fa cil para solua a o de qualquer problema,5
categoria,10
que aa ja envio um invite,0
"não serviu, consigo trocar?",2
oi bia tudo bem adorei a <user> o nome ficou demais e claro ja fui olhar as pecas nao localizei tabela de medidas porem pelo tamanho das pecas que vc veste o g provavelmente nao vai caber em mim uso <num> <num> a depender da confeccao pense com carinho em fazer uma curadoria para tamanhos normais desejo muito sucesso nessa nova empreitada que deus te abencoe bjos,3
o site esta passando por problemas,5
quanto ta essa blusa,8
que shorts posso usar com saia plissada? quero algo clássico,1
aqui o link com todos os acessorios,5
bia eu terminei de subir os produtos pora c m acho que esta com um delay amanha vou ver se terminou de atualizar na plataforma ta tudo certinho <num> categorias que criei com todo produtos descria a o vadeos etc,5
"prazo pro meu cep 06030-050, chega até 3 dias úteis?",12
ok entendi obrigada pelo retorno um abraa o,0
ola tudo bem que bom receber sua mensagem meu nome e ana e sou do time curadobia com relacao a sua duvida conversei com a propria bia e ela nos informou que volumes tambem podem funcionar para quem esta um pouco acima desde que tenha um pouco de pele de fora para trazer leveza,5
"meu pedido #1500 não atualiza, poode ver?",6
"meu pedido #38846 não atualiza, pode ver?",6
tem body off-white tamanho P?,3
"muito obrrigada, ajudou",8
quero vesttido preto GG,1
qualquer duvida pode tambem nos conectar pelo whatsapp,5
procuro blazer linho em caramello,8
pergunta quem faz a trench facil resposta extras e institucional,2
procuro body canelado em caramelo,8
voce nao recebeu essa mensagem,2
quero blazer preto 46,4
somos uma produtora de audio visual e achamos que seria interessante apresentar o nosso trabalho e portifolio,5
oie essa cala a vai ter reposia a o na curadoria,8
ola renata bom dia que bom receber mensagem tua me chamo ana e faa o parte do time curadobia nesse lindo look da bia na <num> s temos somente a blusa disponavel no curadobia aoi,8
qual saia combina com blazer linho em bege?,8
ela,10
pergunta a calca cool vai bem com bota resposta combinacoes e ocasioes,8
tem saia preto tamanho G?,11
cadê o rastreamento do #4262?,6
pergunta a saia acinturante e oversized ou normal resposta tamanho e medidas,3
tem saia plissada off-white M?,3
cadê o rastreamento do #1813?,6
tem jaqueta preto no 46?,4
estamos entrando em contato porque identificamos que ha um tempo vocaa demonstrou interesse nas sanda lias da bia que apareceram em um dos nossos reels agora eles esta o disponaveis no site do curadobia dd o link clica vel segue na pra <num> xima mensagem obrigada por nos acompanhar katia qualquer daovida estamos a disposia a o equipe curadobia d,5
vou te encaminhar o link <url>,5
sim obrigada,0
ele,10
lenco,10
cadê o rastreamento do #1885?,6
dica de look para trabalho com vestido midi azul marinho,8
tem sim a cala a,8
tem saia preto no GG?,8
pergunta a camisa de responsa e slow fashion resposta extras e institucional,1
tudo bem bia gostaria muito de saber se nesta sua plataforma vc assiste aos clientes em encontrar produtos lojas etc,5
veste pequeno ou grande? queria o body canelado em 46,4
qualquer duvida nos avise ok,8
"meu pedido #3250 não atualiza, pode ver?",6
"perfeito, obrigada!",0
aqui a c a ana do time curadobia,8
tem blazer verde no 44?,7
obrigada pelo feedback maria,0
valeu demais,8
ahhh bom entendi errado entao achei que estava na serra espero que abra o tempo e fiquei um lindo final de semana,8
pergunta da pra trocar a calca saruel silvia por outro tamanho resposta frete prazos e trocas,3
mas tmb lancarei um programa online de estilo pessoal que podera ser baixado por aqui tmb,5
quero blazer preto M,8
pergunta tem estoque da saia acinturante no tamanho m resposta preco estoque e pagamento,3
tem vestido midii verde 38?,7
quero saia preto 46,4
cadê o rastreamento do #6713?,6
obrigada pelo prestigio foi incrivel te ter de pertinho hoje,0
armario,10
construcao,10
"sou 36, às vezes pego 42; o saia plissada segue a tabela certinha?",4
amoooo suas rasteiras na o sa o da sua lj mas poderia indicar aonde taam aquela custo benefacio,8
"quero um look casual para trabalho, uso 42",9
que calça posso usar com camisa de viscose? quero algo clássico,1
veste pequeno ou grande? queria o blazer linho em 44,4
"meu pedido #1930 não atualiza, pode ver?",6
caso nao fique com como funciona a troca,2
qualquer duvida pode tamba c m nos conectar pelo whatsapp d,5
amooo,10
dica de look para aniversário com vestido midi caramelo,8
estou tentando contato para devolua a o de mercadoria e ningua c m me atende nem por whatsapp e nem e mail comprei um vestido que quero devolver como devo proceder cristina hees <num> <num>,5
enfim por muito pouco na o me atende,2
tem saia preto no 42?,4
obrigada por nos acompanhar sigo aqui para o que voce precisar,0
oi anne bom dia tudo bem aqui a c a ana do time curadobia a bia nos informou que vocaa se interessou pela nossa bolsa molona mas que infelizmente ela esta indisponavel no site,5
bom dia adriana como vocaa esta,0
emails,10
"quero um look romântico para trabalho, uso 36",9
tem saia verde no M?,7
visto g qual tamanho seria quais cores tem tem a calca tb,3
uso GG na parte de cima; o saia plissada serviria?,3
nos seguimos acompanhando todo o processo ate sua finalizacao,5
compro,10
o que acha dessas opcoes,8
ola maria luiza td bem obrigada pelo seu interesse a sandalia a c feita de um material ela stico que parece um neoprene para trazer conforto e se moldar nos pa c s d,8
qual body combina com camisa de viscose em azul marinho?,1
procuro saia plissada em bege,8
link compartilhado,5
chic,10
pergunta consigo devolver a bolsa anda sozinha se nao servir resposta frete prazos e trocas,2
ola pessoal tudo bem sou a lala cunha <user> e vim contar um pouco sobre o <user> estamos em sp e fazemos fotografia vadeos em formato reels direa a o de arte e styling para marcas de acordo com a sua necessidade fazemos trabalhos exclusivos para as marcas e em breve final de mara o tamba c m faremos o nosso pra <num> ximo shooting collab uma dia ria criada para incluir va rias marcas que taam produtos a serem fotografados necessitam de um material de qualidade mas que na o querem ter um alto valor de investimento nisso o proximo collab sera em uma locaa a o linda e as modelos foram escolhidas a dedo e acho que combina muito com a marca de voces abaixo mando mais infos vamos conversar sobre essas possibilidades fico aqui a disposia a o abraa os lala <num> <num>,5
quero body preto M,3
tem jaqueta verde no 46?,7
fui olhar para comprar o tamanho <num> dessa calca porem a largura da cintura e do quadril eh a mesma <num>,3
tem body verde tamanho 40?,7
bia td bom nao estou conseguindo finalizar a compra da regata podrinha coloquei os dados do cartao e no campo cvv eu ponho os numeros mas o sistema ignora que eu coloquei tentei varias vezes acho que esta com problema,2
oi clau tudo bem bom dia aqui a c a ana da equipe do curadobia vimos que vocaa se interessou pelo macaca o no video da bia mas na a c poca ele ainda estava em lana amento boa notacia agora esta disponavel d segue o link abaixo para que vocaa possa dar uma olhada,8
<num> <num> <num> <num>,10
gostaria de saber o tamanho da cintura dessa calca no tamanho m,3
tem loja física/endeereço?,5
calor,10
quero camisa preto 40,1
cadê o rastreamentto do #3112?,6
procuro vvestido midi em caramelo,8
precisa,10
com quem falo b,8
é viscose? encolhe? como lavar?,2
cadê o rastreamento do #5764?,6
carrinho não abre no ccelular,2
e so clicar nessa mensagem com a imagem que lhe mandei qualquer outra questao pode nos contatar estamos a disposicao equipe curadobia,5
dica de look para aniversário com body canelado off-white,8
ola como tirar duvidas de tamanho da peca,8
pergunta voces tem loja fisica pra ver a saia tech resposta extras e institucional,5
procuro calça alfaiataria em azul maarinho,1
tem loja física/enndereço?,5
p <num>,10
mto obrigada msm,0
ola boa tarde silvana tudo bem obrigada pela sua mensagem a nossa pantalona jeans esta saindo por r <num> <num> qualquer coisa estamos aqui,8
carrinho não abre no celular,2
obg!!,10
"muito obrigadaa, ajudou",0
obrigada ate la,0
meu nome e ana sigo aqui para o que precisar,8
nao vou trocar vou tentar reduzir o gancho,2
tem telefone/whatsapp de alguuém?,5
ok muito obrigada,0
na o vou trocar vou tentar reduzir o gancho,8
so entrar no site ou aqui no nosso perfil que tem a selecao completa,5
é algodãoo? encolhe? como lavar?,2
tem blazer verde tamanho G?,7
amoooo suas rasteiras nao sao da sua lj mas poderia indicar aonde tem aquela custo beneficio,8
ainda hj vou efetuar a compra da calca,8
dica de look para aniversário com body canelado verde,8
"quero um look minimalista para trabalho, uso PP",9
checkout traavando aqui,5
perfeito gla <num> ria ja colocamos aqui na nossa lista e vamos te informar quando estiver mais pra <num> ximo da data,5
chega quando no 06030-050?,12
praticamos sempre o mesmo valor das marcas o que entrara de extra sera o valor do frete que a c calculado automaticamente se tiver mais alguma daovida nos avise ok,5
dos,10
cheeckout travando aqui,8
qual seu e mail que ai envio um invite,5
procuro camisa de viscoose em azul marinho,1
tem camisa verde tamanho GG?,7
pedimos desculpas pelo ocorrido e pode ter certeza que isso servira para aprimorarmos nosso atendimento e na o deixar que situaa aues como essa ocorram novamente agradea o sua compreensa o e nos disponibilizamos para auxiliar da melhor forma possavel sobre ter ficado um pouco grande o body nos informe se desejar efetuar troca que ja posso agilizar junto a marca essa solicitaa a o,5
segue o link da jaqueta <url>,5
tem vestido verde tamanho PP?,7
quero body verde G,13
otimo me avise por favor um abraco e obrigada,0
tem saia verde tamanho GG?,7
agradea o o feedback,0
nao gosto de nada apertado mas essa blusa tem um shane mais ajustado dai fiquei na duvida,1
quero saia verde 38,13
que jaqueta posso usar com camisa de viscose? quero algo romântico,1
ola tentei fazer uma compra e apos entrar com os dados do cartao e senha vem a seguinte tela,5
posso passar linho? prrecisa cuidado especial?,2
quero blazer verde 46,13
"sou G, às vezes pego GG; o saia plissada segue a tabela certinha?",3
que blazer posso usar com vestido midi? quero algo romântico,1
toque em continuar para aceitar ou recusar o pedido,2
quero vestido preto 46,4
bom dia gostei da calca vai ter no site obrigada,0
pergunta quem faz a calca saruel silvia resposta extras e institucional,8
tem calça alfaiataria off-white G?,1
continuidade,10
cadê o rastreamento do #9700?,6
dica de look para casamento de dia com bodyy canelado bege,8
tem sim a calca,8
oi sandra tudo bem passando aqui para te avisar que o jeans preto que voce se interessou no nosso reels um tempinho atras esta disponivel,1
"tenho 104cm de busto e 112cm de quadril, qual tamanho do body canelado vc indica?",3
tem saia preto no 40?,4
cadê o rastreamento do #7857?,6
posso passar malha canelada? precisa cuidado especial?,2
ola boa tarde infelizmente na o enviamos para fora do pais mas aceitamos cartaues internacionais com entrega em todo o brasil d,5
ja to seguindo,8
me inddica um camisa off-white tamanho 38?,1
tem body preto tamanho 44?,11
brenda sent an attachment,5
quero saia preto P,8
consigo falar com ateendente?,2
oi gabriela tudo bem vi que voce conseguiu acessar o nosso site e realizou seu pedido certo eles ja estao em separacao e logo mais estarao contigo qualquer coisa sigo aqui para te ajudar,5
mas pode ficar tranquila que assim que lana armos a terceira pea a que vocaa gostou vou te mandar por aqui tudo bem na o deixe de garantir suas pea as da lounge a tempod,8
evelyn obrigada pelo interesse para parcerias com o curadobia peco que envie apresentacoes para o nosso email contato curadobia <user> com e seguimos com as tratativas por la que fica mais facil e para interesses de parcerias diretamente com a bia e preciso entrar em contato diretamente com ela pelo email biapaesdebarros <user> com,5
qual o preco,8
enfim por muito pouco nao me atende,2
pergunta a saia tech tem frete gratis resposta frete prazos e trocas,2
"não serviu, consiggo trocar?",2
muito,10
tem calça off-whiite tamanho PP?,1
pergunta,10
facil,10
quero jaqueta verde M,13
"quero um look moderno para casamento de dia, uso PP",9
quero camisa preto P,1
valor do frete proo 01455-022?,12
quero blazer verde 42,13
ta de olho faz tempooo,8
pergunta tenho duvida no tamanho da blusa molona qual voce recomenda resposta tamanho e medidas,3
tem blazer preto tamanho G?,11
oi daniela que bacana muito obrigada por acompanharem e curtirem meu trabalho,0
pergunta da pra parcelar a calca cool sem juros resposta preco estoque e pagamento,2
tem blazer preto tamanho 36?,11
bom dia gostei da cala a vai ter no site obrigada,0
pergunta voces tem loja fisica pra ver a calca cool resposta extras e institucional,5
ola bom dia infelizmente essa cala a tamba c m saiu do nosso mix estamos com novos produtos e novas marcas entrando no curadobia esperamos que goste qualquer coisa sigo aquid,8
ok muito obrigada d,0
me indica um camisa veerde tamanho P?,3
tem shorts vermelho tamanho 46?,1
quero body verde GG,13
posso passar algodãão? precisa cuidado especial?,2
quero vestido preto P,11
quero saia verde G,13
ola que bom que vocaa se interessou por na <num> s muito bom receber tua mensagem joana infelizmente essa cala a na o esta no curadobia e a c acervo pessoal da bia mesmod esse video tem a finalidade de apresentar as nossas camisas d esperamos que goste,8
tem camisa preto tamanho M?,11
com relacao a previsao de entrega por conta dessa questao na plataforma as marcas tambem nao receberam a notificacao do pedido e por isso ira acabar atrasando um pouco a sua compra mas nos tambem ja entramos em contato com a stella bastos sobre a sua compra e logo mais ela estara com voce desculpa pelo ocorrido qualquer coisa nos avise obrigada por ser nossa cliente equipe curadobia,5
milene perguntamos para a bia e ela te indicou comprar o tamanho <num> dessa jaqueta por vocaa na o estar acostumada a roupas oversized o que acha d,1
nao,10
ainda tem calça alfaiataria em M?,1
quero blazer verde 36,13
tem vestido midi off-white G?,1
obrigada pela presenca livia,0
tem saia preto no 36?,4
como falo com algua c m daa,8
tem link? ccomo compro?,5
bia eu terminei de subir os produtos porem acho que esta com um delay amanha vou ver se terminou de atualizar na plataforma ta tudo certinho <num> categorias que criei com todo produtos descricao videos etc,5
eu quero sim mas vc poderia me enviar a foto do modelo so pra eu confirmar,8
tem lojaa física/endereço?,5
quero body preto G,3
gostaria de saber qual a altura e medidas da bia pra entender melhor o tamanho de referaancia,3
pergunta da pra trocar a trench facil por outro tamanho resposta frete prazos e trocas,2
"prazo pro meu cep 05010-020, chega até 3 dias úteis?",12
combine,10
ola tudo bem meu nome e leonardo trabalho na importadora <user> <user> vi o instagram da marca e voces tem o perfil lulitex muito sofisticacao e bom gosto trabalhamos com pronta entrega e importacao de tecidos exclusivos de acordo com a demanda do cliente nosso showroom tem um acervo enorme sera um prazer recebe los em uma visita poderia me passar o contato do estilo ou compras desde ja agradeco a atencao att leonardo jose e mail leonardo <user> com br pabx <num> <num> <num> <num> whatsapp <num> <num> <num> <num> www lulitex com br,5
tem body preto no 42?,4
tem body verde tamanho 42?,7
tem vestido verde no 38?,7
tem camisa verde tamanho 42?,7
"meu pedido #6134 não atualiza, pode ver?",6
justinho,10
procuro body canelado em vermelho,3
bia tudo bem tenho uma festa bem legal e o traje a c black and white pensei na blusa pah mas queria saber se o tecido fica vistoso e se vocaa recomenda alguma cala a mais festa para combinar beijos julie,1
ok obrigada d,0
ola emilia boa noite tudo bem agradecemos demais o feedback e pode ter certeza que uma das preocupaa aues que estamos tendo a c seguir na busca por marcas que tragam opa aues e grades que representam o maior naomero de corpos possavel sobre a tabela de medida estamos buscando ajustar obrigada por nos informar e seguiremos aprimorando cada vez mais bjos d,5
ola tudo bem e com vcs vi que vcs enviaram um e mail para na <num> s vou responder vcs por la ok um beijo e muito obrigada pelo contato < <num>,5
ola obrigada qual a previsa o de entrega,0
amanda nosso pessoal tecnico pediu se possivel se cadastrar atraves desse link,5
"prazo pro meu cep 01255-022, chega até essa semana?",12
"prazo pro meu cep 01455-022, chega até essa semana?",12
ate segunda,8
tem body caneelado vermelho 40?,4
oie sa o lindas pora c m aquele modelo foi o que mais me agradou mas tranquilo super obrigada pela atena a o,8
tem camisa de viscose vermelho 46?,1
ate agora nada,8
d r,10
projeto,10
tem body verde tamanho 44?,7
ola como vai muito prazer meu nome a c ana e trabalho aqui no curadobia na o sei se recordam pora c m conversamos no primeiro semestre do ano passado <num> sobre esse projeto da bia paes de barros desde la evoluamos bastante e estamos concretizados como um marketplace em potencial crescimento queremos compartilhar com vocaas nosso site para darem uma olhada curadobia com br ainda temos a toruss em foco o que acham de retomarmos contato aguardo vocaas,5
consigo falar com atenndente?,2
tem calça alfaiataria off-white 40?,1
"quero um look clássico para formatura, uso 46",9
eu amo todos os seus looks combina <num> com o meu estilo queria ter todas as pecas para mim pena que moro do outro lado do mundo,8
quero vestido verde 40,13
tem vestido verde tamanho M?,7
ola bom dia sou muito fa da bia mas nunca comprei no curadoria uma duvida como faco para escolher um tamanho com mais seguranca tem uma tabela de medidas para servir de referencia obrigada,3
tem camisa verde tamanho 44?,7
é linho? enncolhe? como lavar?,2
me indica um saia caramelo tamanho 46?,1
dica de look para trabalho com saia plissada vermelho,8
tem body preto no M?,3
tem camisa preto no PP?,11
valor do frete pro 01255-0022?,12
valor do frete pro 04012-000?,12
ficamos felizes que tenha curtido ela a c muito especial mesmo segue aqui mais detalhes,8
com relacao a outra blusa que voce gostou ela esta em processo de lancamento e ainda nao esta a venda no nosso site mas independente desse fator nao seria possivel unificar o frete nesse caso pois o frete so fica unificado para as pecas da mesma marca,1
de todo modo agradeco por perguntar,0
bom dia,0
gostosa,10
tem body verde tamanho GG?,7
quero jaqueta verde GG,13
alta,10
tem camisa verde tamanho 46?,7
tem camisa verde no 46?,7
sozinha,10
consigo falar com atendeente?,2
essa modelagem é mais enxuta? o blazer linho veste grande?,1
ah que a <num> timo monica esperamos que aproveite muito ela e se quiser compartilhar com a gente os looks que criar com ela vamos amar ver,8
tem jaqueta verde no GG?,7
"prazo pro meu cep 01455-022, chega até sexta?",12
ah show vou enviar o invite,8
pagaamento recusado toda hora,2
temm link? como compro?,5
claro nossas medidas do tamanho <num> para o macacao cool sao ombro <num> cm cintura total <num> cm comprimento <num> cm qualquer outra questao estamos a disposicao,3
e eu como estou na praia torcendo para nao baixar,8
bom dia gostaria de adquirir essa calca mas nao esta mais disponivel podem me ajudar obrigada,8
qual jaqueta combina com body canelado em off-white?,1
tem body verde no 42?,7
cadê o rastreamento do #8937?,6
poderosa,10
"meu pedido #4626 não atualiza, pode ver?",6
quero blazer verde G,13
"tenho 116cm de busto e 118cm de quadril, qual tamanho do saia plissada vc indica?",3
dica de look parra formatura com blazer linho caramelo,8
conseguem me ajudar por aqui,8
pergunta aceitam pix pra trench facil resposta preco estoque e pagamento,5
cintura,3
amanda nosso pessoal ta c cnico pediu se possavel se cadastrar atrava c s desse link,5
ola dany bom dia caso tenha algum problema com o tamanho voce pode optar por trocar ou devolver o produto basta nos informar pelo e mail contato curadobia <user> com que iremos encaminhar sua solicitacao para a marca responsavel a marca ira proceder com os proximos passos como envio do codigo de logistica reversa e tudo mais,5
oi pri estao entrando muitas marcas incriveis novas no curadobia porem a oysho nao e uma delas,5
quero camisa verde P,13
certo obrigada o prazo de entrega sao <num> dias mesmo,12
tem looja física/endereço?,3
vocaa poderia me passar o contato dos responsa veis,8
me indica umm camisa azul marinho tamanho 36?,1
tem saia plissada off-white GG?,3
temos ela ainda no tamanho <num> e <num>,3
tem jaqueta preto tamanho 36?,11
que vestido posso usar com vestido midi? quero algo casual,1
bia esse seu curadobia esta um arraso muito tentador parabens pelo projeto uma duvida qual a sua altura estou interessadissima nessa calca mas sou baixa <num> cm e geralmente tenho que fazer a barras das calcas o que nao e muito facil com essa obrigada,3
"não serviuu, consigo trocar?",2
quero blazer preto 40,4
me indica um saia caramelo tamanho GG?,3
me indica um jaqueta off-white tamanho 446?,1
tem saia plissada verde GG?,7
"sou 42, às vezes pego G; o camisa de viscose segue a tabela certinha?",4
bom dia karyna infelizmente na o trabalhamos com cupom para <num> aa compra aindaa <num> i mas estamos aqui para te auxiliar no processo inteiro,5
tenho <num> <num> essa cala a esta mais curta para mim mesmo te aconselho a comprar um tamanho pequeno,3
"muito obrigada, aajudou",0
tem jaqueta verde no M?,7
oi renata boa tarde ana aqui vocaa conseguiu dar uma olhada nas opa aues que te mandei qualquer coisa sigo aqui para o que vocaa precisar ta,8
a regata chiquetosa vai voltar pro estoque,8
posso pagar noo pix/boleto? parcela?,2
tem body canelado caramelo PP?,8
perguntas,10
"tenho 116cm de busto e 118cm de quadril, qual tamanho do vestido midi vcc indica?",3
ahhh entendia muito obrigada d,0
sheila essa foi a tabela passada para nos pela marca estamos em contato com eles para ter exatamente a medida do quadril inclusive obrigada pela pergunta pois com ela vamos atualizar o nosso site mas podemos te adiantar que ele tem uma estrutura folgada no quadril entao acreditamos que ele vai dar certo para ti no tamanho <num> para te passar outra base nas fotos do produto no nosso site a bia esta vestindo o tamanho <num>,3
ola gente bom dia acabei de ver o post da bia sobre camisas somos uma pequena alfaiataria e camisaria e o core da nossa criacao gostaria muito de apresentar nosso produto pra voces se voces acharem conveniente por favor indiquem a melhor forma de contato abraco stella,1
pergunta da pra usar a camisa viajante em festa de dia resposta combinacoes e ocasioes,1
poder,10
zona,10
ola silvana boa tarde tudo bem estamos entrando em contato porque identificamos que ha um tempo vocaa demonstrou interesse nas sapatilhas da bia que apareceram em um dos nossos reels agora eles esta o disponaveis no site do curadobia dd segue o link <url> obrigada por nos acompanhar silvana qualquer daovida estamos a disposia a o equipe curadobia d,5
you sent an attachment,5
tem body preto no GG?,3
valor do frete pro 05010-020?,12
nunca,10
que vestido posso usar com calça alfaiataria? quero algo moderno,1
tem body verde tamanho PP?,7
meu nome a c ana sigo aqui para o que precisar,8
sua camisa e linda,1
trico,1
qual calça combina com camisa de viscose em bege?,1
"prazo pro meu cep 050010-020, chega até 3 dias úteis?",12
dica de look para formatura com saia plissada verde,8
faco,10
valor do frete prro 06030-050?,12
pergunta a camisa de responsa e oversized ou normal resposta tamanho e medidas,3
quero blazer bege 44,4
"sou 36, às vezes ppego 42; o vestido midi segue a tabela certinha?",4
ja vi e amei esperando a virada do cartao pra perder os juazo,8
dica de look parra casamento de dia com blazer linho azul marinho,8
como posso fazer essa apresentacao,8
qual jaqueta combina com calça alfaiataria em vermelho?,1
"não serviu, consigo trrocar?",2
"veio com defeito, como faço a devollução?",2
"perfeito, oobrigada!",0
muito obrigada pela atena a o,0
tem telefone/wwhatsapp de alguém?,5
cadê o rastreamento do #2676?,6
obrigada pelo prestagio foi incravel te ter de pertinho hojed d,0
seguem as medidas p cos <num> cm e veste quadril ate <num> cm m cos <num> cm e veste um quadril ate <num> cm g cos <num> cm e veste um quadril ate <num> cm,3
descomplicado,10
posso passar linho? precisa cuidado especial?,2
valor doo frete pro 06030-050?,12
mas acho que esta aprocessandoa para subir tudo,8
oii comprei a bico fino o dedo fica um pouquinho de lado pra fora ne mas super confortavel,8
"quero um look romântico para casamento de dia, uso GG",9
"quero um look casual para casamento de dia, uso 40",9
oi fatima tudo bem bom dia obrigada pela sua mensagem e feedback e muito importante para nos estamos conversando por whatsapp podemos continuar nossa comunicacao por la,0
cadê o rastreamento do #3096?,6
reagiu com dd a sua mensagem,8
tem jaqueta verde tamanho P?,7
posso passar linho? preecisa cuidado especial?,2
em,10
consigo falar com attendente?,2
ola sandra boa tarde tudo bem estamos entrando em contato porque identificamos que ha um tempo voce demonstrou interesse nos sapatos da bia que apareceram em um dos nossos reels agora eles estao disponiveis no site do curadobia segue o link <url> obrigada por nos acompanhar sandra qualquer duvida estamos a disposicao equipe curadobia,5
tem camisa verde tamanho G?,7
tem saia verde tamanho 36?,7
curtiu uma mensagem,8
ola sou o gerente de vendas da pg game platform quero falar com vocaa sobre parcerias nossa plataforma foi licenciada conjuntamente pelo governo federal brasileiro e pelo governo de curaa ao em outubro vocaa pode se juntar a na <num> s e lhe daremos altas comissaues entre em contato comigo pelo whatsapp <num>,5
aqui o link com todos os acessa <num> rios,8
pergunta a saia acinturante e slow fashion resposta extras e institucional,2
"meu pedido #6820 não atualiza, pode ver?",6
ta a <num> timo obrigada,0
estamos estudando trazer essa categoria para o curadobia porem nada de imediato ainda mas muito legal saber do interesse assim que tivermos iremos te manter avisada,5
vocaa a c linda e de uma delicadeza admira vel,8
brinca,10
algua c m poderia entrar em contato comigo por e mail ou whatsapp o site de vcs parece que esta com problemas na o funciona direito na o,5
pergunta o tecido da camisa viajante esquenta resposta modelagem e tecido,1
tem camisa preto no P?,11
basica,10
que aa conseguimos encaminhar pro la as tratativas o que acha se puder esclarecer que seria algo mais voltado para o perfil pessoal da bia ou para o curadobia seria bacana entendermos tamba c m para encaminhar de forma mais assertiva sua mensagem,5
tem saia bege tamanho 38?,4
quero jaqueta verde 42,13
possoo pagar no pix/boleto? parcela?,2
quero camisa preto PP,1
essa modelagem é maais enxuta? o saia plissada veste grande?,1
e a blusa,1
seguimos a disposia a o para o que precisar,5
vou,10
sem problemas mari apenas encaminha pra gente um e mail solicitando que iremos dar sequencia com a troca e mail contato curadobia <user> com,5
para adquirir essa pea a basta clicar no link da jaqueta e finalizar a compra pelo site <url>,5
obrigada por ser nossa cliente,0
tem vestido preto tamanho 46?,11
jogo,10
deixa eu tirar outra daovida vc faz consultoria de imagem estilo tb se sim como funciona,8
expressoes,10
quero camisa azul marinnho G,1
mas ficou grande,3
tem body vermelho no P?,3
pode me chamar novamente por favor,0
que tamanho costuma usar,3
"tenho 116cm de busto e 100cm de quadril, qual tamanho do calça alfaiataria vc indica?",3
"prazo pro meu cep 01255-022, chega até amanhã?",12
este a c meu whatsappa,8
tem saia plissada vermelho 44?,4
"prazo proo meu cep 01455-022, chega até sexta?",12
"sou P, às vezes pego M; o calça alfaiataria segue a tabela certinha?",3
ola vcs tem uma tabela de medidas para essa calca amei e gostaria de escolher o tamanho certo visto <num> e tenho <num> <num> de quadril entao nao tenho certeza do p ou m poderiam me ajudar no aguardo grata adriana baggio,3
graca,10
como estaria sua agenda para segunda a tarde,8
tem blazer verde tamanho PP?,7
oii karinne tudo bem aqui quem fala a c a ana do time curadobia vocaa acredita que estive olhando todos os dias desde que vocaa demonstrou interesse se a nossa saia anica voltaria ao estoque e somente hoje isso aconteceu ela a c a queridinha das nossas clientes e tem acabado ra pido enta o espero que consiga aproveitar essa oportunidade te encaminho o link para o acesso dela,5
body mybasic,3
ata c segunda,8
pq,10
<num> <num> m,10
coat,10
ser,10
cadê o rastreamento do #8598?,6
tem liink? como compro?,5
"prazo pro meu cep 05010-020, chega até essa semana?",12
pergunta quanto tempo pra entregar a blusa molona em sp resposta frete prazos e trocas,2
tem camisa verde no P?,7
procuro blazer linho em bege,8
quero body preto 36,4
tem vestido preto no GG?,11
tem vestido preto no G?,11
quero blazer off-white 38,4
saia,10
cadê o rastreamento do #9275?,6
uhuu,10
ola pessoal como va o meu nome a c ana e trabalho junto com a bia paes de barros no curadobia com br o curadobia a c um marketplace que nasceu com o propa <num> sito de reunir em um sa <num> lugar pea as que fazem toda a diferena a no arma rio e ao mesmo tempo sa o fa ceis de usar os chamados neutros com tcharanz acreditamos que a marca de vocaas pode se conectar com essa proposta com quem poderia conversar para falar mais sobre aguardo vocaas,5
"tenho 92cm de busto e 100cm de quadril, qual tamanho do camisa de viscose vc indica?",3
quero vestido verde PP,13
entregaria,10
ola amanda obrigada pelo contato e pedimos desculpas pela falha ja estamos verificando o que houve para que consiga finalizar sua compra,5
dica de llook para trabalho com blazer linho bege,8
obrigada enviarei,0
tem camisa preto tamanho 38?,11
tem telefone/whatsapp de alguém?,5
mas tmb lancarei um aprograma online de estilo pessoala que podera ser baixado por aqui tmb,5
"quero um look casual para aniversário, uso M",9
tudo bem tamba c m que pena d eu queria exatamente o verde d c,13
"prazo pro meu cepp 05010-020, chega até essa semana?",12
vcs tem desconto para primeira compra,5
por onde posso acompanhar o envio da minha compra,5
tem body verde no P?,7
consigo falar com atendentte?,2
"prazo pro meu cep 01255-022, chega atté amanhã?",12
pergunta com que sapato usar a bolsa anda sozinha resposta combinacoes e ocasioes,3
valor do frete pro 01255-022?,12
tem camisa preto no 38?,11
eu,10
o tom certo a c o que esta no site os stories que a bia postou hoje modificaram um pouco o tom,8
erros,10
quero camisa preto M,1
tem vestido preto no 44?,11
essa modelagem é mais enxuta? o saia plissada veste grande?,1
bem,10
uso GG na parte de cima; o camisa de viscose serviria?,1
"sou 46, às vezes pego G; o calça alfaiaataria segue a tabela certinha?",4
tem jaqueta verde tamanho GG?,7
tem loja física/enddereço?,5
que saia posso usar com blazer linho? quero algo moderno,1
tem tabela de medidas do camisa de viscose?,1
"prazo pro meu cep 05010-020, chega até sexxta?",12
a jaqueta branca uma pena eu na o conseguir comprar por problemas ta c cnicos uma experiaancia de consumidor mto ruim,2
"perfeito, obrrigada!",0
tem saia verde no 46?,7
evelyn obrigada pelo interesse para parcerias com o curadobia pea o que envie apresentaa aues para o nosso email contato curadobia <user> com e seguimos com as tratativas por la que fica mais fa cil d e para interesses de parcerias diretamente com a bia a c preciso entrar em contato diretamente com ela pelo email biapaesdebarros <user> com,5
arrumadinhas,10
ja vi e amei esperando a virada do cartao pra perder os juizo,8
ola sandra boa tarde tudo bem estamos entrando em contato porque identificamos que ha um tempo vocaa demonstrou interesse nos sapatos da bia que apareceram em um dos nossos reels agora eles esta o disponaveis no site do curadobia dd segue o link <url> obrigada por nos acompanhar sandra qualquer daovida estamos a disposia a o equipe curadobia d,5
que saia posso usar com camisa de viscose? quero algo minimalista,1
praticamos sempre o mesmo valor das marcas o que entrara de extra sera o valor do frete que e calculado automaticamente se tiver mais alguma duvida nos avise ok,5
tem link? commo compro?,5
quero body verde M,13
ficou enorme,3
mas venho com boas noticias a partir de quarta feira teremos reposicao dela se voce ainda tiver interesse me avisa pois ai assim que chegarem eu venho exclusivamente te avisaar,8
tem saia plisssada caramelo 40?,8
ta otimo obrigada,0
dica de look para casamento de dia com saia plissada caramelo,8
campo,10
gosto da calca assim mais curta visto entre <num> <num> quadril <num>,3
dd,10
"prazo pro meu cep 01455-022, chega até 3 dias úteis?",12
"meu pedido #1145 não atualiza, pode ver?",6
"prazo pro meu cep 01255-022, chega até sexta?",12
"quero um look romântico para aniiversário, uso 38",9
"veio com defeito, como faço a devoolução?",2
os bodys da revival sao excelentes pecas neutras e basicas para ter no armario e possuem uma ampla grade de tamanhos <url> alem disso temos nossos acessorios <url> bolsas <url> e sapatos <url>,5
quero vestido verde 42,13
muito obrigada pelos esclarecimentos,0
ola tudo bem estou apaixonada por essa jaqueta bacanuda da foto o preco de <num> pula pra setecentos e tanto na hora de comprar e isso mesmo entra um valor de comissao na hora da compra,1
obrigada pelo retorno vou acompanhar entao beijo beijo,0
tem blazer preto no P?,8
tem blazer preto no 38?,4
bia td bom na o estou conseguindo finalizar a compra da aregata podrinhaa coloquei os dados do carta o e no campo cvv eu ponho os naomeros mas o sistema ignora que eu coloquei tentei va rias vezes acho que esta com problemaa,2
parecem,10
ola td bem fiz uma compra com vc e recebi apenas o tricot vc pode me ajudar muito obrigada desde ja,8
informacoes,10
"sou G, às vezes pego PP; o camisa de viscose segue a tabela certinha?",3
quero blazer verde 38,13
quando ela estiver disponavel na <num> s vamos te avisar,8
longa,10
ainda nao super correria,2
preco,10
"meu pedido #8406 não atualiza, pode ver?",6
qualquer,10
tem camisa preto tamanho PP?,11
ai me ajuda com o vadeo a ainda na o usei a blusa,1
cadê o rastreamento do #2480?,6
"não serviu, consigo ttrocar?",2
é algodão? encolhe? como lavar?,2
"tenho 92cm de busto e 124cm de quadril, qual tamanho do vestido midi vc indica?",3
faz em 3x sem juroos?,2
ola dany boa tarde tudo bem sim e com vocaa pea o desculpas por essa demora estou verificando sobre porque ainda na o foi dada sequaancia na troca o processo interno nosso ja foi encaminhado com a troca para o tamanho p,2
ainda tem vestido midi em 38?,4
sobre a troca da calca que comprei quero trocar por um tamanho menor recebi um e mail de vcs no dia <num> <num> <num> respondi mas dps disso nao tive mais retorno,2
cai,10
te,10
posso ppassar malha canelada? precisa cuidado especial?,2
d body mybasic,3
carrinho nãão abre no celular,5
me indica um vestido vermelho tamanho 44?,1
cadê o rastreamento do #7704?,6
mas amei a sugestao ju,0
é linho? encollhe? como lavar?,2
quero body preto 38,4
"prazo pro meu cep 06030-050, chega até sexta?",12
alma,10
gostei do conjunto mas na o vi no site,8
tem camisa preto tamanho 44?,11
verificamos com a marca responsa vel pelo envio a revival o seu pedido sofreu um pequeno atraso que a marca me informou ter lhe comunicado por whatsapp,5
essa modelagem é mais enxuta? o body canelado veste grande?,3
paggamento recusado toda hora,2
perfeito ana obrigada pelo retorno,0
procuro vestido midi em preto,11
infelizmente nao atuo mais nessa area de consultoria pessoal,2
compra realizada,10
tem link? como compro?,5
porem na duvida do melhor tamanho,3
quero jaqueta preto G,1
mas paguei por uma coisa que nao recebi,2
pea o desculpa pela demora em lhe retornar,2
jeito,10
"prazo pro meu ceep 04567-010, chega até sexta?",12
"quero um look casual para formatura, uso GG",9
"veio com defeito, como faço a deevolução?",2
"muito obrigada, ajudou",0
cpf,10
cadê o rastreamento do #6257?,6
procuro calça alfaaiataria em vermelho,1
"meu pedido #9148 não atualiza, pode ver?",6
que calça posso usar com camisa de viscose? quero algo moderno,1
tem blazer verde no PP?,7
pano,10
anelisa acabamos de confirmar seu pedido com a marca tudo certo ele ja esta para a producao,5
certo qual o link da compra,5
"meu pedido #2324 não atualiza, pode ver?",6
sim a carol entrou em contato comigo uma fofa super atenciosa,8
agora estou organizando as coisas,8
com certeza sera um sucesso obrigada ana d,0
tem camisa preto tamanho P?,11
"quero um look casual para trabalho, uso M",9
"quero um look casual para jantar, uso 42",9
comprei a jaqueta,1
tem saia preto tamanho 40?,11
oii comprei a bico fino o dedo fica um pouquinho de lado pra fora na c mas super conforta vel,8
valor do frete pro 01455-022?,12
estaremos atualizando no site para conter essa tabela que realmente estava faltando,5
comprei,10
"quero um look casual para trabalho, uso PP",9
tem jaqueta preto no G?,1
diversos,10
este e meu whatsapp,5
tem saia preto no 46?,4
comprei um body e paguei frete de <num> dias uteis pra levar pra uma viagem agora na sexta,2
obrigada ana,0
tem body preto tamanho 46?,11
que aa conseguimos encaminhar pro la as tratativas o que acha se puder esclarecer que seria algo mais voltado para o perfil pessoal da bia ou para o curadobia seria bacana entendermos tamba c m para encaminhar de forrma mais assertiva sua mensaagem,5
tem blazer preto tamanho 38?,11
volume,10
na o estou conseguindo entrar no site para fazer compra,5
cadê o rastreamento do #7609?,6
tem camisa preto no 44?,11
code,10
seguem as medidas p ca <num> s <num> cm e veste quadril ata c <num> cm m ca <num> s <num> cm e veste um quadril ata c <num> cm g ca <num> s <num> cm e veste um quadril ata c <num> cm,3
"prazo pro meu cep 06030-050, chega até amanhã?",12
parece que o contato por aqui nao e satisfatorio,2
me indica um jaaqueta off-white tamanho PP?,3
procuro blazer linho em caramelo,8
perfeito gloria ja colocamos aqui na nossa lista e vamos te informar quando estiver mais proximo da data,8
posso passar malha canelada? precisaa cuidado especial?,2
ainda tem saia plissada em P?,8
quero camisa preto 38,1
deixa la,10
tem link? como commpro?,8
pagamento recusadoo toda hora,2
vou querer a <num> qual e sua chave pix,5
a calca ficou sobrando muito atras,2
"sou 40, às vezes pego 42; o calça alfaiataria segue a tabela certinha?",4
tem blazer verde tamanho 42?,7
quero camisa verde 46,13
sobre a troca da cala a que comprei quero trocar por um tamanho menor recebi um e mail de vcs no dia <num> <num> <num> respondi mas dps disso na o tive mais retorno,2
na torcida,10
a i,10
claro pode trocar super,8
nao temos cupom de desconto no momento,2
sensacao,10
duvida,10
todas as pea as da mybasic e da loounge <num> possuem uma ampla grade <url> <url> os produtos da cecilia possuem uma modelagem mais ampla <url> alguns dos produtos da nauanin chegam ata c a numerraa a o xxgg equivalendo a um <num> <url>,3
oi talita muito bom receber sua mensagem agradecemos demais o contato e que bacana vocaas terem pensado na gente pora c m nesse momento na <num> s na o estamos trabalhando com produa a o de qualquer forma salvamos o teu contato para futuras oportunidades atenciosamente equipe curadobiad,5
"tenho 110cm de busto e 124cm de quadril, qual tamanho do saia plissada vc indica?",3
quero blazer verde P,13
ahhh entendi muito obrigada,0
comprei a jaqueta d>>,1
oi roberta bom dia tudo bem estamos entrando em contato porque identificamos que ha um tempo vocaa demonstrou interesse nos sapatos da bia que apareceram em um dos nossos reels agora eles esta o disponaveis no site do curadobia dd o link clica vel segue na pra <num> xima mensagem obrigada por nos acompanhar roberta qualquer daovida estamos a disposia a o equipe curadobia d,5
ola bom dia tudo bem obrigada pela mensagem conferimos aqui e aparentou estar tudo certo aproveito para mandar o link por aqui,0
ola amanda bom dia pea o desculpas pela demora mas o nosso pessoa ta c cnico ainda na o conseguiu simular um erro igual ao que ocorreu com voce por isso a demora em lhe retornar,2
gostaria a camisa branca tamanho m a possavel,1
para,10
aiinda tem camisa de viscose em 40?,4
quero saia preto M,8
ola como vai muito prazer meu nome e ana e trabalho aqui no curadobia nao sei se recordam porem conversamos no primeiro semestre do ano passado <num> sobre esse projeto da bia paes de barros desde la evoluimos bastante e estamos concretizados como um marketplace em potencial crescimento queremos compartilhar com voces nosso site para darem uma olhada curadobia com br ainda temos a patu em foco o que acham de retomarmos contato aguardo voces,5
"quero um look clássico para formatura, uso GG",9
tem vestido verde tamanho 38?,7
voa,10
acabei de comprar um conjunto se nao servir posso trocar pelo seu cep deve ser perto da minha casa o meu <num> <num>,2
tenho <num> <num> essa calca esta mais curta para mim mesmo te aconselho a comprar um tamanho pequeno,3
nao reconheceu no whats esse numero,8
ola julienne bom dia tudo bem que bom receber sua mensagem eu me chamo ana e sou do time curadobia,0
deixar,10
boa tarde estava previsto pra chegar hoje minha encomenda porem nada foi entregue,2
acessorios,10
pergunta a camisa de responsa marca muito o corpo resposta modelagem e tecido,3
obrigada pelo prestigio,0
posso passar malha canelada? precisa cuuidado especial?,2
ola juliana boa tarde tudo bem estamos entrando em contato porque identificamos que ha um tempo vocaa demonstrou interesse nos sapatos da bia que apareceram em um dos nossos reels agora eles esta o disponaveis no site do curadobia dd segue o link <url> obrigada por nos acompanhar juliana qualquer daovida estamos a disposia a o equipe curadobia d,5
procuuro vestido midi em bege,1
tem vestido verde tamanho 44?,7
cadê o rastreamento do #6873?,6
tem vestido preto no PP?,11
"sou PP, às vezes pego P; o camisa de viscose segue a tabela certinha?",3
procuro saia plissada em azul marinho,8
quero jaqueta preto GG,1
"prazo pro meu cep 04567-010, chega até 3 dias úteis?",12
qual a marca do tenis,8
tem body preto no P?,3
qualquer coisa seguimos a disposia a o por aqui ok,8
caso na o fique com como funciona a troca,2
vou querer a <num> qual a c sua chave pix,5
que shorts posso usar com blazer linho? quero algo romântico,1
carrinho não abre no celullar,2
boa noite havera reposia a o da saia aonica preta no tamanho <num>,8
"quero um look romântico para happy hoour, uso P",9
"quero um look casual para trabalho, uso P",9
oi renata boa tarde aqui a c a ana acredito que te respondi por whatsapp certo qualquer coisa estou por aqui,8
qualquer coisa seguimos aqui,8
dica de look para trabalho com body canelado azul marinho,8
é viscose? encoolhe? como lavar?,2
quero body verde 44,13
adquiri uma maxi pantalona valeria mansur,1
qual jaqueta combina ccom body canelado em preto?,11
sobre a questao do frete e possivel unificar ele nas blusas da lounge que voce gostou vou te mandar o link das duas,8
mas venho com boas notacias a partir de quarta feira teremos reposia a o dela d <num> se vocaa ainda tiver interesse me avisa pois ai assim que chegarem eu venho exclusivamente te avisaar,8
proporcao,10
yes,10
tem camisa verde tamanho PP?,7
que body posso usar com body canelado? quero algo minimalista,3
o produto e lindo apesar de ter ficando um pouco grande,3
ta chegando,10
oi silvana tudo bem bom dia quem fala com vocaa a c a ana do time curadobia posso confirmar com vocaa se seria essa camisa que te interessou segue,8
"meu pedido #8736 não atualiza, pode ver?",6
tem camisa verde tamanho 36?,7
"tenho 92cm de busto e 118cm de quadril, qual tamanho do blazer linho vc indica?",3
"meu pedido #4111 não atualiza, pode ver?",6
"quero um look casual para trabalho, uso GG",9
tem body preto tamanho GG?,11
tem saia verde tamanho 38?,7
tem jaqueta verde no G?,7
"sou 36, às vezes pego P; o camisa de viscose segue a tabela certinha?",4
tem cupom de desconto primeira compra,5
pergunta a calca cool amassa facil resposta modelagem e tecido,3
queria,10
"meu pedido #4666 não atualiza, pode ver?",6
"muito obrigadda, ajudou",8
maio,10
"meu pedido #3120 não atualiza, pode ver?",6
cozy,10
tem saia verde no 38?,7
procuro saia plissadda em verde,7
oi bia sou erika dos <user> gostaria de saber como voce trabalha em relacao a promocao de produtos meus brincos sao autorais e os fabrico a <num> anos a producao e <num> nacional fabricamos desde a liga do metal ate o banho de ouro <num> k nossos brincos sao todos bordados a mao com um finissimo arame de cobre e depois banhado a ouro espero seu contato obrigada,5
sua roupa jeans e de onde,1
"meu ppedido #5087 não atualiza, pode ver?",6
<num> na o creio,10
pergunta a bolsa anda sozinha precisa passar resposta modelagem e tecido,3
carriinho não abre no celular,2
com certeza nao exatamente por isso que pensamos nesse material que se molda nos pes,3
cadê o rastreamento do #5511?,6
procuro blazer linho em preto,8
oi julia tudo bem essa e da egrey mais antiga estamos a poucos dias de lancar novos modelos de jeans de uma nova marca que entrara no curadobia assim que lancarmos te mandamos aqui,1
tem vestido verde tamanho GG?,7
tem saia verde no PP?,7
carrinhoo não abre no celular,2
"nãão serviu, consigo trocar?",2
pergunta a calca saruel silvia tem forro interno resposta modelagem e tecido,3
linda calca qual e a marca,8
oba,10
tem shortss preto no 46?,4
tem tabela de medidas doo camisa de viscose?,1
me indica um calça verde tamanho G?,7
tem saia verde tamanho 42?,7
essa modelagem é mais enxuta? o vestido midi veste grande?,1
tem saia verde no G?,7
qualquer duvida estamos a disposicao,8
que blazer posso usar com saia plissada? quero algo minimalista,1
chico neto cd mara c mar whatsapp <num> <url>,5
bom dia gil infelizmente nao trabalhamos com cupom para <num> a compra ainda mas estamos a disposicao para sanar qualquer duvida,2
tem jaqueta verde no 36?,7
ola meninas tudo bem comprei a saia preta da d aura em outubro precisei trocar foram rapidissimos mas so hoje eu soube que nao levaram a sacola com a peca a ser trocada ficou este tempo todo na minha portaria como faco,2
temos o vadeo nos nossos stories de hoje com a bia usando ela de uma olhada d,8
look,10
me indica um jaqueta preto tamanho 38?,11
uso 38 na parte de cima; o vestido midi serviria?,4
quero body verde P,13
valor do frete ppro 04567-010?,12
bom,10
nao tem mais numeracao <num>,2
mb <num> gg,3
muito obrigada tenham um bom fim de semana,0
segue o link dele qualquer daovida ou questa o estamos a disposia a o obrigada por nos acompanhar equipe curadobia d,5
dica de look para trabalho com calça alfaiataria off-white,1
tem body preto no G?,3
tem camisa verde tamanho 40?,7
"quero um look street para jantar, uso 46",9
mas pode ficar tranquila que assim que lancarmos a terceira peca que voce gostou vou te mandar por aqui tudo bem nao deixe de garantir suas pecas da lounge a tempo,8
nao estou conseguindo entrar no site para fazer compra,5
prrocuro blazer linho em caramelo,8
porem e interessante frisar que a modelagem da calca e uma cintura no lugar nem cintura baixa e nem cintura alta,3
dica de look para trabalho com saia plissada preto,8
pergunta posso indicar a regata pregas jersey pra alguem resposta extras e institucional,8
obrigada,0
cadê o rastreamento do #5631?,6
teem link? como compro?,5
essa gladiadora qual o numero tem <num>,8
carrinnho não abre no celular,2
agradeco o feedback,0
quero blazer preto P,8
posso pagar no pix/boleto? parcela?,2
tem tabela de medidas do saia plissada?,3
chat,10
caddê o rastreamento do #3736?,6
cadê o rastreamento do #2609?,6
cadê o rastreamento do #6094?,6
fatima te respondemos no whatsapp mas nao recebemos seu retorno esta tudo bem qualquer coisa sigo aqui a disposicao,5
muito estilo,1
tem blazer preto no 36?,4
facilitadora,10
oie bom dia tudo bem obrigada pela sua mensagem entramos em contato com a marca d aura que produz a saia e eles nos informaram que em <num> dias ira o receber novos estoques da nossa saia anica,5
ola caroline tudo bem obrigada pelo seu interesse em trabalhar conosco no momento nao estamos trabalhando com o contrato de novas pessoas no nosso time mas ja salvamos seus dados para futuras oportunidades caso tenha mais alguma duvida estamos a disposicao equipe curadobia,5
tem telefoone/whatsapp de alguém?,5
que shorts posso usar com saia pllissada? quero algo minimalista,1
oi boa tarde ana aqui vocaa conseguiu dar uma olhada na cala a qualquer coisa sigo aqui para o que vocaa precisar viu edited,8
"meu pedido #6499 não atualiza, pode ver?",6
muito obrigada,0
verificamos com a marca responsavel pelo envio a revival o seu pedido sofreu um pequeno atraso que a marca me informou ter lhe comunicado por whatsapp,5
"meu pedido #8646 não atualiza, pode ver?",6
posso pagar no pix/bolleto? parcela?,2
oi cristiane bom dia obrigada pela sua mensagem na verdade todos os nossos pedidos sao enviados o email de confirmacao imediatamente porem realmente identificamos um erro no nosso sistema que os ultimos pedidos nao estao recebendo a confirmacao ja estamos em contato com o nosso tecnico para resolver obrigada por ter nos informado,5
ola boa tarde o <num> e equivalente ao p <num> m e <num> g,8
bacana vamos marcar uma conversa,8
pagamento recuusado toda hora,2
pagamento reccusado toda hora,2
oi ana a marcia fonseca esta em contato com vc ne vamos conversar sim a fernanda tem mto interesse,8
ola bom dia roupas lindas aqui mas na o encontrei muitas opa aues de tamanhos maiores a isso mesmo tenho uma cliente que se enquadraria perfeita nesse estilo mais contempora neo mas a c um tamanho g gg <num> <num> poderiam me sugerir algumas opa aues,1
como uma critica construtiva vcs deveriam mandar um e mail para confirmar o pedido compro bastante on line e sempre vem o e mail do status do pedido o cliente fica mais seguro da compra,5
bom dia pamela tudo bem revisamos aqui o nosso sistema e fizemos testes e tudo parece funcionar bem esperamos que voce tenha uma boa experiencia agora o que aconselhamos tambem e entrar no site pelo google chrome caso voce ainda nao tenha acessado por la vou te encaminhar os links dos produtos que voce nos encaminhou <url> <url> <url> <url> <url>,5
tem tabeela de medidas do body canelado?,3
ola evelyn bom dia tudo bem aqui somos do curadobia voce teria interesse em apresentar a sua marca pensando em participar do curadobia ou seria referente a parceria de divulgacao com a bia,5
ola muitissimo obrigada,0
oi ana tudo bem na a c poca o pessoal da d aura te instruiu que iriam retirar na sua portaria,8
essa modelagem é mais enxuta? o saia plissadda veste grande?,1
que camisa posso usar com bblazer linho? quero algo minimalista,1
posso passar linnho? precisa cuidado especial?,2
checkout travando aquui,5
acho otimo pode ser segunda <num> na parte da tarde estamos com <num> horas de fuso qual horario seria bom pra vc,12
sua camisa a c linda,1
tem teleffone/whatsapp de alguém?,5
camisa,1
perfeito fico no aguardo abraa o,8
sobre a questa o do frete a c possavel unificar ele nas blusas da lounge que vocaa gostouaoi vou te mandar o link das duas,8
qual jaqueta combina com camisa de viscose em vermelho?,1
eu adorei ja usei minha saia hj,8
quadril,3
para adquirir essa peca basta clicar no link da jaqueta e finalizar a compra pelo site <url>,5
quall calça combina com calça alfaiataria em vermelho?,1
"prazo pro meu cep 04012-000, chega até sexta?",12
que blazer posso usar com vestido midi? quero algo street,1
"meu pedido #3837 não atualiza, pode ver?",6
tem vestido bege no P?,8
tem vestido preto tamanho P?,11
pingente,10
gostaria a camisa branca tamanho m e possivel,1
ola luana bom dia tudo bem hoje ainda nao temos sapatos dentro do curadobia estamos olhando para adicionar essa categoria em breve,8
"prazo pro meu cep 04567-010, chega até amanhã?",12
tem link? como comprro?,8
sucesso,10
exagero,10
vocaas tem loja fasica,8
queria ver sua sapateira pq tudo e lindissimo mas seus sapatos sao escolhidos a dedo tudo a ver com vc sempre esse e da laia ne,8
é malha canelada? encolhe? como lavar?,2
adriana shared a product,5
tem saia verde no P?,7
"prazo pro meu cep 05010-020, chega até amanhã?",12
fiz uma compra de um casaco com vcs e na o vestiu bem gostaria de trocar por uma cala a fresquinha tamanho m,1
ola sua curadoria projeto editorial e grafico sao incriveis parabens mas sua plataforma de e commerce nao funciona bem estou desde ontem tentando fazer compras mas paginas nao carregam carrinhos esvaziam muito dificil,5
esperado,10
chheckout travando aqui,8
todas as pea as da mybasic e da lounge <num> possuem uma ampla grade <url> <url> os produtos da cecilia possuem uma modelagem mais ampla <url> alguns dos produtos da nauanin chegam ata c a numeraa a o xxgg equivalendo a um <num> <url>,3
aqui a tabela certinha mas ja estamos com o pessoal tecnico corrigindo esse erro,5
tutu meu filho a c tutu arthur kkkk,8
valor do frete pro 06030-050?,12
consigo falar comm atendente?,2
quero blazer preto G,8
é algodão? encolhe? commo lavar?,2
tem blazer verde no GG?,7
pergunta a saia tech fica justa no quadril resposta tamanho e medidas,3
ops e a blusa pah,8
como falo com alguem dai,8
essa tshirt vai estar no evento namoro tanto ela,8
bia gosto muito das suas bolsas poderia passar umas dicas na o encontrei no seu site a,5
voces tem loja fisica,8
tem jaqueta preto tamanho M?,11
nao tenho nada da paula ferber a numeracao e normal a forma,3
tem vestido preto tamanho G?,11
vcs,10
procuro saia plissada em preto,11
obrigada pelo retorno namoro o modelo gladiador me lembro dele mas quando fui procurar ja nao tinha mais,8
eu amei a que tem a ponta duvida tem que ter tornozelo fino obrigada,8
tem blazer preto no 42?,4
obrigada pela presena a,0
uso G na parte de cima; o body canelado serviria?,3
que maximo marca a gente nos seus looks muito feliz que esta curtindo a selea a o de pea as logo mais teremos muitas novidades bacanas d,8
reagiu com a sua mensagem,0
que body posso usar com vestido midi? quero algo clássico,1
ana ja entrei em contato com o pessoal da d aura para entendermos o que aconteceu,5
"quero um look casual para trabalho, uso 44",9
ola dany boa tarde tudo bem sim e com voce peco desculpas por essa demora estou verificando sobre porque ainda nao foi dada sequencia na troca o processo interno nosso ja foi encaminhado com a troca para o tamanho p,2
pergunta a calca saruel silvia e versatil pra viagem resposta combinacoes e ocasioes,3
tem body preto tamanho PP?,11
"perfeeito, obrigada!",0
qual blazer combina com vestido midi em caramelo?,1
se,10
tem jaqueta azul marinho no 42?,4
muito obrigada pelo retorno,0
ahhh bom d entendi errado enta o achei que estava na serra espero que abra o tempo e fiquei um lindo final de semana,8
valoor do frete pro 06030-050?,12
e tem ela preta,8
poosso passar malha canelada? precisa cuidado especial?,2
qualquer outra daovida sigo a disposia a o,8
opa acho que caiu,8
mto obrigada pelo retorno,0
chega quando no 01455-022?,12
obrigada pela presena a silviad,0
a bia ira gravar o vadeo e te enviar,8
oieee obrigada de verdade,0
dica de look para formatura com calça alfaiataria off-white,1
tem saia preto no M?,8
"não serviu, connsigo trocar?",2
posso ppassar linho? precisa cuidado especial?,2
procuro camisa de viscose em bege,1
respostas,10
na o gosto de nada apertado mas essa blusa tem um shane mais ajustado daa fiquei na daovida,1
tem blazer preto tamanho 44?,11
pergunta quanto tempo pra entregar a camisa viajante em sp resposta frete prazos e trocas,2
tem vestido preto no 42?,11
faz em 3x sem jjuros?,2
que saia posso usaar com camisa de viscose? quero algo moderno,1
de onde a c a sanda lia linda,8
link da calca por gentileza,8
cadê o rrastreamento do #2462?,6
credibilidade,10
claro envio sim mas ata c para na <num> s entendermos o que esta ocorrendo com essa visualizaa a o vocaa esta acessando pelo celular que aa ja direcionamos pra equipe ta c cnica corrigir,5
"meu pedido #3201 não atualiza, pode ver?",6
que lindoo,0
nao tem um link de comunicacao no whatsapp,5
tem blazer verde tamanho M?,7
vaalor do frete pro 06030-050?,12
pergunta tem estoque da camisa de responsa no tamanho m resposta preco estoque e pagamento,3
cadê o rastreamento do #6428?,6
pergunta da pra usar a blusa molona em festa de dia resposta combinacoes e ocasioes,1
como proceder p troca,2
oi esse conjunto marrom a c vendido tamba c m,8
tem jaqueta preto tamanho PP?,11
mas a experiaancia de compra na o foi legal,2
que honra ddd,0
uauuu ameiii linda saia,8
oie em breve trarei uma curadobia de bolsas por aqui tmb,8
voce poderia me passar o contato dos responsaveis,8
tem body canelado bege PP?,8
"perfeito, obrigadda!",0
obrigada no aguardo que seja disponibilizado o envio,0
"tenho 104cm de busto e 118cm de quadril, qual tamanho do calça alfaiataria vc indica?",3
estamos entrando em contato porque identificamos que ha um tempo voce demonstrou interesse nas sandalias da bia que apareceram em um dos nossos reels agora eles estao disponiveis no site do curadobia o link clicavel segue na proxima mensagem obrigada por nos acompanhar katia qualquer duvida estamos a disposicao equipe curadobia,5
ola,10
quero jaqueta caramelo 46,1
um dos meus modelos favoritos do site todinh,5
quero vestido verde 44,13
carrinho não abbre no celular,2
dica de look para happy hour com calça alfaiatarria preto,8
gosto muito dos looks mas percebo que ha muito jogo c volumes,3
dica de look para aniversário com body canelado azul marinho,8
site,10
boa tarde comprei a blusa pah mas na o consigo deixa la parecida como da fotoa acho que estou usando de forma erradaa tem alguma tutorial de como vesti la rs,1
pergunta a camisa viajante e feita no brasil resposta extras e institucional,1
tem tabela de medidas do body canelado?,3
pergunta a blusa molona ta em promocao resposta preco estoque e pagamento,2
independente disso sigo aqui para o que voce precisar,8
to de olho faz tempooo,8
dizer,10
faz em 3x ssem juros?,2
que saia posso usar com body canelado? quero algo moderno,1
pergunta se eu sou baixa a calca saruel silvia fica muito comprida resposta tamanho e medidas,3
meu,10
tem camisa verde no GG?,7
"sou M, às vezes pego 38; o body canelado segue a tabela certinha?",4
tem linnk? como compro?,8
valorr do frete pro 06030-050?,12
tem blazer linho preto 44?,4
tem camisa preto tamanho 42?,11
boa noite havera reposicao da saia unica preta no tamanho <num>,8
tem vestido verde no M?,7
me indica um camisa off-white tamanho 46?,1
obrigada pelo convite adorei a minha sandalia nova hearts,0
saberia,10
"quero um look moderno para trabalho, uso 42",9
vou amanha obrigada,0
posso passar linhho? precisa cuidado especial?,2
"meu pedido #8892 nãão atualiza, pode ver?",6
que jaqueta posso usar ccom camisa de viscose? quero algo moderno,1
com certeza sera um sucesso obrigada ana,0
"prazo pro meu cep 01255-022, chega até 3 dias úteis?",12
oi renata boa tarde ana aqui voce conseguiu dar uma olhada nas opcoes que te mandei qualquer coisa sigo aqui para o que voce precisar ta,8
quero body verde 38,13
ja ta seguindo dd>>,8
de onde a c esse macaca o maravilhoso amo a i,8
bom dia julienne o que achou da nossa selea a o,8
tem camisa preto tamanho G?,11
pergunta a trench facil e versatil pra viagem resposta combinacoes e ocasioes,3
bem e vc ana muito obrigada,0
oi lucia bom dia tudo bem aqui a c a ana do time curadobia vocaa conseguiu dar uma olhada em tudo que te mandamos se tiver alguma daovida sigo aqui,8
tem vestido verde no 44?,7
tem jaqueta preto tamanho 44?,11
coleira,10
nuances,10
aqui,10
oie td bem e vc ainda nao mas em breve tera,8
tem link? comoo compro?,5
cadê o rastreamento do #3346?,6
a regata arrumadona m,8
