texto,intent,cluster
😍,outros,1
😍 body mybasic,outros,1
"oi bia, tudo bem? adorei a @curadabia, (o nome ficou demais), e claro ja fui olhar as peças! não localizei tabela de medidas! porem, pelo tamanho das peças que vc veste o g provavelmente não vai caber em mim! uso 46/48, a depender da confecção! pense com carinho em fazer uma curadoria para tamanhos normais! desejo muito sucesso nessa nova empreitada! que deus te abençoe! bjos!",duvida_tamanho,3
https://www.instagram.com/_nata.oficial?igsh=n204dxp5bzn6azbz,onde_comprar,7
obrigada! beijinhos,agradecimento,13
olá,saudacao,0
como falo com alguém daí,outros,9
comprei um body e paguei frete de 7 dias úteis pra levar pra uma viagem agora na sexta,prazo_entrega,12
mas a peça ainda não chegou,outros,9
era pra ter chegado ontem,outros,9
com quem falo b,outros,9
???,outros,10
"oii, tudo bem??",saudacao,10
chegou,outros,9
mas paguei por uma coisa que não recebi,outros,12
então era pra ter pago menos a meu ver,outros,12
e achei muito difícil o contato com vcs,outros,12
não tem um link de comunicação no whatsapp,disponibilidade,0
no e-mail da nota fiscal não tem nada,disponibilidade,12
precisei escrever em uma postagem,outros,8
"enfim , por muito pouco não me atende",outros,9
paguei sedex porque estou indo hoje pra londres e queria levar o body,outros,12
e o body me chega hoje,outros,9
muito tenso,outros,2
por muito pouco a minha frustração seria ainda maior,outros,9
"o produto é lindo , apesar de ter ficando um pouco grande",outros,3
mas a experiência de compra não foi legal,outros,12
tudo bem também!!,outros,4
"somos uma produtora de áudio visual, e achamos que seria interessante apresentar o nosso trabalho e portifólio!",outros,0
você poderia me passar o contato dos responsáveis?!,outros,0
"de todo modo , agradeço por perguntar",outros,5
tudo bem,outros,4
"não vou trocar , vou tentar reduzir o gancho",troca_devolucao,9
muito obrigada!! tenham um bom fim de semana!,agradecimento,5
ebaaaaa,outros,2
"ola bia sou a daniela e gostaria de apresentar minha marca pra vc, a queens gate. minha sócia e eu já te acompanhamos tem um bom tempo e somos muito fãs! a sua curadoria com seus ""neutros com tcharanz"" reforçou a vontade de apresentar o conceito da nossa marca pra vc. vamos completar 1 ano em agosto e adoraríamos um bate papo com vc pra contar nossa história e nossos planos. moro em londres e minha sócia em sp e vou deixar meu whatsapp pessoal por conta do fuso aqui e mando o link do nosso insta pra vc dar uma olhadinha 😉 obrigada ! +1(917)868-9790",disponibilidade,0
feliz demais q vc gostou ! ☺️☺️☺️ me fala como funciona melhor pra vc e marcamos um call,outros,8
"olá, gente! bom dia! acabei de ver o post da bia sobre camisas. somos uma pequena alfaiataria e camisaria é o core da nossa criação. gostaria muito de apresentar nosso produto pra vocês. se vocês acharem conveniente, por favor, indiquem a melhor forma de contato. abraço, stella",saudacao,3
https://www.instagram.com/queensgatestore?igsh=mjc0c2g5chnmn25k&utm_source=qr,onde_comprar,7
"acho ótimo. pode ser segunda 29 na parte da tarde. estamos com 4horas de fuso, qual horário seria bom pra vc?",outros,9
boa tarde! tudo ótimo! segunda à tarde em qualquer horário.,saudacao,14
fechado 3pm brasil !,outros,2
daniela.masson@hotmail.com,outros,0
obrigada ! até lá,agradecimento,5
stellathomazbastos@gmail.com,outros,0
funciona,outros,10
😍,outros,1
onde e a loja?,onde_comprar,12
"toque em ""continuar"" para aceitar ou recusar o pedido.",outros,8
11-991428141,outros,0
"ola meninas seguem meus contatos: +1(917)868-9790 daniela.masson@hotmail.com muito bom falar com vcs ontem, obrigada ! falamos na sequência por whatsapp 🌷",onde_comprar,0
eu estou vendo mesmo que está demorando. mas super obrigada! bom final de semana brenda,agradecimento,9
adorei!!!! 😘😘🌷,outros,11
esse é o fechado,outros,2
já tô seguindo 👊🏻,outros,9
acabei de comprar um conjunto. se não servir posso trocar? pelo seu cep deve ser perto da minha casa. o meu 04531-020,troca_devolucao,12
"boa tarde! na página da regata podrinha cinza eu não consigo ver as medidas dos tamanhos acima do g, que são justamente o que visto. poderia me enviar essas medidas dos tamanhos gg e xgg, por favor?",outros,3
estou vendo pelo celular sim.,outros,9
tá joia.,outros,2
muito obrigada pela atenção!,agradecimento,5
a calça ficou sobrando muito atrás.,duvida_tamanho,6
"olá, boa noite",saudacao,14
gostaria de saber o tamanho da cintura dessa calça no tamanho m,duvida_tamanho,3
maravilha!,outros,2
mto obrigada msm,agradecimento,5
oieee,saudacao,2
bom dia,saudacao,14
"caso não fique com, como funciona a troca?",troca_devolucao,10
ahhh maravilha,outros,2
mto obrigada,agradecimento,5
ainda hj vou efetuar a compra da calça,outros,6
"e eu, como estou na praia, torcendo para não baixar!!!!!🤣🤣🤣",outros,9
😍,outros,1
😍,outros,1
👏,outros,4
bia gosto muito das suas bolsas . poderia passar umas dicas ?? não encontrei no seu site …,outros,12
olá bia tudo bem?,saudacao,10
"tudo bem bia gostaria muito de saber se nesta sua plataforma vc assiste aos clientes em encontrar produtos, lojas, etc?",outros,12
é fato! perguntei pois está a procurando uma peça e não encontrava,outros,6
mas super entendi e aproveito pra agradecer e elogiar seu trabalho,outros,5
beijos,despedida,2
😍,outros,1
👏,outros,4
👏,outros,4
"olá! onde encontro os sapatos? este e as gladiadoras, especialmente.",saudacao,6
na torcida ❤️,outros,2
"olá, boa tarde",saudacao,14
preciso de uma ajudinha com o meu pedido,outros,12
olá,saudacao,0
"olá , bom dia",saudacao,14
eu comprei a calça pantalona branca no dia 13/08,disponibilidade,6
e ainda não chegou,outros,9
vc consegue rastrear o meu pedido?,prazo_entrega,12
aiiiin que pena,outros,2
eu queria usar nas fotos que irei fazer amanhã,outros,9
olá!!,saudacao,0
meu pedido chegou hj!!,outros,0
"mas, ficou grande😫",troca_devolucao,3
como é o processo da troca?,troca_devolucao,10
tem cupom de desconto primeira compra?,preco_pagamento,12
boa tarde. gostaria de saber se vocês enviam para fora do brasil. obrigada.,saudacao,2
e esses sapatos incríveis? teremos a chance de tê-los? rs,outros,6
bom dia! ontem tive o prazer de conhecer vc ao vivo! eu estava no mil plantas! vc e lindíssima! ❤️,saudacao,14
bom dia. comprei esta blusa mas a parte que passa encima do ombro está solta. é assim mesmo? podemos falar para eu entender melhor? obrigada. meu cel 983389576,saudacao,3
"obrigada pelo retorno! namoro o modelo gladiador, me lembro dele, mas quando fui procurar, já não tinha mais 😐",agradecimento,11
reagiu com 😢 à sua mensagem,outros,8
obrigada. no aguardo que seja disponibilizado o envio.,agradecimento,0
muito obrigada,agradecimento,5
oi,saudacao,2
pode me chamar novamente por favor?,outros,0
11,outros,2
993811193,outros,0
olá bom dia,saudacao,14
td bem?,outros,10
"sobre a troca da calça que comprei (quero trocar por um tamanho menor). recebi um e-mail de vcs no dia 29/08/24 , respondi mas, dps disso não tive mais retorno",troca_devolucao,12
conseguem me ajudar por aqui?,agradecimento,12
olá! por favor vcs tem desconto para a primeira compra? obrigada!,preco_pagamento,12
oie,saudacao,2
mto obrigada pelo retorno,agradecimento,5
obrigada!,agradecimento,5
oiee! bom dia,saudacao,14
"sim! a carol entrou em contato comigo! uma fofa , super atenciosa",outros,9
"olá bia! te vi no post da teti gio amei o seu perfil eu tenho uma marca de joias autorais, com design minimalista e ouro sustentável adoraria te apresentar @eunoyah_jewelry também gostaria de conversar sobre divulgacao, se houver interesse, claro :) muito obrigada um abraço evelyn",saudacao,0
ambos :),outros,10
bom dia!,saudacao,14
como posso fazer essa apresentacao?,outros,12
obrigada pelo retorno,agradecimento,5
obrigada ;) enviarei!,agradecimento,5
bia! esse seu curadobia está um arraso! muito tentador. parabéns pelo projeto. uma dúvida: qual a sua altura? estou interessadíssima nessa calça mas sou baixa (160cm) e geralmente tenho que fazer a barras das calças - o que não é muito fácil com essa… 😅 obrigada,agradecimento,3
gosto da calça assim mais curta! visto entre 38-40 (quadril 95),duvida_tamanho,3
"ola, tudo bem? meu nome é gisela, acabei de fazer um pedido.",saudacao,0
consegue me informar de onde é essa sandália?,outros,6
ah que bom!! é lindíssima!! parabéns.,outros,11
"deixa eu tirar outra dúvida, vc faz consultoria de imagem/estilo tb? se sim, como funciona?",outros,0
"boa tarde! comprei a blusa pah , mas não consigo deixá-la parecida como da foto… acho que estou usando de forma errada… tem alguma tutorial de como vesti-la ? rs",outros,3
já tentei três vezes. será que pode ser o tamanho?,duvida_tamanho,3
gostaria de saber qual a altura e medidas da bia pra entender melhor o tamanho de referência.,duvida_tamanho,3
obrigada,agradecimento,13
"muito obrigada, legal que sou do mesmo tamanho que ela!",duvida_tamanho,5
"oi, as compras são direto no site?",saudacao,12
olá! bom dia,saudacao,14
eu amei a blusa branca tcharam 🥰,disponibilidade,11
mas gostaria de experimentar antes de comprar. é possível? meu cel (11) 99904-7575,outros,12
obrigada,agradecimento,13
ops é a blusa pah,outros,2
maravilha 🙌🏼,outros,2
"bom dia. estou interessada na blusa pah, mas estou em dúvida quanto ao tamanho. minhas medidas: busto 92 cm e cintura 75 cm.",duvida_tamanho,3
m,duvida_tamanho,2
"não gosto de nada apertado, mas essa blusa tem um shane mais ajustado. daí fiquei na dúvida.",disponibilidade,3
"ok, obrigada.",agradecimento,5
qual tamanho?,duvida_tamanho,3
"eu quero comprar esses acessórios, como faço?",outros,6
aguardo ansiosa pelos seus pisantes na curadobia,outros,2
"amoooo suas rasteiras, não são da sua lj, mas poderia indicar aonde têm aquela custo benefício?",disponibilidade,12
"ok, muito obrigada 😊",agradecimento,5
reagiu com 👍 à sua mensagem,outros,8
😍,outros,1
oii o site curadobia está fora do ar?? fui visitar através dos link da bio e não funcionou ... bjs,saudacao,12
vou olhar aqui meu anti virus.. pq ele bloqueia o curadobia... veja:,outros,9
olá! tudo bem? tem cupom para 1a compra?,cupom_primeira,12
"fui olhar para comprar o tamanho 1 dessa calça, porém a largura da cintura e do quadril eh a mesma - 98",duvida_tamanho,3
eh isso mesmo?,outros,10
muito obrigada pelos esclarecimentos,agradecimento,5
vcs tem desconto para primeira compra?,preco_pagamento,12
"bom dia! gostaria de adquirir essa calça, mas não está mais disponível. podem me ajudar? obrigada",disponibilidade,6
obrigada!,agradecimento,5
"oiii! tudo bem? me chamo caroline sou formada em marketing e trabalho como social media tem um tempinho, estou a procura de uma nova oportunidade no mercado de trabalho. gostaria de saber se tem um espacinho no time de vocês, vou deixar o meu número, e-mail e portfólio. caso queria marcar uma call para falarmos mais estou por aqui. cel: (11) 94443-8896 e-mail: cspereiramkt@gmail.com portfólio: https://cspereira.my.canva.site/ obrigada desde já 💖",disponibilidade,0
"oieee, obrigada de verdade 💖",saudacao,5
https://www.instagram.com/minimadeia/profilecard/,onde_comprar,7
tutu. meu filho é tutu. arthur kkkk,outros,2
😍,outros,1
https://www.instagram.com/_nata.oficial/profilecard/,onde_comprar,7
e a calça é de onde?,outros,6
ola! estou tentando finalizar uma compra mas aparece o seguinte erro,outros,12
obrigada,agradecimento,13
ola! por favor algum retorno?,saudacao,5
bom dia! consegue me mandar o vídeo?,saudacao,9
que legal! vai ajudar muito!,agradecimento,5
deu certo mas a peça que eu queria acabou…,outros,9
obaaaa,outros,2
"a jaqueta branca. uma pena eu não conseguir comprar por problemas técnicos, uma experiência de consumidor mto ruim",disponibilidade,12
😍,outros,1
como comprar ?,onde_comprar,12
parabéns!!! excelente ideia!!! vim pelo insta da glória kalil 😍 - torcendo por mais um sucesso!,onde_comprar,11
😍,outros,1
ibaaaa,outros,2
experimentei essa jaqueta. maravilhosa,agradecimento,6
tenho interesse nessa jaqueta,outros,6
👏,outros,4
https://www.instagram.com/tatho.brasil/profilecard/,onde_comprar,7
👏,outros,4
https://www.instagram.com/agola__/profilecard/,onde_comprar,7
👏,outros,4
adoro…!,outros,11
você é linda e de uma delicadeza admirável,outros,11
lindíssima,outros,11
😍,outros,1
😍,outros,1
😍,outros,1
onde posso comprar?,outros,12
"bom dia! sou a gianina marques, mineira, mãe e autora de joias artesanais. gostaria de deixar meu insta para vcs conhecerem minhas joias feita com carinho e totalmente exclusiva. aguardo o retorno de vcs q tem tanto conhecimento na área. desde já obrigada! @gianinamarques",disponibilidade,0
eu amei a que tem a ponta. duvida. tem que ter tornozelo fino? obrigada,disponibilidade,6
legal. obrigada,agradecimento,5
não tenho nada da paula ferber. a numeração é normal a forma?,duvida_tamanho,13
já vi e amei!! esperando a virada do cartao pra perder os juízo!,preco_pagamento,11
👏,outros,4
vocês tem loja física?,disponibilidade,12
comprei a jaqueta 😻,outros,6
oii comprei a bico fino. o dedo fica um pouquinho de lado pra fora né? mas super confortável,duvida_tamanho,6
lindaaaa,outros,2
acha melhor pegar maior?,outros,3
11 99635.2663,outros,0
vou amanhã. obrigada,agradecimento,9
"muito obrigada, elas entraram em contato comigo. realmente a sandália é linda , mas infelizmente fico um pouco fora $$$ pra mim !",agradecimento,12
reagiu com 👍🏿 à sua mensagem,outros,8
obrigada,agradecimento,13
já comprei! e acabou de chegar!!,outros,12
https://www.instagram.com/wendyelborin/profilecard/,onde_comprar,7
ai..me ajuda com o vídeo …. ainda não usei a blusa!!,outros,3
não consigo deixá-la deste jeito,outros,9
https://www.instagram.com/usemyk/profilecard/,onde_comprar,7
essa sandália calça certo ?calço 36 .será que preciso comprar 37 ?,duvida_tamanho,3
obrigada !!,agradecimento,5
ola!,saudacao,0
fiz uma compra de um casaco com vcs e não vestiu bem. gostaria de trocar por uma calça fresquinha tamanho m.,troca_devolucao,6
alguém poderia entrar em contato comigo por e-mail ou whatsapp? o site de vcs parece que está com problemas. não funciona direito não.,onde_comprar,12
meu tel 21 99245-3454,outros,0
email: adrianaleitecarvalho@gmail.com,outros,0
muito obrigada!,agradecimento,5
este é meu whatsapp…,onde_comprar,0
qual foi a mensagem?,outros,8
é acolchoada ?,outros,10
reagiu com 👍 à sua mensagem,outros,8
muito estilo,outros,11
lindas !!,outros,11
"bom dia tudo bem? então eu tenho mito daqueles vestidos , com estampas, e alguns até são estampas geométricas e todas as opções possíveis . como posso fazer que não fiquem parecendo quando usar aquelas roupas que não tem nada haver comigo . eu estou em uma fase de camisa, calça jeans bem moderna . e roupas mais discretas . mas é esses vestido como usar ?",disponibilidade,3
caraca muito!,outros,2
https://www.instagram.com/___lourie___/profilecard/,onde_comprar,7
"boa tarde, me interessei pelos macacões, com zíper mostrados pela bia.",saudacao,11
macacões com mangas,outros,11
gostei da corrente dourada também.,outros,11
"os brincos argola frontal, não sei o nome da peça kkk",outros,6
oi bia. sou erika dos @brincosdiferentes. gostaria de saber como você trabalha em relação a promoção de produtos. meus brincos são autorais e os fabrico a 39 anos. a produção é 100% nacional. fabricamos desde a liga do metal até o banho de ouro 18k. nossos brincos são todos bordados a mão com um finíssimo arame de cobre e depois banhado a ouro. espero seu contato. obrigada.,saudacao,0
"por favor , me interessei por este macacão . quais tamanhos e como comprar ?",duvida_tamanho,11
obrigada pelo retorno,agradecimento,5
teria as medidas do 42,duvida_tamanho,13
"pois sou , em algumas marcas , 44",duvida_tamanho,13
"e em outras , 42",duvida_tamanho,13
estou tentando contato para devolução de mercadoria e ninguém me atende! nem por whatsapp e nem e-mail. comprei um vestido que quero devolver. como devo proceder? cristina hees 11 970499507,troca_devolucao,12
e quadril ?,duvida_tamanho,2
vou checar as minhas medidas e volto com vcs,duvida_tamanho,9
macacão precisa ser mais soltinho,outros,11
"oi bia, tudo bem? me chamo alice, sou sócia da monti, uma marca de moda que preza por estilo atemporal e peças de qualidade. estamos buscando consultoras de imagem parceiras para recomendar nossas peças aos seus clientes, e pensei que poderíamos criar algo bem legal juntas! o que acha de agendarmos um papo para te contar mais sobre a nossa história e a ideia de parceria? fico no aguardo!",pedido_sugestao,0
ok,outros,4
falamos por lá,outros,9
"ainda não , super correria",outros,9
"olá, quanto custa a pantalona?",preco_pagamento,6
"olá, eu encontro as medidas no site?",duvida_tamanho,12
e a blusa?,outros,3
😍,outros,1
"oiee tudo bem? amei a bota, tem curadoria dela? bjos",disponibilidade,6
"queria ver sua sapateira pq tudo é lindíssimo, mas seus sapatos são escolhidos a dedo, tudo a ver com vc sempre… esse é da laiá né?",outros,6
uhuu,outros,2
👏,outros,4
"linda calça, qual é a marca?",outros,6
de onde é a sandália linda?,outros,6
reagiu com 👍 à sua mensagem,outros,8
https://www.instagram.com/durgashop/profilecard/,onde_comprar,7
https://www.instagram.com/voceamara/profilecard/,onde_comprar,7
"claro, mando tudo la",outros,9
obrigada pelo retorno!,agradecimento,5
"olá, tudo bem?! meu nome é leonardo, trabalho na importadora @lulitex_textil @lulitexfashion vi o instagram da marca e vocês tem o perfil lulitex, muito sofisticação e bom gosto. trabalhamos com pronta entrega e importação de tecidos exclusivos de acordo com a demanda do cliente. nosso showroom tem um acervo enorme. será um prazer recebe-los em uma visita. poderia me passar o contato do estilo ou compras? desde já agradeço a atenção. att, leonardo josé e-mail: leonardo@lulitex.com.br pabx: +55 11 2105 1541 whatsapp: 11 9.9600-2547 www.lulitex.com.br",prazo_entrega,0
😍,outros,1
olá!! como vai funcionar? onde vai ser? obrigada!!,saudacao,0
https://www.instagram.com/giom.ei/profilecard/,onde_comprar,7
de onde é esse macacão maravilhoso!!! amo ❤️,agradecimento,11
"bom dia gostei muito de uma calça mais gostaria de ter informações dos tamanhos , se te tabela de medidas , como faço para saber , poderiam me ajudar ? no aguardo grata adriana baggio",duvida_tamanho,3
"olá vcs tem uma tabela de medidas para essa calça , amei e gostaria de escolher o tamanho certo visto 40 e tenho 1.05 de quadril , então não tenho certeza do p ou m poderiam me ajudar ? no aguardo grata adriana baggio",duvida_tamanho,3
"certo, obrigada !!! o prazo de entrega são 19 dias mesmo ?",prazo_entrega,0
"oi, pessoal, tudo bem? mariele da icon aqui. adoraria apresentar a agência e os talentos que representamos para vocês. acredito que temos uma super sinergia e que seria lindo colaborarmos futuramente! qual o melhor contato para falarmos disso, por favor? muito obrigada!",saudacao,0
👏,outros,4
tô chegando!,outros,9
🖤🖤🖤,outros,2
"precisei sair correndo por um problema com minha filha, que ja esta bem! mas nem consegui me despedir! obrigada queridas pelo convite!!!",agradecimento,9
❤️❤️,outros,2
😁😁,outros,2
"aaaah, perdi! quando vai ter offline de novo?",outros,9
😍,outros,1
🥰,outros,4
obrigada pelo convite! adorei a minha sandalia nova! ♥️,agradecimento,6
👏,outros,4
boa tarde! a jaqueta off da nauanim voltou?,saudacao,6
😍,outros,1
"sim, obrigada",agradecimento,5
😮,outros,2
https://www.instagram.com/luiseramirezbrand/profilecard/,onde_comprar,7
https://www.instagram.com/numerodez.numerodez/profilecard/,onde_comprar,7
😍,outros,1
o site está passando por problemas?,outros,12
"oi pessoal! tudo bem? acredito que essa calça tenha esgotado, certo? vai ter reposição dela? aguardo retorno! obrigada, milene",disponibilidade,6
perfeito! fico no aguardo! abraço,agradecimento,9
ola boa tarde tudo bem? tenho uma confecção trabalho com tecido plano e malha faço todo desenvolvimento da peça começando da peça piloto e entrego a produção passada e embalada caso tenha interesse meu número é 11948549084 obrigada,saudacao,0
😍,outros,1
que roupa bonita,outros,3
"olá! primeiramente quero dizer que a curadobia está fantástica! vi que vários produtos estão indisponíveis no site, como a blusa pah e phyna por exemplo tem alguma previsão de retorno ao estoque?",disponibilidade,12
reagiu com 💜 à sua mensagem,outros,8
"obrigada pelo retorno! vou acompanhar, então. beijo beijo 💋 💋",agradecimento,9
"olá! sua curadoria, projeto editorial e gráfico, são incríveis. parabéns! mas sua plataforma de e-commerce não funciona bem, estou desde ontem tentando fazer compras, mas páginas não carregam, carrinhos esvaziam. muito difícil!",saudacao,12
"olá, tudo bem? seriam essas peças:",saudacao,10
"as duas camisas, o body, a calça e o colar. eu visto p.",duvida_tamanho,3
adorei a dica!,outros,11
"olá, fiz uma compra com vocês. tudo certo?",saudacao,12
oba! ❤️,outros,1
"oi, pessoal. tudo bem? estou com dúvida sobre numeração de uma peça de vocês. aguardo retorno, obrigada! milene",duvida_tamanho,13
tudo bem e vocês?,outros,10
joia,outros,2
estou de olho nessa peça aqui 👇🏻,outros,9
porém na dúvida do melhor tamanho,duvida_tamanho,3
eu costumo usar p ou pp se a confecção é grande,duvida_tamanho,3
36 ou 38,duvida_tamanho,13
não rsrs,outros,2
vou olhar,outros,9
"na verdade eu já assisti ao vídeo do casaco no site curadobia várias vezes para tentar chegar a essa conclusão, mas não consegui",outros,6
"posso trocar, caso eu experimente e prefira uma maior?",troca_devolucao,3
outra dúvida é sobre o tom certinho dessa jaqueta. no site achei que estava num tom diferente dos stories,outros,6
perfeito,agradecimento,4
eu amo todos os seus looks! combina 100% com o meu estilo! queria ter todas as peças para mim! pena que moro do outro lado do mundo.,pedido_sugestao,11
https://revistamarieclaire.globo.com/moda/noticia/2024/08/bia-paes-de-barros-usa-expertise-em-consultoria-de-moda-e-lanca-curadoria-de-pecas-em-site-de-garimpo.ghtml?fbclid=pazxh0bgnhzw0cmteaaabtooq7rft69-14p2vewwiwwndqxvdl2mr4hkmrlgelvmjri66dz7p8__4_aem_r0ojw7surovb9xnwndzvwq,outros,11
bom dia,saudacao,14
entrar em contato com a luciana nossa gerente comercial no email gerencia@elisaatheniense.com.br,outros,0
por nada!,outros,2
"olá, tudo bem e com vcs ? vi que vcs enviaram um e-mail para nós, vou responder vcs por lá, ok? um beijo e muito obrigada pelo contato <3",saudacao,0
oi,saudacao,2
a regata chiquetosa vai voltar pro estoque?,disponibilidade,2
reagiu com 🖤 à sua mensagem,outros,2
e a regata arrumadona?,outros,2
volta pro estoque?,disponibilidade,9
boa tarde!! fiz um pedido de uma blusa brilhei no dia 13/01. não recebi nenhum e-mail de confirmação. será que está tudo certo? meu nome é cristiane rocha loures brenner.,saudacao,12
ok! obrigada. vi que foi lançado no meu cartão de crédito.,preco_pagamento,12
"olá curadobia, tudo bem? agradecemos o interesse pela marca. para garantir que você receba a atenção e cuidado adequados, pedimos a gentileza de encaminhar mais informações como contatos, rede social e portfólio para mkt.conteudo@escuderoonline.com.br. nossa equipe de marketing é especializada nesse assunto. dessa forma, tenho certeza de que eles avaliarão e, se houver interesse, entrarão em contato prontamente. fique à vontade para entrar em contato caso tenha alguma dúvida. estamos aqui para ajudar.",saudacao,0
ei ana,outros,2
tudo bem?,outros,10
em março eu vou produzir reposição e cores novas de tudo,disponibilidade,9
agora estou organizando as coisas,outros,9
aí entro em contato vocês,outros,9
pode ser?,outros,10
oi!,saudacao,2
a regata arrumadona m,duvida_tamanho,2
olá!! obrigada. qual a previsão de entrega?,prazo_entrega,0
"como uma crítica construtiva, vcs deveriam mandar um e-mail para confirmar o pedido. compro bastante on-line e sempre vem o e-mail do status do pedido!! o cliente fica mais seguro da compra.",duvida_tamanho,0
sim,outros,10
vamos marcar ☺️,outros,1
eu não recebi a confirmação dessa compra,outros,12
"oi ana a marcia fonseca esta em contato com vc, ne? vamos conversar sim, a fernanda tem mto interesse",disponibilidade,9
sim,outros,10
pode,outros,2
ok!! entendi. obrigada pelo retorno. um abraço,agradecimento,5
"oiii boa tarde , me chamo talita e sou figurinista na emissora cnbc @cnbc licenciada pela @otimesbrasil , uma emissora nova que transmite jornalismo de negócios e é lider mundial no seu segmento. temos no nosso elenco grandes nomes do jornalismo incluido carol barcellos , rita wu, erica reis , christiane pelajo , zeca camargo, natalia ariade estou apenas dando um exemplo do time de peso que faz parte da emissora. as meninas são a cara da marca, elas postam , marcam o @, tem o manequim otimo e sao mega fotogênicas. podemos alinhar a produção , me ajudem rs vai ser uma parceria incrivel ! um beijo e aguardo retorno",disponibilidade,0
"olá, tudo bem? entre em contato com nosso comercial, 085987859507",saudacao,0
oie,saudacao,2
chama no mkt@gammba.com,outros,0
"bia, tudo bem? tenho uma festa bem legal e o traje é black and white. pensei na blusa pah, mas queria saber se o tecido fica vistoso e se você recomenda alguma calça mais festa para combinar. beijos julie",duvida_tamanho,3
boa noite ! haverá reposição da saia única preta no tamanho 1 ?,duvida_tamanho,3
ok obrigada,agradecimento,5
"oi time da curadobia tudo bem? sou joana, sigo o perfil e amo! tem uma calça que vi numa propaganda, que me apaixonei, mas não encontrei no site. queria saber de onde ela é, por favor. se puderem, vocês me contam? super obrigada! bj",disponibilidade,6
https://www.instagram.com/ac.gromann?igsh=mwe4dtziy2izetaxnw==,onde_comprar,7
oi boa tarde,saudacao,14
adquiri uma máxi pantalona valéria mansur,outros,6
p,duvida_tamanho,2
ficou enorme,duvida_tamanho,3
como proceder p troca?,troca_devolucao,10
"obrigada pelo retorno, as peças são incríveis! é que me apaixonei por essa calça, então foi ela que me prendeu o olhar! 😉☺️",agradecimento,6
até agora nada!,despedida,9
"eu sugiro q vcs verifiquem melhor as parcerias de fornecedores, pois não comprarei mais nesta curadoria! infelizmente, gosto mto do trabalho da bia… mas assim inviabiliza!",outros,0
"olá meninas, tudo bem? comprei a saia preta da d aura em outubro, precisei trocar (foram rapidíssimos), mas só hoje eu soube que não levaram a sacola com a peça a ser trocada (ficou este tempo todo na minha portaria). como faço?",troca_devolucao,6
linda gladiadora!,outros,11
sim!,outros,10
"na verdade foi o porteiro, rs!",outros,9
"tranquilo, obrigada!",agradecimento,5
reagiu com 👍 à sua mensagem,outros,8
já respondi! sim no wzap,outros,10
vocês irao vender oysho????,outros,12
é o pedido 502!,outros,13
olá tudo bem ana e vc? que bacana… vou passar o whatsapp da maiá pode falar com ela por gentileza! 11-983268095,onde_comprar,0
vou seguir.,outros,9
que honra 😍😍😍,outros,11
já comprei 3 peças da curadobia,outros,6
amando ♥️♥️♥️,outros,2
😍,outros,1
linda essa blusa,outros,3
não tem mais numeração 37,duvida_tamanho,13
boa noite.,saudacao,14
"estou com duvidas sobre o tamanho da saia unica, visto 42 , mas as medidas no quadro de tamanhos parecem grandes, mas existe a informação de que o tamanho 1 corresponde ao 36….",duvida_tamanho,3
bom dia … obrigada 🙏🏻,saudacao,14
poxa… que pena… quando tiverem me avise por favor,outros,9
ok,outros,4
obrigada,agradecimento,13
cadê? quero,outros,2
"bia, td bom? não estou conseguindo finalizar a compra da ""regata podrinha"". coloquei os dados do cartão e no campo cvv eu ponho os números mas o sistema ignora que eu coloquei. tentei várias vezes, acho que está com problema…",preco_pagamento,12
que lindoo😍,outros,11
👏,outros,4
"boa tarde, pessoal! tudo bem? estava namorando um macacão verde no site da marca d-aura, porém não localizei mais 😕. saiu de coleção? não terá reposição? aguardo. obrigada milene",disponibilidade,11
tudo bem também. que pena 😕 eu queria exatamente o verde! 😩,outros,4
vai ter reposição dessa calça?,disponibilidade,6
ola! muitíssimo obrigada 💋,saudacao,5
que calça maravilhosa,agradecimento,6
qual o preço?,preco_pagamento,12
"link da calça, por gentileza",outros,6
"olá, sou o gerente de vendas da pg game platform. quero falar com você sobre parcerias. nossa plataforma foi licenciada conjuntamente pelo governo federal brasileiro e pelo governo de curaçao em outubro. você pode se juntar a nós e lhe daremos altas comissões. entre em contato comigo pelo whatsapp: +13434802605",onde_comprar,0
gostaria a camisa branca tamanho m. é possível?,duvida_tamanho,3
"ola pessoal ! tudo bem?! sou a lalá cunha (@laisfcunha) e vim contar um pouco sobre o @coracora_studio estamos em sp e fazemos fotografia, vídeos em formato reels, direção de arte e styling para marcas, de acordo com a sua necessidade. fazemos trabalhos exclusivos para as marcas e, em breve (final de março) também faremos o nosso próximo shooting collab, uma diária criada para incluir várias marcas que têm produtos a serem fotografados, necessitam de um material de qualidade, mas que não querem ter um alto valor de investimento nisso. o proximo collab será em uma locação linda e as modelos foram escolhidas à dedo, e acho que combina muito com a marca de voces. abaixo mando mais infos. vamos conversar sobre essas possibilidades? fico aqui a disposição abraços, lalá 11 972686892",preco_pagamento,0
"olá!! bom dia!! sou muito fã da bia, mas nunca comprei no curadoria. uma dúvida: como faço para escolher um tamanho com mais segurança? tem uma tabela de medidas para servir de referência? obrigada",duvida_tamanho,3
🔥,outros,2
que lindo tudo!,outros,11
"olá! bom dia! roupas lindas aqui! mas não encontrei muitas opções de tamanhos maiores. é isso mesmo? tenho uma cliente que se enquadraria perfeita nesse estilo mais contemporâneo, mas é um tamanho g, gg. 44/46. poderiam me sugerir algumas opções?",duvida_tamanho,3
olá! muito obrigada!! vou ver em breve!!,saudacao,5
preço?,preco_pagamento,12
oii,saudacao,2
obrigada! eu aviso sim!! gostei bastante! vou levar para a cliente.,agradecimento,12
olá! tudo bem? teria um contato do responsável da marca ou comercial para falarmos? obrigada carol 🤍,saudacao,0
"olá, td bem? fiz uma compra com vc e recebi apenas o tricot. vc pode me ajudar ? muito obrigada desde já !",saudacao,12
não estou conseguindo entrar no site para fazer compra,outros,12
oiee,saudacao,2
gosto muito dos looks mas percebo que ha muito jogo c volumes,pedido_sugestao,11
nao sei se ficaria legal p quem esta um.pouco acima do peso,duvida_tamanho,3
sua roupa jeans é de onde?,outros,6
"perfeito, ana. obrigada pelo retorno. 😊",agradecimento,5
ameiiiiiiii,outros,1
"olá!! tudo bem? estou apaixonada por essa jaqueta bacanuda da foto. o preço de 546, pula pra setecentos e tanto na hora de comprar. é isso mesmo? entra um valor de comissão na hora da compra?",preco_pagamento,12
obrigada,agradecimento,13
uma coisa de lindo!,outros,11
oi! esse conjunto marrom é vendido também ?,saudacao,6
obrigada,agradecimento,13
bom dia. gostei da calça. vai ter no site? obrigada,saudacao,6
"bia, você acaba comigo com tantas coisas lindas do curadobia!!! queria muito que tivesse frete internacional ( canadá) eu fico aqui babando!!!! 😍",prazo_entrega,5
"oi ana, obrigada pela resposta! bom, eu vou continuar na torcida pra esse frete internacional se materializar um dia desses pq a gente quer comprar essas coisas lindas e usar logo, né? … infelizmente com o preço do dólar não tenho recebido as amigas aqui tão frequentemente mas é uma boa ideia também - obrigada!!!!",prazo_entrega,12
nossa . perfeito,agradecimento,4
bem e vc ana!! muito obrigada,agradecimento,5
"deu certo, sim. obrigada",agradecimento,5
adorei! como funciona ?🤩,outros,10
"oi ana boa tarde! obrigada pelo contato. sim, estou interessada. tentei comprar após a mensagem da bia mas ainda estava indisponível",saudacao,12
"ótimo, me avise por favor. um abraço e obrigada",agradecimento,5
"visto g, qual tamanho seria? quais cores tem? tem a calça tb?",duvida_tamanho,3
uauuu ameiii! linda saia!,outros,11
❤️,outros,2
olá! esse conjunto ainda não está disponvel no site de vcs né ? poderia me dizer se onde é?,saudacao,6
😍,outros,1
olá. tentei fazer uma compra e após entrar com os dados do cartão e senha vem a seguinte tela,outros,12
fiz o processo 2x será q cobrou 2x?,outros,9
ahh reptilia adoro,outros,11
😍,outros,1
qual a marca do tenis?,outros,6
"oii, bia! tudo bem? por favor, de onde é essa calça? yes i am? procurei aqui no feed e não encontrei… obrigada!",saudacao,6
legal mto obrigada 💚,agradecimento,5
obrigada!,agradecimento,5
"olá! bom dia! me chamo anelisa e gostaria de confirmar se meu pedido foi realizado. não sei se esse é o canal mais adequado para essa solicitação, mas como não achei no site um campo para falar com vocês, decidi vir aqui. fiz essa compra ontem pelo site e logo depois de finalizar, apareceu uma mensagem dizendo que o pagamento não estava confirmado. no entanto no site diz que o pagamento foi efetuado e não recebi nenhuma mensagem do banco dizendo que o pagamento foi negado. além disso também não recebi um e-mail com os dados do pedido. muito obrigada desde já!",saudacao,12
"oi, ana! tudo e você? beleza, obrigada!",saudacao,5
essa tshirt vai estar no evento? namoro tanto ela,outros,11
isso é curadobia hein!,outros,2
"ahh pena! mas na hora certa, vai dar!",outros,9
bia! será que a tshirt angela motta branca com uma manga bafônica vai ter amanhã? preciso dela,disponibilidade,11
obaaa!❤️❤️❤️,outros,1
eba!,outros,2
muito obrigada pelo retorno!,agradecimento,5
endereço,outros,0
"adorei, obrigada vcs!",agradecimento,5
chico neto cd maré mar whatsapp 11965621065 http://palcomp3.com/chiconetodaparaiba/,onde_comprar,0
sua camisa é linda,outros,11
lindo o evento! amei,agradecimento,11
"oi, quanto custa a blusa modernosa? tem gg ?",preco_pagamento,3
👏,outros,4
🥰,outros,4
😍,outros,1
qual o endereço???,outros,0
👏,outros,4
😍,outros,1
foi só hoje ou vai ficar mais tempo?,outros,9
essa gladiadora!! qual o número? tem 37??,disponibilidade,13
e tem ela preta?,disponibilidade,11
"eu quero sim, mas vc poderia me enviar a foto do modelo só pra eu confirmar",outros,9
"vou querer a 46, qual é sua chave pix?",preco_pagamento,13
yes!!,outros,10
37?? não creio,outros,13
tô de olho faz tempooo,outros,9
"tá ótimo, obrigada",agradecimento,5
certo. qual o link da compra?,outros,12
maravilha,outros,2
obrigada ana!!,agradecimento,5
compra realizada,outros,12
eu não recebi email confirmando a compra...,outros,12
"gostei do conjunto, mas não vi no site",outros,6
🥰,outros,4
foi muito legal,outros,11
eu adorei !! ja usei minha saia hj,outros,11
❤️❤️❤️❤️❤️,outros,2
vamos pensar no q podemos fazer juntas🌺🌺,outros,9
olá,saudacao,0
como eu poderia rastrear minha compra?,prazo_entrega,12
bom dia,saudacao,14
por onde posso acompanhar o envio da minha compra?,outros,12
obrigada,agradecimento,13
"oi tudo bem? está com algum problema no site para pagar com cartão de crédito, o código cvv some",preco_pagamento,12
oiiii tudo bem?,saudacao,10
quanto tá essa blusa?,outros,3
obrigada,agradecimento,13
ok. obrigada 😊,agradecimento,5
olá algum cupom de desconto na primeira compra?,preco_pagamento,12
oi! tudo certinho por aí? 💚 somos a ēcru e trabalhamos com embalagens sustentáveis e personalizáveis feitas em algodão cru! nossos principais produtos são: 💚 necessaire 💚 saquinhos 💚 ecobags nos identificamos muito com a sua empresa e adoraríamos te apresentar nosso catálogo! posso te enviar mais informações pelo e-mail ou whatsapp? ah! também aceitamos propostas de orçamento ou cobrimos valores de outros fornecedores!,onde_comprar,0
olá! como tirar dúvidas de tamanho da peça?,duvida_tamanho,3
"boa tarde. estava previsto pra chegar hoje minha encomenda, porém nada foi entregue",saudacao,12
"vc poderia checar se houve algum problema com os correios de são paulo, pois nem chegou no correio de curitiba",outros,12
quero comprar mas preciso saber se ela calça certinho o número do calço o número 35. devo comprar o mesmo?,outros,3
parece que o contato por aqui não é satisfatório...,outros,9
oie!! essa calça vai ter reposição na curadoria?,disponibilidade,6
vc teria alguma informação sobre a minha encomenda?,outros,12
"oie!!! são lindas... porém aquele modelo foi o que mais me agradou...mas tranquilo, super obrigada pela atenção",saudacao,11
Bom dia. Gostei da calça. Vai ter no site? Obrigada,saudacao,6
"Oi tudo bem? Está com algum problema no site para pagar com cartão de crédito, o código cvv some",preco_pagamento,12
Que lindoo😍,outros,11
Qual tamanho?,duvida_tamanho,3
Reagiu com 👍🏿 à sua mensagem,outros,8
Cadê? Quero,outros,9
"Obrigada pelo retorno, as peças são incríveis! É que me apaixonei por essa calça, então foi ela que me prendeu o olhar! 😉☺️",agradecimento,6
"Oi Time da Curadobia tudo bem? Sou Joana, sigo o perfil e amo! Tem uma calça que vi numa propaganda, que me apaixonei, mas não encontrei no site. Queria saber de onde ela é, por favor. Se puderem, vocês me contam? Super obrigada! Bj",disponibilidade,6
👏,outros,4
Adorei! Como funciona ?🤩,outros,10
Tô chegando!,outros,9
Tutu. Meu filho é Tutu. Arthur kkkk,outros,2
Tem cupom de desconto primeira compra?,preco_pagamento,12
Olá!! Como vai funcionar? Onde vai ser? Obrigada!!,saudacao,0
De onde é esse Macacão maravilhoso!!! Amo ❤️,agradecimento,11
Qual o preço?,preco_pagamento,12
Que calça maravilhosa,agradecimento,6
Lindas !!,outros,11
Reagiu com 👍 à sua mensagem,outros,8
É acolchoada ?,outros,10
Obrigada !!,agradecimento,5
Essa sandália calça certo ?Calço 36 .Será que preciso comprar 37 ?,duvida_tamanho,3
Vocês irao vender Oysho????,outros,12
😍,outros,1
Oi BIA. Sou Erika dos @brincosdiferentes. Gostaria de saber como você trabalha em relação a promoção de produtos. Meus brincos são autorais e os fabrico a 39 anos. A produção é 100% nacional. Fabricamos desde a liga do metal até o banho de ouro 18k. Nossos brincos são todos bordados a mão com um finíssimo arame de cobre e depois banhado a ouro. Espero seu contato. Obrigada.,saudacao,0
Ola! Muitíssimo obrigada 💋,saudacao,5
"Olá, Tudo bem? Entre em contato com nosso comercial, 085987859507",saudacao,0
"Olá, eu encontro as medidas no site?",duvida_tamanho,12
"Olá, quanto custa a pantalona?",preco_pagamento,6
"Oiii boa tarde , Me chamo Talita e sou figurinista na emissora CNBC @cnbc licenciada pela @otimesbrasil , uma emissora nova que transmite jornalismo de negócios e é lider mundial no seu segmento. Temos no nosso elenco grandes nomes do jornalismo incluido Carol Barcellos , Rita Wu, Erica Reis , Christiane Pelajo , Zeca Camargo, Natalia Ariade estou apenas dando um exemplo do time de peso que faz parte da emissora. As meninas são a cara da marca, elas postam , marcam o @, tem o manequim otimo e sao mega fotogênicas. Podemos alinhar a produção , me ajudem rs vai ser uma parceria incrivel ! um beijo e aguardo retorno",disponibilidade,0
Gostaria a camisa branca tamanho M. É possível?,duvida_tamanho,3
Mto obrigada msm,agradecimento,5
"Sim! A Carol entrou em contato comigo! Uma fofa , super atenciosa",outros,9
Oiee! Bom dia,saudacao,14
Mto obrigada pelo retorno,agradecimento,5
Oie,saudacao,2
Conseguem me ajudar por aqui?,agradecimento,12
"Sobre a troca da calça que comprei (quero trocar por um tamanho menor). Recebi um e-mail de vcs no dia 29/08/24 , respondi mas, dps disso não tive mais retorno",troca_devolucao,12
Td bem?,outros,10
Olá bom dia,saudacao,14
Como é o processo da troca?,troca_devolucao,10
"Mas, ficou grande😫",troca_devolucao,3
Meu pedido chegou hj!!,outros,0
Olá!!,saudacao,0
Eu queria usar nas fotos que irei fazer amanhã,outros,9
Aiiiin que pena,outros,2
Vc consegue rastrear o meu pedido?,prazo_entrega,12
E ainda não chegou,outros,9
Eu comprei a calça pantalona branca no dia 13/08,disponibilidade,6
"Olá , bom dia",saudacao,14
Olá,saudacao,0
Preciso de uma ajudinha com o meu pedido,outros,12
"Olá, boa tarde",saudacao,14
Ainda hj vou efetuar a compra da calça,outros,6
Mto obrigada,agradecimento,5
Ahhh maravilha,outros,2
"Caso não fique com, como funciona a troca?",troca_devolucao,10
Bom dia,saudacao,14
Oieee,saudacao,2
Maravilha!,outros,11
Gostaria de saber o tamanho da cintura dessa calça no tamanho M,duvida_tamanho,3
"Olá, boa noite",saudacao,14
Lindíssima,outros,11
😍,outros,1
Obrigada! Eu aviso sim!! Gostei bastante! Vou levar para a cliente.,agradecimento,12
Oii,saudacao,2
Olá! Muito obrigada!! Vou ver em breve!!,saudacao,5
"Olá! Bom dia! Roupas lindas aqui! Mas não encontrei muitas opções de tamanhos maiores. É isso mesmo? Tenho uma cliente que se enquadraria perfeita nesse estilo mais contemporâneo, mas é um tamanho G, GG. 44/46. Poderiam me sugerir algumas opções?",duvida_tamanho,3
Qual foi a mensagem?,outros,8
Este é meu WhatsApp…,onde_comprar,0
Ola!,saudacao,0
Muito obrigada!,agradecimento,5
Email: adrianaleitecarvalho@gmail.com,outros,0
Meu tel 21 99245-3454,outros,0
Alguém poderia entrar em contato comigo por e-mail ou WhatsApp? O site de vcs parece que está com problemas. Não funciona direito não.,onde_comprar,12
Fiz uma compra de um casaco com vcs e não vestiu bem. Gostaria de trocar por uma calça fresquinha tamanho M.,troca_devolucao,6
"Olá Curadobia, tudo bem? Agradecemos o interesse pela marca. Para garantir que você receba a atenção e cuidado adequados, pedimos a gentileza de encaminhar mais informações como contatos, rede social e portfólio para mkt.conteudo@escuderoonline.com.br. Nossa equipe de marketing é especializada nesse assunto. Dessa forma, tenho certeza de que eles avaliarão e, se houver interesse, entrarão em contato prontamente. Fique à vontade para entrar em contato caso tenha alguma dúvida. Estamos aqui para ajudar.",saudacao,0
Reagiu com 👍 à sua mensagem,outros,8
"Amoooo suas rasteiras, não são da sua Lj, mas poderia indicar aonde têm aquela custo benefício?",disponibilidade,12
"Bia, td bom? Não estou conseguindo finalizar a compra da ""regata podrinha"". Coloquei os dados do cartão e no campo CVV eu ponho os números mas o sistema ignora que eu coloquei. Tentei várias vezes, acho que está com problema…",preco_pagamento,12
🔥,outros,2
👏,outros,4
Olá! Tudo bem? Tem cupom para 1a compra?,cupom_primeira,12
Muito obrigada!! Tenham um bom fim de semana!,agradecimento,5
Você poderia me passar o contato dos responsáveis?!,outros,0
"Somos uma produtora de áudio visual, e achamos que seria interessante apresentar o nosso trabalho e portifólio!",outros,0
Tudo bem também!!,outros,4
"Oii, tudo bem??",saudacao,10
Sua camisa é linda,outros,11
Quero comprar mas preciso saber se ela calça certinho o número do calço o número 35. Devo comprar o mesmo?,outros,3
E a blusa?,outros,3
E a calça é de onde?,outros,6
"Muito obrigada, legal que sou do mesmo tamanho que ela!",duvida_tamanho,5
Gostaria de saber qual a altura e medidas da Bia pra entender melhor o tamanho de referência.,duvida_tamanho,3
😍,outros,1
"Oi Ana a Marcia Fonseca esta em contato com vc, ne? Vamos conversar sim, a Fernanda tem mto interesse",disponibilidade,0
Maravilha 🙌🏼,outros,2
Ops é a blusa Pah,outros,2
Obrigada,agradecimento,13
Mas gostaria de experimentar antes de comprar. É possível? Meu cel (11) 99904-7575,outros,12
Eu amei a blusa branca Tcharam 🥰,disponibilidade,11
Olá! Bom dia,saudacao,14
Ibaaaa,outros,2
Obrigada! Beijinhos,agradecimento,5
"Oi Bia, tudo bem? Adorei a @curadabia, (o nome ficou demais), e claro ja fui olhar as peças! Não localizei tabela de medidas! Porem, pelo tamanho das peças que vc veste o G provavelmente não vai caber em mim! Uso 46/48, a depender da confecção! Pense com carinho em fazer uma curadoria para tamanhos normais! Desejo muito sucesso nessa nova empreitada! Que Deus te abençoe! Bjos!",duvida_tamanho,3
Obrigada,agradecimento,13
Quanto tá essa blusa?,outros,3
Oiiii tudo bem?,saudacao,10
Oba! ❤️,outros,2
"Olá, fiz uma compra com vocês. Tudo certo?",saudacao,12
😍,outros,1
Olá! Tudo bem? Teria um contato do responsável da marca ou comercial para falarmos? Obrigada Carol 🤍,saudacao,0
😍,outros,1
De onde é a sandália linda?,outros,6
Oi! Tudo certinho por aí? 💚 Somos a ĒCRU e trabalhamos com embalagens sustentáveis e personalizáveis feitas em algodão cru! Nossos principais produtos são: 💚 Necessaire 💚 Saquinhos 💚 Ecobags Nos identificamos muito com a sua empresa e adoraríamos te apresentar nosso catálogo! Posso te enviar mais informações pelo e-mail ou Whatsapp? Ah! Também aceitamos propostas de orçamento ou cobrimos valores de outros fornecedores!,onde_comprar,0
😍,outros,1
😍,outros,1
👏,outros,4
😍,outros,1
Que roupa bonita,outros,3
😍,outros,1
❤️,outros,2
"Olá, tudo bem?! Meu nome é Leonardo, trabalho na importadora @Lulitex_textil @lulitexfashion Vi o instagram da marca e vocês tem o perfil Lulitex, muito sofisticação e bom gosto. Trabalhamos com pronta entrega e importação de tecidos exclusivos de acordo com a demanda do cliente. Nosso showroom tem um acervo enorme. Será um prazer recebe-los em uma visita. Poderia me passar o contato do estilo ou compras? Desde já agradeço a atenção. Att, Leonardo José E-mail: leonardo@lulitex.com.br PABX: +55 11 2105 1541 WHATSAPP: 11 9.9600-2547 www.lulitex.com.br",prazo_entrega,0
Adorei a dica!,outros,11
Adorei!!!! 😘😘🌷,outros,11
"Bom dia tudo bem? Então eu tenho mito daqueles vestidos , com estampas, e alguns até são estampas geométricas e todas as opções possíveis . Como posso fazer que não fiquem parecendo quando usar aquelas roupas que não tem nada haver comigo . Eu estou em uma fase de camisa, calça jeans bem moderna . E roupas mais discretas . Mas é esses vestido como usar ?",disponibilidade,3
Ameiiiiiiii,outros,2
😍,outros,1
👏,outros,4
🥰,outros,4
Poxa… que pena… quando tiverem me avise por favor,outros,9
Bom dia … obrigada 🙏🏻,saudacao,14
Não tem mais numeração 37,duvida_tamanho,13
"Oi Ana, obrigada pela resposta! Bom, eu vou continuar na torcida pra esse frete internacional se materializar um dia desses pq a gente quer comprar essas coisas lindas e usar logo, né? … infelizmente com o preço do dólar não tenho recebido as amigas aqui tão frequentemente mas é uma boa ideia também - obrigada!!!!",prazo_entrega,12
"Bia, você acaba comigo com tantas coisas lindas do curadobia!!! Queria muito que tivesse frete internacional ( Canadá) eu fico aqui babando!!!! 😍",prazo_entrega,5
"Tá ótimo, obrigada",agradecimento,5
"Vou querer a 46, qual é sua chave pix?",preco_pagamento,13
"Oi, quanto custa a blusa modernosa? Tem GG ?",preco_pagamento,3
"Certo, obrigada !!! O prazo de entrega são 19 dias mesmo ?",prazo_entrega,0
"Olá vcs tem uma tabela de medidas para essa calça , amei e gostaria de escolher o tamanho certo visto 40 e tenho 1.05 de quadril , então não tenho certeza do p ou m Poderiam me ajudar ? No aguardo Grata Adriana Baggio",duvida_tamanho,3
"Bom Dia Gostei muito de uma calça mais gostaria de ter informações dos tamanhos , se te tabela de medidas , Como faço para saber , poderiam me Ajudar ? No aguardo Grata Adriana Baggio",duvida_tamanho,3
Bia gosto muito das suas bolsas . Poderia passar umas dicas ?? Não encontrei no seu site …,outros,12
Uhuu,outros,2
"Oiee tudo bem? Amei a bota, tem curadoria dela? Bjos",disponibilidade,6
Obrigada,agradecimento,13
Nao sei se ficaria legal p quem esta um.pouco acima do peso,duvida_tamanho,3
Gosto muito dos looks mas percebo que ha muito jogo c volumes,pedido_sugestao,11
Oiee,saudacao,2
😁😁,outros,2
❤️❤️,outros,2
"Olá!! Tudo bem? Estou APAIXONADA por essa jaqueta bacanuda da foto. O preço de 546, pula pra setecentos e tanto na hora de comprar. É isso mesmo? Entra um valor de comissão na hora da compra?",preco_pagamento,12
Você é linda e de uma delicadeza admirável,outros,11
"Adorei, obrigada vcs!",agradecimento,5
😍,outros,1
993811193,outros,0
11,outros,2
Pode me chamar novamente por favor?,outros,0
Oi,saudacao,2
Muito obrigada,agradecimento,5
Bom dia. Comprei esta blusa mas a parte que passa encima do ombro está solta. É assim mesmo? Podemos falar para eu entender melhor? Obrigada. Meu cel 983389576,saudacao,3
Obaaa!❤️❤️❤️,outros,1
Bia! Será que a tshirt Angela Motta branca com uma manga bafônica vai ter amanhã? Preciso dela,disponibilidade,11
"Ahh pena! Mas na hora certa, vai dar!",outros,9
Isso é Curadobia hein!,outros,2
Essa tshirt vai estar no evento? Namoro tanto ela,outros,11
Uma coisa de lindo!,outros,11
😍,outros,1
Olá tudo bem Ana e vc? Que bacana… Vou passar o WhatsApp da Maiá pode falar com ela por gentileza! 11-983268095,onde_comprar,0
tenho interesse nessa jaqueta,outros,6
Vou amanhã. Obrigada,agradecimento,9
Acha melhor pegar maior?,outros,3
Lindaaaa,outros,2
Oii comprei a bico fino. O dedo fica um pouquinho de lado pra fora né? Mas super confortável,duvida_tamanho,6
Não tenho nada da Paula Ferber. A numeração é normal a forma?,duvida_tamanho,13
Legal. Obrigada,agradecimento,13
Eu amei a que tem a ponta. Duvida. Tem que ter tornozelo fino? Obrigada,disponibilidade,6
https://www.instagram.com/ac.gromann?igsh=MWE4dTZiY2IzeTAxNw==,onde_comprar,7
https://www.instagram.com/numerodez.numerodez/profilecard/,onde_comprar,7
https://www.instagram.com/luiseramirezbrand/profilecard/,onde_comprar,7
https://www.instagram.com/wendyelborin/profilecard/,onde_comprar,7
https://www.instagram.com/giom.ei/profilecard/,onde_comprar,7
https://www.instagram.com/voceamara/profilecard/,onde_comprar,7
https://www.instagram.com/durgashop/profilecard/,onde_comprar,7
https://www.instagram.com/_nata.oficial/profilecard/,onde_comprar,7
https://www.instagram.com/___lourie___/profilecard/,onde_comprar,7
Caraca muito!,outros,2
https://www.instagram.com/minimadeia/profilecard/,onde_comprar,7
https://www.instagram.com/usemyk/profilecard/,onde_comprar,7
https://www.instagram.com/agola__/profilecard/,onde_comprar,7
https://www.instagram.com/tatho.brasil/profilecard/,onde_comprar,7
https://www.instagram.com/_nata.oficial?igsh=N204dXp5bzN6azBz,onde_comprar,7
😍 body MyBasic,outros,1
😍,outros,1
Obrigada,agradecimento,13
Onde posso comprar?,outros,12
"Ola pessoal ! Tudo bem?! Sou a Lalá Cunha (@laisfcunha) e vim contar um pouco sobre o @coracora_studio Estamos em SP e fazemos fotografia, vídeos em formato reels, direção de arte e styling para marcas, de acordo com a sua necessidade. Fazemos trabalhos exclusivos para as marcas e, em breve (final de março) também faremos o nosso próximo SHOOTING COLLAB, uma diária criada para incluir várias marcas que têm produtos a serem fotografados, necessitam de um material de qualidade, mas que não querem ter um alto valor de investimento nisso. O proximo collab será em uma locação linda e as modelos foram escolhidas à dedo, e acho que combina muito com a marca de voces. Abaixo mando mais infos. Vamos conversar sobre essas possibilidades? Fico aqui a disposição Abraços, Lalá 11 972686892",preco_pagamento,0
"As duas camisas, o body, a calça e o colar. Eu visto P.",duvida_tamanho,3
"Olá, tudo bem? Seriam essas peças:",saudacao,10
"Olá! Sua curadoria, projeto editorial e gráfico, são incríveis. Parabéns! Mas sua plataforma de e-commerce não funciona bem, estou desde ontem tentando fazer compras, mas páginas não carregam, carrinhos esvaziam. Muito difícil!",saudacao,12
Preço?,preco_pagamento,10
"Obrigada pelo retorno! Namoro o modelo gladiador, me lembro dele, mas quando fui procurar, já não tinha mais 😐",agradecimento,11
E esses sapatos incríveis? Teremos a chance de tê-los? Rs,outros,6
Já tô seguindo 👊🏻,outros,9
Esse é o fechado,outros,2
"Link da calça, por gentileza",outros,6
Bom dia! Ontem tive o prazer de conhecer vc ao vivo! Eu estava no Mil Plantas! Vc e lindíssima! ❤️,saudacao,14
Obrigada pelo convite! Adorei a minha sandalia nova! ♥️,agradecimento,6
Pode,outros,2
Sim,outros,10
Eu não recebi a confirmação dessa compra,outros,12
Oi,saudacao,2
Volta pro estoque?,disponibilidade,9
A regata arrumadona M,duvida_tamanho,2
Oi!,saudacao,2
E a regata arrumadona?,outros,2
A regata chiquetosa vai voltar pro estoque?,disponibilidade,2
O site está passando por problemas?,outros,12
😍,outros,1
Vcs tem desconto para primeira compra?,preco_pagamento,12
Muito obrigada pelos esclarecimentos,agradecimento,5
Eh isso mesmo?,outros,10
"Fui olhar para comprar o tamanho 1 dessa calça, porém a largura da cintura e do quadril eh a mesma - 98",duvida_tamanho,3
Foi só hoje ou vai ficar mais tempo?,outros,9
Ola boa tarde tudo bem? Tenho uma confecção trabalho com tecido plano e malha faço todo desenvolvimento da peça começando da peça piloto e entrego a produção passada e embalada caso tenha interesse meu número é 11948549084 Obrigada,saudacao,0
Adoro…!,outros,11
Obrigada ;) Enviarei!,agradecimento,5
Obrigada pelo retorno,agradecimento,5
Como posso fazer essa apresentacao?,outros,12
Bom dia!,saudacao,14
Ambos :),outros,10
"Olá Bia! Te vi no post da teti gio Amei o seu perfil Eu tenho uma marca de joias autorais, com design minimalista e ouro sustentável Adoraria te apresentar @eunoyah_jewelry Também gostaria de conversar sobre divulgacao, se houver interesse, claro :) Muito obrigada Um abraço Evelyn",saudacao,0
Olá Algum cupom de desconto na primeira compra?,preco_pagamento,12
Bem e vc Ana!! Muito obrigada,agradecimento,5
Que lindo tudo!,outros,11
Por nada!,outros,2
entrar em contato com a Luciana nossa gerente comercial no email gerencia@elisaatheniense.com.br,outros,0
Bom dia,saudacao,14
"Bia, Tudo bem? Tenho uma festa bem legal e o traje é black and white. Pensei na blusa Pah, mas queria saber se o tecido fica vistoso e se você recomenda alguma calça mais festa para combinar. Beijos Julie",duvida_tamanho,3
Muito obrigada pelo retorno!,agradecimento,5
Eba!,outros,2
"Oi, Ana! Tudo e você? Beleza, obrigada!",saudacao,0
"Olá! Bom dia! Me chamo Anelisa e gostaria de confirmar se meu pedido foi realizado. Não sei se esse é o canal mais adequado para essa solicitação, mas como não achei no site um campo para falar com vocês, decidi vir aqui. Fiz essa compra ontem pelo site e logo depois de finalizar, apareceu uma mensagem dizendo que o pagamento não estava confirmado. No entanto no site diz que o pagamento foi efetuado e não recebi nenhuma mensagem do banco dizendo que o pagamento foi negado. Além disso também não recebi um e-mail com os dados do pedido. Muito obrigada desde já!",saudacao,12
😍,outros,1
Já vi e amei!! Esperando a virada do cartao pra perder os juízo!,preco_pagamento,11
Gosto da calça assim mais curta! Visto entre 38-40 (quadril 95),duvida_tamanho,3
Bia! Esse seu Curadobia está um arraso! Muito tentador. Parabéns pelo projeto. Uma dúvida: qual a sua altura? Estou interessadíssima nessa calça mas sou baixa (160cm) e geralmente tenho que fazer a barras das calças - o que não é muito fácil com essa… 😅 Obrigada,agradecimento,3
Obrigada!,agradecimento,5
"Bom dia! Gostaria de adquirir essa calça, mas não está mais disponível. Podem me ajudar? Obrigada",disponibilidade,6
Já respondi! Sim no wzap,outros,10
Reagiu com 👍 à sua mensagem,outros,8
"Eu sugiro q vcs verifiquem melhor as parcerias de fornecedores, pois não comprarei mais nesta Curadoria! Infelizmente, gosto mto do trabalho da Bia… mas assim inviabiliza!",outros,0
Até agora nada!,despedida,9
Como proceder p troca?,troca_devolucao,10
Ficou enorme,duvida_tamanho,3
P,duvida_tamanho,2
Adquiri uma máxi pantalona Valéria mansur,outros,6
Oi boa tarde,saudacao,14
😍,outros,1
Vamos pensar no q podemos fazer juntas🌺🌺,outros,9
❤️❤️❤️❤️❤️,outros,2
Eu adorei !! Ja usei minha saia hj,outros,11
Foi muito legal,outros,11
Onde e a loja?,onde_comprar,12
Vai ter reposição dessa calça?,disponibilidade,6
Tudo bem também. Que pena 😕 Eu queria exatamente o verde! 😩,outros,4
"Boa tarde, pessoal! Tudo bem? Estava namorando um macacão verde no site da marca D-aura, porém não localizei mais 😕. Saiu de coleção? Não terá reposição? Aguardo. Obrigada Milene",disponibilidade,11
Perfeito,agradecimento,4
Outra dúvida é sobre o tom certinho dessa jaqueta. No site achei que estava num tom diferente dos stories,outros,6
Joia,outros,2
"Posso trocar, caso eu experimente e prefira uma maior?",troca_devolucao,3
"Na verdade eu já assisti ao vídeo do casaco no site Curadobia várias vezes para tentar chegar a essa conclusão, mas não consegui",outros,6
Vou olhar,outros,9
Não rsrs,outros,2
36 ou 38,duvida_tamanho,13
Eu costumo usar P ou PP se a confecção é grande,duvida_tamanho,3
Porém na dúvida do melhor tamanho,duvida_tamanho,3
Estou de olho nessa peça aqui 👇🏻,outros,9
Tudo bem e vocês?,outros,10
"Oi, pessoal. Tudo bem? Estou com dúvida sobre numeração de uma peça de vocês. Aguardo retorno, obrigada! Milene",duvida_tamanho,13
Perfeito! Fico no aguardo! Abraço,agradecimento,9
"Oi pessoal! Tudo bem? Acredito que essa calça tenha esgotado, certo? Vai ter reposição dela? Aguardo retorno! Obrigada, Milene",disponibilidade,6
Vou seguir.,outros,9
Linda gladiadora!,outros,11
"Queria ver sua sapateira pq tudo é lindíssimo, mas seus sapatos são escolhidos a dedo, tudo a ver com vc sempre… esse é da laiá né?",outros,6
😍,outros,1
👏,outros,4
11-991428141,outros,0
Funciona,outros,10
stellathomazbastos@gmail.com,outros,0
Boa tarde! Tudo ótimo! Segunda à tarde em qualquer horário.,saudacao,14
"Olá, gente! Bom dia! Acabei de ver o post da Bia sobre camisas. Somos uma pequena alfaiataria e camisaria é o core da nossa criação. Gostaria muito de apresentar nosso produto pra vocês. Se vocês acharem conveniente, por favor, indiquem a melhor forma de contato. Abraço, Stella",saudacao,3
Reagiu com 🖤 à sua mensagem,outros,2
"olá, tudo bem e com vcs ? vi que vcs enviaram um e-mail para nós, vou responder vcs por lá, ok? um beijo e muito obrigada pelo contato <3",saudacao,0
"Aaaah, perdi! Quando vai ter offline de novo?",outros,9
"A jaqueta branca. Uma pena eu não conseguir comprar por problemas técnicos, uma experiência de consumidor mto ruim",disponibilidade,12
Deu certo mas a peça que eu queria acabou…,outros,9
Ola! Por favor algum retorno?,saudacao,5
Obrigada,agradecimento,13
Ola! Estou tentando finalizar uma compra mas aparece o seguinte erro,outros,12
Obrigada!,agradecimento,5
Olá! Por favor vcs tem desconto para a primeira compra? Obrigada!,preco_pagamento,12
"Ok, muito obrigada 😊",agradecimento,5
"Eu quero comprar esses acessórios, como faço?",outros,6
😍,outros,1
Vamos marcar ☺️,outros,1
Sim,outros,10
Pode ser?,outros,10
Aí entro em contato vocês,outros,9
Agora estou organizando as coisas,outros,9
Em março eu vou produzir reposição e cores novas de tudo,disponibilidade,9
Tudo bem?,outros,10
Ei Ana,outros,2
Aguardo ansiosa pelos seus pisantes na curadobia,outros,2
"Os brincos argola frontal, não sei o nome da peça kkk",outros,6
Gostei da corrente dourada também.,outros,11
Macacões com mangas,outros,11
"Boa tarde, me interessei pelos macacões, com zíper mostrados pela Bia.",saudacao,11
Comprei a jaqueta 😻,outros,6
Chico Neto CD Maré Mar WhatsApp 11965621065 http://palcomp3.com/chiconetodaparaiba/,onde_comprar,0
Amando ♥️♥️♥️,outros,2
Já comprei 3 peças da curadobia,outros,6
Que honra 😍😍😍,outros,11
Linda essa blusa,outros,11
"Deu certo, sim. Obrigada",agradecimento,5
"Perfeito, Ana. Obrigada pelo retorno. 😊",agradecimento,5
"Olá, td bem? Fiz uma compra com vc e recebi apenas o tricot. Vc pode me ajudar ? Muito obrigada desde já !",saudacao,12
👏,outros,4
"Muito obrigada, elas entraram em contato comigo. Realmente a sandália é linda , mas infelizmente fico um pouco fora $$$ pra mim !",agradecimento,12
Chama no mkt@gammba.com,outros,0
Oie,saudacao,2
"Gostei do conjunto, mas não vi no site",outros,6
🥰,outros,4
Obrigada!,agradecimento,5
"Oii, Bia! Tudo bem? Por favor, de onde é essa calça? Yes I am? Procurei aqui no feed e não encontrei… obrigada!",saudacao,6
Legal mto obrigada 💚,agradecimento,13
Qual a marca do tenis?,outros,6
Na torcida ❤️,outros,2
"Olá! Onde encontro os sapatos? Este e as gladiadoras, especialmente.",saudacao,6
11 99635.2663,outros,0
Vocês tem loja física?,disponibilidade,12
Vou olhar aqui meu anti virus.. Pq ele bloqueia o curadobia... Veja:,outros,9
Oii O site Curadobia está fora do ar?? Fui visitar através dos link da Bio e não funcionou ... bjs,saudacao,12
Fiz o processo 2x Será q cobrou 2x?,outros,9
Olá. Tentei fazer uma compra e após entrar com os dados do cartão e senha vem a seguinte tela,outros,12
"Visto G, qual tamanho seria? Quais cores tem? Tem a calça tb?",duvida_tamanho,3
😮,outros,2
👏,outros,4
👏,outros,4
👏,outros,4
Lindo o evento! Amei,agradecimento,11
"Sim, obrigada",agradecimento,5
Boa tarde! A jaqueta off da Nauanim voltou?,saudacao,6
Experimentei essa jaqueta. Maravilhosa,agradecimento,6
"Precisei sair correndo por um problema com minha filha, que ja esta bem! Mas nem consegui me despedir! Obrigada queridas pelo convite!!!",agradecimento,9
"Olá, sou o gerente de vendas da PG Game Platform. Quero falar com você sobre parcerias. Nossa plataforma foi licenciada conjuntamente pelo governo federal brasileiro e pelo governo de Curaçao em outubro. Você pode se juntar a nós e lhe daremos altas comissões. Entre em contato comigo pelo WhatsApp: +13434802605",onde_comprar,0
"E eu, como estou na praia, torcendo para não baixar!!!!!🤣🤣🤣",outros,9
A calça ficou sobrando muito atrás.,duvida_tamanho,6
Acabei de comprar um conjunto. Se não servir posso trocar? Pelo seu cep deve ser perto da minha casa. O meu 04531-020,troca_devolucao,12
"Oieee, obrigada de verdade 💖",saudacao,5
"Oiii! Tudo bem? Me chamo Caroline sou formada em Marketing e trabalho como Social Media tem um tempinho, estou a procura de uma nova oportunidade no mercado de trabalho. Gostaria de saber se tem um espacinho no time de vocês, vou deixar o meu número, e-mail e portfólio. Caso queria marcar uma call para falarmos mais estou por aqui. Cel: (11) 94443-8896 E-mail: cspereiramkt@gmail.com Portfólio: https://cspereira.my.canva.site/ Obrigada desde já 💖",disponibilidade,0
🖤🖤🖤,outros,2
Não estou conseguindo entrar no site para fazer compra,outros,12
"Ok, obrigada.",agradecimento,5
"Não gosto de nada apertado, mas essa blusa tem um Shane mais ajustado. Daí fiquei na dúvida.",disponibilidade,3
M,duvida_tamanho,2
"Bom dia. Estou interessada na blusa PAH, mas estou em dúvida quanto ao tamanho. Minhas medidas: busto 92 cm e cintura 75 cm.",duvida_tamanho,3
Ok!! Entendi. Obrigada pelo retorno. Um abraço,agradecimento,5
"Como uma crítica construtiva, vcs deveriam mandar um e-mail para confirmar o pedido. Compro bastante on-line e sempre vem o e-mail do status do pedido!! O cliente fica mais seguro da compra.",duvida_tamanho,0
Olá!! Obrigada. Qual a previsão de entrega?,prazo_entrega,0
Ok! Obrigada. Vi que foi lançado no meu cartão de crédito.,preco_pagamento,12
Boa tarde!! Fiz um pedido de uma blusa Brilhei no dia 13/01. Não recebi nenhum e-mail de confirmação. Será que está tudo certo? Meu nome é Cristiane Rocha Loures Brenner.,saudacao,0
Sua roupa jeans é de onde?,outros,6
Ebaaaaa,outros,2
Obrigada. No aguardo que seja disponibilizado o envio.,agradecimento,0
Reagiu com 😢 à sua mensagem,outros,8
Boa tarde. Gostaria de saber se vocês enviam para fora do Brasil. Obrigada.,saudacao,2
Ahh Reptilia adoro,outros,11
Olá! Esse conjunto ainda não está disponvel no site de vcs né ? Poderia me dizer se onde é?,saudacao,6
Obrigada,agradecimento,13
Oi! Esse conjunto marrom é vendido também ?,saudacao,6
😍,outros,1
Ok obrigada,agradecimento,5
Boa noite ! Haverá reposição da saia única preta no tamanho 1 ?,duvida_tamanho,3
"Não vou trocar , vou tentar reduzir o gancho",troca_devolucao,9
Tudo bem,outros,4
"De todo modo , agradeço por perguntar",outros,5
Mas a experiência de compra não foi legal,outros,12
"O produto é lindo , apesar de ter ficando um pouco grande",outros,3
Por muito pouco a minha frustração seria ainda maior,outros,9
Muito tenso,outros,2
E o body me chega HOJE,outros,9
Paguei Sedex porque estou indo hoje pra Londres e queria levar o body,outros,12
"Enfim , por muito pouco não me atende",outros,9
Precisei escrever em uma postagem,outros,8
No e-mail da nota fiscal não tem nada,disponibilidade,12
Não tem um link de comunicação no WhatsApp,disponibilidade,0
E achei muito difícil o contato com vcs,outros,12
Então era pra ter pago menos a meu ver,outros,12
Mas paguei por uma coisa que não recebi,outros,12
Chegou,outros,2
???,outros,10
Com quem falo B,outros,9
Era pra ter chegado ontem,outros,9
Mas a peça ainda não chegou,outros,9
Comprei um body e paguei frete de 7 dias úteis pra levar pra uma viagem agora na sexta,prazo_entrega,12
Como falo com alguém daí,outros,9
Olá,saudacao,0
👏,outros,4
Muito obrigada pela atenção!,agradecimento,5
Tá joia.,outros,4
Estou vendo pelo celular sim.,outros,9
"Boa tarde! Na página da Regata podrinha cinza eu não consigo ver as medidas dos tamanhos acima do G, que são justamente o que visto. Poderia me enviar essas medidas dos tamanhos GG e XGG, por favor?",outros,3
Obrigada,agradecimento,13
Ok,outros,4
"Estou com duvidas sobre o tamanho da saia Unica, visto 42 , mas as medidas no quadro de tamanhos parecem grandes, mas existe a informação de que o tamanho 1 corresponde ao 36….",duvida_tamanho,3
Boa noite.,saudacao,14
É o pedido 502!,outros,13
"Tranquilo, obrigada!",agradecimento,5
"Na verdade foi o porteiro, rs!",outros,9
Sim!,outros,10
"Olá meninas, tudo bem? Comprei a saia preta da d aura em outubro, precisei trocar (foram rapidíssimos), mas só hoje eu soube que não levaram a sacola com a peça a ser trocada (ficou este tempo todo na minha portaria). Como faço?",troca_devolucao,6
Já comprei! E acabou de chegar!!,outros,12
"Deixa eu tirar outra dúvida, vc faz consultoria de imagem/estilo tb? Se sim, como funciona?",outros,0
Ah que bom!! É lindíssima!! Parabéns.,outros,11
Consegue me informar de onde é essa sandália?,outros,6
"Ola, tudo bem? Meu nome é Gisela, acabei de fazer um pedido.",saudacao,0
Olá! Como tirar dúvidas de tamanho da peça?,duvida_tamanho,3
"Oi, as compras são direto no site?",saudacao,12
👏,outros,4
Obrigada pelo retorno!,agradecimento,5
"Claro, mando tudo la",outros,9
"Oi Bia, tudo bem? Me chamo Alice, sou sócia da Monti, uma marca de moda que preza por estilo atemporal e peças de qualidade. Estamos buscando consultoras de imagem parceiras para recomendar nossas peças aos seus clientes, e pensei que poderíamos criar algo bem legal juntas! O que acha de agendarmos um papo para te contar mais sobre a nossa história e a ideia de parceria? Fico no aguardo!",pedido_sugestao,0
"Ótimo, me avise por favor. Um abraço e obrigada",agradecimento,5
"Oi Ana boa tarde! Obrigada pelo contato. Sim, estou interessada. Tentei comprar após a mensagem da Bia mas ainda estava indisponível",saudacao,0
"Oi, pessoal, tudo bem? Mariele da Icon aqui. Adoraria apresentar a agência e os talentos que representamos para vocês. Acredito que temos uma super sinergia e que seria lindo colaborarmos futuramente! Qual o melhor contato para falarmos disso, por favor? Muito obrigada!",saudacao,0
"Ola meninas seguem meus contatos: +1(917)868-9790 Daniela.masson@hotmail.com Muito bom falar com vcs ontem, obrigada ! Falamos na sequência por WhatsApp 🌷",onde_comprar,0
Obrigada ! Até lá,agradecimento,13
Daniela.masson@hotmail.com,outros,0
Fechado 3pm brasil !,outros,2
"Acho ótimo. Pode ser segunda 29 na parte da tarde. Estamos com 4horas de fuso, qual horário seria bom pra vc?",outros,9
https://www.instagram.com/queensgatestore?igsh=Mjc0c2g5cHNmN25k&utm_source=qr,onde_comprar,7
Feliz demais q vc gostou ! ☺️☺️☺️ me fala como funciona melhor pra vc e marcamos um call,outros,8
"Ola Bia sou a Daniela e gostaria de apresentar minha marca pra vc, a Queens Gate. Minha sócia e eu já te acompanhamos tem um bom tempo e somos muito fãs! A sua curadoria com seus ""neutros com tcharanz"" reforçou a vontade de apresentar o conceito da nossa marca pra vc. Vamos completar 1 ano em agosto e adoraríamos um bate papo com vc pra contar nossa história e nossos planos. Moro em Londres e minha sócia em SP e vou deixar meu WhatsApp pessoal por conta do fuso aqui e mando o link do nosso insta pra vc dar uma olhadinha 😉 Obrigada ! +1(917)868-9790",disponibilidade,0
"Olá!! Bom dia!! Sou muito fã da Bia, mas nunca comprei no Curadoria. Uma dúvida: como faço para escolher um tamanho com mais segurança? Tem uma tabela de medidas para servir de referência? Obrigada",duvida_tamanho,3
Ok. Obrigada 😊,agradecimento,5
Qual o endereço???,outros,0
😍,outros,1
Nossa . Perfeito,agradecimento,4
Muito estilo,outros,11
Vc teria alguma informação sobre a minha encomenda?,outros,12
Bom dia,saudacao,14
Parece que o contato por aqui não é satisfatório...,outros,9
"Vc poderia checar se houve algum problema com os correios de São Paulo, pois nem chegou no correio de Curitiba",outros,12
"Boa tarde. Estava previsto pra chegar hoje minha encomenda, porém nada foi entregue",saudacao,12
Obrigada,agradecimento,13
Por onde posso acompanhar o envio da minha compra?,outros,12
Como eu poderia rastrear minha compra?,prazo_entrega,12
Olá,saudacao,0
🥰,outros,4
Eu não recebi email confirmando a compra...,outros,12
Compra realizada,outros,12
Obrigada Ana!!,agradecimento,5
Maravilha,outros,2
Certo. Qual o link da compra?,outros,12
Tô de olho faz tempooo,outros,9
37?? Não creio,outros,13
Yes!!,outros,10
"Eu quero sim, mas vc poderia me enviar a foto do modelo só pra eu confirmar",outros,9
E tem ela preta?,disponibilidade,11
Essa gladiadora!! Qual o número? Tem 37??,disponibilidade,13
"Ainda não , super correria",outros,9
Macacão precisa ser mais soltinho,outros,11
Obrigada pelo retorno,agradecimento,5
Vou checar as minhas medidas e volto com Vcs,duvida_tamanho,9
E quadril ?,duvida_tamanho,2
"E em outras , 42",duvida_tamanho,13
"Pois sou , em algumas marcas , 44",duvida_tamanho,13
Teria as medidas do 42,duvida_tamanho,13
"Por favor , me interessei por este macacão . Quais tamanhos e como comprar ?",duvida_tamanho,11
"Bom dia! Sou a Gianina Marques, mineira, mãe e autora de joias artesanais. Gostaria de deixar meu insta para vcs conhecerem minhas joias feita com carinho e totalmente exclusiva. Aguardo o retorno de vcs q tem tanto conhecimento na área. Desde já obrigada! @gianinamarques",disponibilidade,0
Endereço,outros,2
Como comprar ?,onde_comprar,12
Eu amo todos os seus looks! Combina 100% com o meu estilo! Queria ter todas as peças para mim! Pena que moro do outro lado do mundo.,pedido_sugestao,11
Não consigo deixá-la deste jeito,outros,9
Ai..me Ajuda com o vídeo …. Ainda não usei a blusa!!,outros,3
Que legal! Vai ajudar muito!,agradecimento,5
Obrigada,agradecimento,13
Bom dia! Consegue me mandar o vídeo?,saudacao,12
Já tentei três vezes. Será que pode ser o tamanho?,duvida_tamanho,3
"Boa tarde! Comprei a blusa Pah , mas não consigo deixá-la parecida como da foto… acho que estou usando de forma errada… tem alguma tutorial de como vesti-la ? Rs",outros,3
"Oie!!! São lindas... porém aquele modelo foi o que mais me agradou...mas tranquilo, super obrigada pela atenção",saudacao,11
Oie!! Essa calça vai ter reposição na curadoria?,disponibilidade,6
😍,outros,1
Reagiu com 👍 à sua mensagem,outros,8
"Linda calça, qual é a marca?",outros,6
👏,outros,4
😍,outros,1
Falamos por lá,outros,9
Ok,outros,4
Estou tentando contato para devolução de mercadoria e ninguém me atende! Nem por WhatsApp e nem e-mail. Comprei um vestido que quero devolver. Como devo proceder? Cristina Hees 11 970499507,troca_devolucao,12
Beijos,despedida,2
Mas super entendi e aproveito pra agradecer e elogiar seu trabalho,outros,5
É fato! Perguntei pois está a procurando uma peça e não encontrava,outros,6
"Tudo bem Bia Gostaria muito de saber se nesta sua plataforma vc assiste aos clientes em encontrar produtos, lojas, etc?",outros,12
Olá Bia Tudo bem?,saudacao,10
Obaaaa,outros,2
PARABÉNS!!! Excelente ideia!!! Vim pelo insta da Glória Kalil 😍 - Torcendo por mais um SUCESSO!,onde_comprar,11
Uauuu ameiii! Linda saia!,outros,11
👏,outros,4
