texto,intent
body mybasic,outros
oi bia tudo bem adorei a o nome ficou demais e claro ja fui olhar as peças não localizei tabela de medidas porem pelo tamanho das peças que vc veste o g provavelmente não vai caber em mim uso 46 48 a depender da confecção pense com carinho em fazer uma curadoria para tamanhos normais desejo muito sucesso nessa nova empreitada que deus te abençoe bjos,duvida_tamanho
obrigada beijinhos,agradecimento
olá,saudacao
como falo com alguém daí,outros
mas a peça ainda não chegou,outros
era pra ter chegado ontem,outros
com quem falo b,outros
oii tudo bem,saudacao
chegou,outros
mas paguei por uma coisa que não recebi,outros
então era pra ter pago menos a meu ver,outros
e achei muito difícil o contato com vcs,outros
não tem um link de comunicação no whatsapp,disponibilidade
no e mail da nota fiscal não tem nada,disponibilidade
precisei escrever em uma postagem,outros
enfim por muito pouco não me atende,outros
paguei sedex porque estou indo hoje pra londres e queria levar o body,outros
e o body me chega hoje,outros
muito tenso,outros
por muito pouco a minha frustração seria ainda maior,outros
o produto é lindo apesar de ter ficando um pouco grande,outros
mas a experiência de compra não foi legal,outros
tudo bem também,outros
somos uma produtora de áudio visual e achamos que seria interessante apresentar o nosso trabalho e portifólio,outros
você poderia me passar o contato dos responsáveis,outros
de todo modo agradeço por perguntar,outros
tudo bem,outros
não vou trocar vou tentar reduzir o gancho,troca_devolucao
muito obrigada tenham um bom fim de semana,agradecimento
ebaaaaa,outros
ola bia sou a daniela e gostaria de apresentar minha marca pra vc a queens gate minha sócia e eu já te acompanhamos tem um bom tempo e somos muito fãs a sua curadoria com seus neutros com tcharanz reforçou a vontade de apresentar o conceito da nossa marca pra vc vamos completar 1 ano em agosto e adoraríamos um bate papo com vc pra contar nossa história e nossos planos moro em londres e minha sócia em sp e vou deixar meu whatsapp pessoal por conta do fuso aqui e mando o link do nosso insta pra vc dar uma olhadinha obrigada 1 917 868 9790,disponibilidade
feliz demais q vc gostou me fala como funciona melhor pra vc e marcamos um call,outros
olá gente bom dia acabei de ver o post da bia sobre camisas somos uma pequena alfaiataria e camisaria é o core da nossa criação gostaria muito de apresentar nosso produto pra vocês se vocês acharem conveniente por favor indiquem a melhor forma de contato abraço stella,saudacao
acho ótimo pode ser segunda 29 na parte da tarde estamos com 4horas de fuso qual horário seria bom pra vc,outros
boa tarde tudo ótimo segunda à tarde em qualquer horário,saudacao
fechado 3pm brasil,outros
daniela masson com,outros
obrigada até lá,agradecimento
stellathomazbastos com,outros
funciona,outros
onde e a loja,onde_comprar
toque em continuar para aceitar ou recusar o pedido,outros
11 991428141,outros
ola meninas seguem meus contatos 1 917 868 9790 daniela masson com muito bom falar com vcs ontem obrigada falamos na sequência por whatsapp,onde_comprar
eu estou vendo mesmo que está demorando mas super obrigada bom final de semana brenda,agradecimento
adorei,outros
esse é o fechado,outros
já tô seguindo,outros
acabei de comprar um conjunto se não servir posso trocar pelo seu cep deve ser perto da minha casa o meu 04531 020,troca_devolucao
estou vendo pelo celular sim,outros
tá joia,outros
muito obrigada pela atenção,agradecimento
a calça ficou sobrando muito atrás,duvida_tamanho
olá boa noite,saudacao
gostaria de saber o tamanho da cintura dessa calça no tamanho m,duvida_tamanho
maravilha,outros
mto obrigada msm,agradecimento
oieee,saudacao
bom dia,saudacao
caso não fique com como funciona a troca,troca_devolucao
ahhh maravilha,outros
mto obrigada,agradecimento
ainda hj vou efetuar a compra da calça,outros
e eu como estou na praia torcendo para não baixar,outros
bia gosto muito das suas bolsas poderia passar umas dicas não encontrei no seu site,outros
olá bia tudo bem,saudacao
tudo bem bia gostaria muito de saber se nesta sua plataforma vc assiste aos clientes em encontrar produtos lojas etc,outros
é fato perguntei pois está a procurando uma peça e não encontrava,outros
mas super entendi e aproveito pra agradecer e elogiar seu trabalho,outros
beijos,despedida
olá onde encontro os sapatos este e as gladiadoras especialmente,saudacao
na torcida,outros
olá boa tarde,saudacao
preciso de uma ajudinha com o meu pedido,outros
olá bom dia,saudacao
eu comprei a calça pantalona branca no dia 13 08,disponibilidade
e ainda não chegou,outros
aiiiin que pena,outros
eu queria usar nas fotos que irei fazer amanhã,outros
meu pedido chegou hj,outros
mas ficou grande,troca_devolucao
como é o processo da troca,troca_devolucao
boa tarde gostaria de saber se vocês enviam para fora do brasil obrigada,saudacao
e esses sapatos incríveis teremos a chance de tê los rs,outros
bom dia ontem tive o prazer de conhecer vc ao vivo eu estava no mil plantas vc e lindíssima,saudacao
bom dia comprei esta blusa mas a parte que passa encima do ombro está solta é assim mesmo podemos falar para eu entender melhor obrigada meu cel 983389576,saudacao
obrigada pelo retorno namoro o modelo gladiador me lembro dele mas quando fui procurar já não tinha mais,agradecimento
reagiu com à sua mensagem,outros
obrigada no aguardo que seja disponibilizado o envio,agradecimento
muito obrigada,agradecimento
oi,saudacao
pode me chamar novamente por favor,outros
11,outros
993811193,outros
td bem,outros
sobre a troca da calça que comprei quero trocar por um tamanho menor recebi um e mail de vcs no dia 29 08 24 respondi mas dps disso não tive mais retorno,troca_devolucao
conseguem me ajudar por aqui,agradecimento
oie,saudacao
mto obrigada pelo retorno,agradecimento
obrigada,agradecimento
oiee bom dia,saudacao
sim a carol entrou em contato comigo uma fofa super atenciosa,outros
olá bia te vi no post da teti gio amei o seu perfil eu tenho uma marca de joias autorais com design minimalista e ouro sustentável adoraria te apresentar também gostaria de conversar sobre divulgacao se houver interesse claro muito obrigada um abraço evelyn,saudacao
ambos,outros
como posso fazer essa apresentacao,outros
obrigada pelo retorno,agradecimento
obrigada enviarei,agradecimento
bia esse seu curadobia está um arraso muito tentador parabéns pelo projeto uma dúvida qual a sua altura estou interessadíssima nessa calça mas sou baixa 160cm e geralmente tenho que fazer a barras das calças o que não é muito fácil com essa obrigada,agradecimento
gosto da calça assim mais curta visto entre 38 40 quadril 95,duvida_tamanho
ola tudo bem meu nome é gisela acabei de fazer um pedido,saudacao
consegue me informar de onde é essa sandália,outros
ah que bom é lindíssima parabéns,outros
deixa eu tirar outra dúvida vc faz consultoria de imagem estilo tb se sim como funciona,outros
já tentei três vezes será que pode ser o tamanho,duvida_tamanho
gostaria de saber qual a altura e medidas da bia pra entender melhor o tamanho de referência,duvida_tamanho
muito obrigada legal que sou do mesmo tamanho que ela,duvida_tamanho
oi as compras são direto no site,saudacao
eu amei a blusa branca tcharam,disponibilidade
mas gostaria de experimentar antes de comprar é possível meu cel 11 99904 7575,outros
ops é a blusa pah,outros
bom dia estou interessada na blusa pah mas estou em dúvida quanto ao tamanho minhas medidas busto 92 cm e cintura 75 cm,duvida_tamanho
m,duvida_tamanho
não gosto de nada apertado mas essa blusa tem um shane mais ajustado daí fiquei na dúvida,disponibilidade
ok obrigada,agradecimento
qual tamanho,duvida_tamanho
eu quero comprar esses acessórios como faço,outros
aguardo ansiosa pelos seus pisantes na curadobia,outros
amoooo suas rasteiras não são da sua lj mas poderia indicar aonde têm aquela custo benefício,disponibilidade
ok muito obrigada,agradecimento
oii o site curadobia está fora do ar fui visitar através dos link da bio e não funcionou bjs,saudacao
vou olhar aqui meu anti virus pq ele bloqueia o curadobia veja,outros
olá tudo bem tem cupom para 1a compra,cupom_primeira
fui olhar para comprar o tamanho 1 dessa calça porém a largura da cintura e do quadril eh a mesma 98,duvida_tamanho
eh isso mesmo,outros
muito obrigada pelos esclarecimentos,agradecimento
bom dia gostaria de adquirir essa calça mas não está mais disponível podem me ajudar obrigada,disponibilidade
oiii tudo bem me chamo caroline sou formada em marketing e trabalho como social media tem um tempinho estou a procura de uma nova oportunidade no mercado de trabalho gostaria de saber se tem um espacinho no time de vocês vou deixar o meu número e mail e portfólio caso queria marcar uma call para falarmos mais estou por aqui cel 11 94443 8896 e mail cspereiramkt com portfólio obrigada desde já,disponibilidade
oieee obrigada de verdade,saudacao
tutu meu filho é tutu arthur kkkk,outros
e a calça é de onde,outros
ola por favor algum retorno,saudacao
bom dia consegue me mandar o vídeo,saudacao
que legal vai ajudar muito,agradecimento
deu certo mas a peça que eu queria acabou,outros
obaaaa,outros
a jaqueta branca uma pena eu não conseguir comprar por problemas técnicos uma experiência de consumidor mto ruim,disponibilidade
como comprar,onde_comprar
parabéns excelente ideia vim pelo insta da glória kalil torcendo por mais um sucesso,onde_comprar
ibaaaa,outros
experimentei essa jaqueta maravilhosa,agradecimento
tenho interesse nessa jaqueta,outros
adoro,outros
você é linda e de uma delicadeza admirável,outros
lindíssima,outros
onde posso comprar,outros
bom dia sou a gianina marques mineira mãe e autora de joias artesanais gostaria de deixar meu insta para vcs conhecerem minhas joias feita com carinho e totalmente exclusiva aguardo o retorno de vcs q tem tanto conhecimento na área desde já obrigada,disponibilidade
eu amei a que tem a ponta duvida tem que ter tornozelo fino obrigada,disponibilidade
legal obrigada,agradecimento
não tenho nada da paula ferber a numeração é normal a forma,duvida_tamanho
vocês tem loja física,disponibilidade
comprei a jaqueta,outros
oii comprei a bico fino o dedo fica um pouquinho de lado pra fora né mas super confortável,duvida_tamanho
lindaaaa,outros
acha melhor pegar maior,outros
11 99635 2663,outros
vou amanhã obrigada,agradecimento
muito obrigada elas entraram em contato comigo realmente a sandália é linda mas infelizmente fico um pouco fora pra mim,agradecimento
já comprei e acabou de chegar,outros
ai me ajuda com o vídeo ainda não usei a blusa,outros
essa sandália calça certo calço 36 será que preciso comprar 37,duvida_tamanho
ola,saudacao
fiz uma compra de um casaco com vcs e não vestiu bem gostaria de trocar por uma calça fresquinha tamanho m,troca_devolucao
alguém poderia entrar em contato comigo por e mail ou whatsapp o site de vcs parece que está com problemas não funciona direito não,onde_comprar
meu tel 21 99245 3454,outros
email adrianaleitecarvalho com,outros
este é meu whatsapp,onde_comprar
qual foi a mensagem,outros
é acolchoada,outros
muito estilo,outros
lindas,outros
bom dia tudo bem então eu tenho mito daqueles vestidos com estampas e alguns até são estampas geométricas e todas as opções possíveis como posso fazer que não fiquem parecendo quando usar aquelas roupas que não tem nada haver comigo eu estou em uma fase de camisa calça jeans bem moderna e roupas mais discretas mas é esses vestido como usar,disponibilidade
caraca muito,outros
boa tarde me interessei pelos macacões com zíper mostrados pela bia,saudacao
macacões com mangas,outros
gostei da corrente dourada também,outros
os brincos argola frontal não sei o nome da peça kkk,outros
oi bia sou erika dos gostaria de saber como você trabalha em relação a promoção de produtos meus brincos são autorais e os fabrico a 39 anos a produção é 100 nacional fabricamos desde a liga do metal até o banho de ouro 18k nossos brincos são todos bordados a mão com um finíssimo arame de cobre e depois banhado a ouro espero seu contato obrigada,saudacao
por favor me interessei por este macacão quais tamanhos e como comprar,duvida_tamanho
teria as medidas do 42,duvida_tamanho
pois sou em algumas marcas 44,duvida_tamanho
e em outras 42,duvida_tamanho
estou tentando contato para devolução de mercadoria e ninguém me atende nem por whatsapp e nem e mail comprei um vestido que quero devolver como devo proceder cristina hees 11 970499507,troca_devolucao
e quadril,duvida_tamanho
vou checar as minhas medidas e volto com vcs,duvida_tamanho
macacão precisa ser mais soltinho,outros
oi bia tudo bem me chamo alice sou sócia da monti uma marca de moda que preza por estilo atemporal e peças de qualidade estamos buscando consultoras de imagem parceiras para recomendar nossas peças aos seus clientes e pensei que poderíamos criar algo bem legal juntas o que acha de agendarmos um papo para te contar mais sobre a nossa história e a ideia de parceria fico no aguardo,pedido_sugestao
ok,outros
falamos por lá,outros
ainda não super correria,outros
olá eu encontro as medidas no site,duvida_tamanho
e a blusa,outros
oiee tudo bem amei a bota tem curadoria dela bjos,disponibilidade
queria ver sua sapateira pq tudo é lindíssimo mas seus sapatos são escolhidos a dedo tudo a ver com vc sempre esse é da laiá né,outros
uhuu,outros
linda calça qual é a marca,outros
de onde é a sandália linda,outros
claro mando tudo la,outros
olá como vai funcionar onde vai ser obrigada,saudacao
de onde é esse macacão maravilhoso amo,agradecimento
bom dia gostei muito de uma calça mais gostaria de ter informações dos tamanhos se te tabela de medidas como faço para saber poderiam me ajudar no aguardo grata adriana baggio,duvida_tamanho
olá vcs tem uma tabela de medidas para essa calça amei e gostaria de escolher o tamanho certo visto 40 e tenho 1 05 de quadril então não tenho certeza do p ou m poderiam me ajudar no aguardo grata adriana baggio,duvida_tamanho
oi pessoal tudo bem mariele da icon aqui adoraria apresentar a agência e os talentos que representamos para vocês acredito que temos uma super sinergia e que seria lindo colaborarmos futuramente qual o melhor contato para falarmos disso por favor muito obrigada,saudacao
tô chegando,outros
precisei sair correndo por um problema com minha filha que ja esta bem mas nem consegui me despedir obrigada queridas pelo convite,agradecimento
aaaah perdi quando vai ter offline de novo,outros
obrigada pelo convite adorei a minha sandalia nova,agradecimento
boa tarde a jaqueta off da nauanim voltou,saudacao
sim obrigada,agradecimento
o site está passando por problemas,outros
oi pessoal tudo bem acredito que essa calça tenha esgotado certo vai ter reposição dela aguardo retorno obrigada milene,disponibilidade
perfeito fico no aguardo abraço,agradecimento
ola boa tarde tudo bem tenho uma confecção trabalho com tecido plano e malha faço todo desenvolvimento da peça começando da peça piloto e entrego a produção passada e embalada caso tenha interesse meu número é 11948549084 obrigada,saudacao
que roupa bonita,outros
olá primeiramente quero dizer que a curadobia está fantástica vi que vários produtos estão indisponíveis no site como a blusa pah e phyna por exemplo tem alguma previsão de retorno ao estoque,disponibilidade
obrigada pelo retorno vou acompanhar então beijo beijo,agradecimento
olá sua curadoria projeto editorial e gráfico são incríveis parabéns mas sua plataforma de e commerce não funciona bem estou desde ontem tentando fazer compras mas páginas não carregam carrinhos esvaziam muito difícil,saudacao
olá tudo bem seriam essas peças,saudacao
as duas camisas o body a calça e o colar eu visto p,duvida_tamanho
adorei a dica,outros
olá fiz uma compra com vocês tudo certo,saudacao
oba,outros
oi pessoal tudo bem estou com dúvida sobre numeração de uma peça de vocês aguardo retorno obrigada milene,duvida_tamanho
tudo bem e vocês,outros
joia,outros
estou de olho nessa peça aqui,outros
porém na dúvida do melhor tamanho,duvida_tamanho
eu costumo usar p ou pp se a confecção é grande,duvida_tamanho
36 ou 38,duvida_tamanho
não rsrs,outros
vou olhar,outros
na verdade eu já assisti ao vídeo do casaco no site curadobia várias vezes para tentar chegar a essa conclusão mas não consegui,outros
posso trocar caso eu experimente e prefira uma maior,troca_devolucao
outra dúvida é sobre o tom certinho dessa jaqueta no site achei que estava num tom diferente dos stories,outros
perfeito,agradecimento
eu amo todos os seus looks combina 100 com o meu estilo queria ter todas as peças para mim pena que moro do outro lado do mundo,pedido_sugestao
entrar em contato com a luciana nossa gerente comercial no email gerencia com br,outros
por nada,outros
olá tudo bem e com vcs vi que vcs enviaram um e mail para nós vou responder vcs por lá ok um beijo e muito obrigada pelo contato 3,saudacao
a regata chiquetosa vai voltar pro estoque,disponibilidade
e a regata arrumadona,outros
volta pro estoque,disponibilidade
boa tarde fiz um pedido de uma blusa brilhei no dia 13 01 não recebi nenhum e mail de confirmação será que está tudo certo meu nome é cristiane rocha loures brenner,saudacao
olá curadobia tudo bem agradecemos o interesse pela marca para garantir que você receba a atenção e cuidado adequados pedimos a gentileza de encaminhar mais informações como contatos rede social e portfólio para mkt conteudo com br nossa equipe de marketing é especializada nesse assunto dessa forma tenho certeza de que eles avaliarão e se houver interesse entrarão em contato prontamente fique à vontade para entrar em contato caso tenha alguma dúvida estamos aqui para ajudar,saudacao
ei ana,outros
em março eu vou produzir reposição e cores novas de tudo,disponibilidade
agora estou organizando as coisas,outros
aí entro em contato vocês,outros
pode ser,outros
a regata arrumadona m,duvida_tamanho
como uma crítica construtiva vcs deveriam mandar um e mail para confirmar o pedido compro bastante on line e sempre vem o e mail do status do pedido o cliente fica mais seguro da compra,duvida_tamanho
sim,outros
vamos marcar,outros
eu não recebi a confirmação dessa compra,outros
oi ana a marcia fonseca esta em contato com vc ne vamos conversar sim a fernanda tem mto interesse,disponibilidade
pode,outros
ok entendi obrigada pelo retorno um abraço,agradecimento
oiii boa tarde me chamo talita e sou figurinista na emissora cnbc licenciada pela uma emissora nova que transmite jornalismo de negócios e é lider mundial no seu segmento temos no nosso elenco grandes nomes do jornalismo incluido carol barcellos rita wu erica reis christiane pelajo zeca camargo natalia ariade estou apenas dando um exemplo do time de peso que faz parte da emissora as meninas são a cara da marca elas postam marcam o tem o manequim otimo e sao mega fotogênicas podemos alinhar a produção me ajudem rs vai ser uma parceria incrivel um beijo e aguardo retorno,disponibilidade
olá tudo bem entre em contato com nosso comercial 085987859507,saudacao
chama no mkt com,outros
bia tudo bem tenho uma festa bem legal e o traje é black and white pensei na blusa pah mas queria saber se o tecido fica vistoso e se você recomenda alguma calça mais festa para combinar beijos julie,duvida_tamanho
boa noite haverá reposição da saia única preta no tamanho 1,duvida_tamanho
oi time da curadobia tudo bem sou joana sigo o perfil e amo tem uma calça que vi numa propaganda que me apaixonei mas não encontrei no site queria saber de onde ela é por favor se puderem vocês me contam super obrigada bj,disponibilidade
oi boa tarde,saudacao
adquiri uma máxi pantalona valéria mansur,outros
p,duvida_tamanho
ficou enorme,duvida_tamanho
como proceder p troca,troca_devolucao
obrigada pelo retorno as peças são incríveis é que me apaixonei por essa calça então foi ela que me prendeu o olhar,agradecimento
até agora nada,despedida
eu sugiro q vcs verifiquem melhor as parcerias de fornecedores pois não comprarei mais nesta curadoria infelizmente gosto mto do trabalho da bia mas assim inviabiliza,outros
olá meninas tudo bem comprei a saia preta da d aura em outubro precisei trocar foram rapidíssimos mas só hoje eu soube que não levaram a sacola com a peça a ser trocada ficou este tempo todo na minha portaria como faço,troca_devolucao
linda gladiadora,outros
na verdade foi o porteiro rs,outros
tranquilo obrigada,agradecimento
já respondi sim no wzap,outros
vocês irao vender oysho,outros
é o pedido 502,outros
olá tudo bem ana e vc que bacana vou passar o whatsapp da maiá pode falar com ela por gentileza 11 983268095,onde_comprar
vou seguir,outros
que honra,outros
já comprei 3 peças da curadobia,outros
amando,outros
linda essa blusa,outros
não tem mais numeração 37,duvida_tamanho
boa noite,saudacao
estou com duvidas sobre o tamanho da saia unica visto 42 mas as medidas no quadro de tamanhos parecem grandes mas existe a informação de que o tamanho 1 corresponde ao 36,duvida_tamanho
bom dia obrigada,saudacao
poxa que pena quando tiverem me avise por favor,outros
cadê quero,outros
que lindoo,outros
boa tarde pessoal tudo bem estava namorando um macacão verde no site da marca d aura porém não localizei mais saiu de coleção não terá reposição aguardo obrigada milene,disponibilidade
tudo bem também que pena eu queria exatamente o verde,outros
vai ter reposição dessa calça,disponibilidade
ola muitíssimo obrigada,saudacao
que calça maravilhosa,agradecimento
link da calça por gentileza,outros
olá sou o gerente de vendas da pg game platform quero falar com você sobre parcerias nossa plataforma foi licenciada conjuntamente pelo governo federal brasileiro e pelo governo de curaçao em outubro você pode se juntar a nós e lhe daremos altas comissões entre em contato comigo pelo whatsapp 13434802605,onde_comprar
gostaria a camisa branca tamanho m é possível,duvida_tamanho
olá bom dia sou muito fã da bia mas nunca comprei no curadoria uma dúvida como faço para escolher um tamanho com mais segurança tem uma tabela de medidas para servir de referência obrigada,duvida_tamanho
que lindo tudo,outros
olá bom dia roupas lindas aqui mas não encontrei muitas opções de tamanhos maiores é isso mesmo tenho uma cliente que se enquadraria perfeita nesse estilo mais contemporâneo mas é um tamanho g gg 44 46 poderiam me sugerir algumas opções,duvida_tamanho
olá muito obrigada vou ver em breve,saudacao
oii,saudacao
obrigada eu aviso sim gostei bastante vou levar para a cliente,agradecimento
olá tudo bem teria um contato do responsável da marca ou comercial para falarmos obrigada carol,saudacao
olá td bem fiz uma compra com vc e recebi apenas o tricot vc pode me ajudar muito obrigada desde já,saudacao
não estou conseguindo entrar no site para fazer compra,outros
oiee,saudacao
gosto muito dos looks mas percebo que ha muito jogo c volumes,pedido_sugestao
nao sei se ficaria legal p quem esta um pouco acima do peso,duvida_tamanho
sua roupa jeans é de onde,outros
perfeito ana obrigada pelo retorno,agradecimento
ameiiiiiiii,outros
uma coisa de lindo,outros
oi esse conjunto marrom é vendido também,saudacao
bom dia gostei da calça vai ter no site obrigada,saudacao
nossa perfeito,agradecimento
bem e vc ana muito obrigada,agradecimento
deu certo sim obrigada,agradecimento
adorei como funciona,outros
oi ana boa tarde obrigada pelo contato sim estou interessada tentei comprar após a mensagem da bia mas ainda estava indisponível,saudacao
ótimo me avise por favor um abraço e obrigada,agradecimento
visto g qual tamanho seria quais cores tem tem a calça tb,duvida_tamanho
uauuu ameiii linda saia,outros
olá esse conjunto ainda não está disponvel no site de vcs né poderia me dizer se onde é,saudacao
fiz o processo 2x será q cobrou 2x,outros
ahh reptilia adoro,outros
qual a marca do tenis,outros
oii bia tudo bem por favor de onde é essa calça yes i am procurei aqui no feed e não encontrei obrigada,saudacao
legal mto obrigada,agradecimento
olá bom dia me chamo anelisa e gostaria de confirmar se meu pedido foi realizado não sei se esse é o canal mais adequado para essa solicitação mas como não achei no site um campo para falar com vocês decidi vir aqui fiz essa compra ontem pelo site e logo depois de finalizar apareceu uma mensagem dizendo que o pagamento não estava confirmado no entanto no site diz que o pagamento foi efetuado e não recebi nenhuma mensagem do banco dizendo que o pagamento foi negado além disso também não recebi um e mail com os dados do pedido muito obrigada desde já,saudacao
oi ana tudo e você beleza obrigada,saudacao
essa tshirt vai estar no evento namoro tanto ela,outros
isso é curadobia hein,outros
ahh pena mas na hora certa vai dar,outros
bia será que a tshirt angela motta branca com uma manga bafônica vai ter amanhã preciso dela,disponibilidade
obaaa,outros
eba,outros
muito obrigada pelo retorno,agradecimento
endereço,outros
adorei obrigada vcs,agradecimento
chico neto cd maré mar whatsapp 11965621065,onde_comprar
sua camisa é linda,outros
lindo o evento amei,agradecimento
qual o endereço,outros
foi só hoje ou vai ficar mais tempo,outros
essa gladiadora qual o número tem 37,disponibilidade
e tem ela preta,disponibilidade
eu quero sim mas vc poderia me enviar a foto do modelo só pra eu confirmar,outros
yes,outros
37 não creio,outros
tô de olho faz tempooo,outros
tá ótimo obrigada,agradecimento
certo qual o link da compra,outros
obrigada ana,agradecimento
compra realizada,outros
eu não recebi email confirmando a compra,outros
gostei do conjunto mas não vi no site,outros
foi muito legal,outros
eu adorei ja usei minha saia hj,outros
vamos pensar no q podemos fazer juntas,outros
por onde posso acompanhar o envio da minha compra,outros
oiiii tudo bem,saudacao
quanto tá essa blusa,outros
oi tudo certinho por aí somos a ēcru e trabalhamos com embalagens sustentáveis e personalizáveis feitas em algodão cru nossos principais produtos são necessaire saquinhos ecobags nos identificamos muito com a sua empresa e adoraríamos te apresentar nosso catálogo posso te enviar mais informações pelo e mail ou whatsapp ah também aceitamos propostas de orçamento ou cobrimos valores de outros fornecedores,onde_comprar
olá como tirar dúvidas de tamanho da peça,duvida_tamanho
boa tarde estava previsto pra chegar hoje minha encomenda porém nada foi entregue,saudacao
vc poderia checar se houve algum problema com os correios de são paulo pois nem chegou no correio de curitiba,outros
quero comprar mas preciso saber se ela calça certinho o número do calço o número 35 devo comprar o mesmo,outros
parece que o contato por aqui não é satisfatório,outros
oie essa calça vai ter reposição na curadoria,disponibilidade
vc teria alguma informação sobre a minha encomenda,outros
oie são lindas porém aquele modelo foi o que mais me agradou mas tranquilo super obrigada pela atenção,saudacao
de todo modo agradeco por perguntar,agradecimento
agradeco o feedback,agradecimento
obg,agradecimento
tem body preto tamanho 40,buscar_produto_por_categoria
tem vestido verde tamanho 38,buscar_produto_por_categoria
tem blazer verde tamanho 42,buscar_produto_por_categoria
tem jaqueta preto tamanho 40,buscar_produto_por_categoria
tem body preto tamanho 46,buscar_produto_por_categoria
quero vestido verde 44,buscar_produto_por_categoria
tem camisa preto tamanho 42,buscar_produto_por_categoria
quero vestido verde 42,buscar_produto_por_categoria
tem body verde tamanho p,buscar_produto_por_categoria
tem body verde tamanho 40,buscar_produto_por_categoria
tem camisa verde tamanho gg,buscar_produto_por_categoria
tem vestido verde tamanho 44,buscar_produto_por_categoria
tem blazer verde tamanho g,buscar_produto_por_categoria
tem vestido preto tamanho 46,buscar_produto_por_categoria
quero camisa preto 46,buscar_produto_por_categoria
quero saia verde m,buscar_produto_por_categoria
quero saia verde p,buscar_produto_por_categoria
quero saia verde 36,buscar_produto_por_categoria
tem camisa verde tamanho 44,buscar_produto_por_categoria
tem blazer verde tamanho m,buscar_produto_por_categoria
tem blazer preto tamanho 38,buscar_produto_por_categoria
tem camisa preto tamanho 38,buscar_produto_por_categoria
quero jaqueta preto gg,buscar_produto_por_categoria
quero jaqueta verde 42,buscar_produto_por_categoria
quero blazer preto m,buscar_produto_por_categoria
tem vestido preto tamanho g,buscar_produto_por_categoria
tem camisa verde tamanho m,buscar_produto_por_categoria
quero camisa preto p,buscar_produto_por_categoria
tem body preto tamanho 42,buscar_produto_por_categoria
quero jaqueta preto p,buscar_produto_por_categoria
quero vestido preto 46,buscar_produto_por_categoria
quero jaqueta preto g,buscar_produto_por_categoria
tem vestido verde tamanho pp,buscar_produto_por_categoria
quero jaqueta verde 46,buscar_produto_por_categoria
quero camisa preto 42,buscar_produto_por_categoria
tem saia preto tamanho 40,buscar_produto_por_categoria
quero vestido preto pp,buscar_produto_por_categoria
tem blazer preto tamanho g,buscar_produto_por_categoria
tem body preto tamanho gg,buscar_produto_por_categoria
tem body preto tamanho p,buscar_produto_por_categoria
tem saia verde tamanho gg,buscar_produto_por_categoria
tem saia verde tamanho 46,buscar_produto_por_categoria
tem camisa verde tamanho g,buscar_produto_por_categoria
tem vestido verde tamanho p,buscar_produto_por_categoria
quero jaqueta preto 36,buscar_produto_por_categoria
tem body preto tamanho 44,buscar_produto_por_categoria
quero vestido verde pp,buscar_produto_por_categoria
quero camisa verde p,buscar_produto_por_categoria
quero jaqueta verde 44,buscar_produto_por_categoria
tem body preto tamanho pp,buscar_produto_por_categoria
tem vestido verde tamanho g,buscar_produto_por_categoria
quero body preto m,buscar_produto_por_categoria
tem camisa preto tamanho 46,buscar_produto_por_categoria
tem blazer preto tamanho 36,buscar_produto_por_categoria
tem saia preto tamanho 36,buscar_produto_por_categoria
tem vestido preto tamanho 36,buscar_produto_por_categoria
quero vestido verde 40,buscar_produto_por_categoria
quero blazer verde 46,buscar_produto_por_categoria
tem vestido verde tamanho 36,buscar_produto_por_categoria
tem camisa verde tamanho 42,buscar_produto_por_categoria
quero body preto 36,buscar_produto_por_categoria
quero blazer preto 42,buscar_produto_por_categoria
tem body verde tamanho gg,buscar_produto_por_categoria
tem saia verde tamanho pp,buscar_produto_por_categoria
tem jaqueta verde tamanho p,buscar_produto_por_categoria
quero saia verde g,buscar_produto_por_categoria
tem jaqueta preto tamanho p,buscar_produto_por_categoria
tem camisa verde tamanho 46,buscar_produto_por_categoria
quero camisa verde 40,buscar_produto_por_categoria
quero jaqueta verde gg,buscar_produto_por_categoria
quero camisa preto 40,buscar_produto_por_categoria
quero camisa preto 44,buscar_produto_por_categoria
tem camisa preto tamanho g,buscar_produto_por_categoria
tem saia preto tamanho m,buscar_produto_por_categoria
tem jaqueta verde tamanho gg,buscar_produto_por_categoria
quero camisa preto pp,buscar_produto_por_categoria
tem jaqueta preto tamanho pp,buscar_produto_por_categoria
quero saia preto p,buscar_produto_por_categoria
quero blazer verde 38,buscar_produto_por_categoria
tem vestido verde tamanho m,buscar_produto_por_categoria
tem vestido preto tamanho p,buscar_produto_por_categoria
quero jaqueta verde 40,buscar_produto_por_categoria
quero body preto g,buscar_produto_por_categoria
quero blazer preto g,buscar_produto_por_categoria
quero saia verde 42,buscar_produto_por_categoria
quero camisa verde 44,buscar_produto_por_categoria
quero blazer verde 40,buscar_produto_por_categoria
tem body verde tamanho 42,buscar_produto_por_categoria
tem camisa verde tamanho 36,buscar_produto_por_categoria
quero blazer verde g,buscar_produto_por_categoria
tem camisa preto tamanho m,buscar_produto_por_categoria
quero body verde g,buscar_produto_por_categoria
quero jaqueta verde 38,buscar_produto_por_categoria
tem blazer verde tamanho pp,buscar_produto_por_categoria
quero camisa verde pp,buscar_produto_por_categoria
quero jaqueta verde m,buscar_produto_por_categoria
tem jaqueta preto tamanho 42,buscar_produto_por_categoria
quero blazer preto p,buscar_produto_por_categoria
tem jaqueta verde tamanho 38,buscar_produto_por_categoria
quero camisa preto m,buscar_produto_por_categoria
tem blazer verde tamanho 40,buscar_produto_por_categoria
quero body preto 38,buscar_produto_por_categoria
tem body verde tamanho 44,buscar_produto_por_categoria
quero blazer preto 40,buscar_produto_por_categoria
tem camisa preto tamanho 44,buscar_produto_por_categoria
quero saia verde 38,buscar_produto_por_categoria
tem jaqueta preto tamanho 44,buscar_produto_por_categoria
tem camisa verde tamanho 40,buscar_produto_por_categoria
tem jaqueta preto tamanho g,buscar_produto_por_categoria
quero jaqueta verde g,buscar_produto_por_categoria
quero blazer verde 42,buscar_produto_por_categoria
tem saia verde tamanho 40,buscar_produto_por_categoria
quero camisa verde 46,buscar_produto_por_categoria
quero blazer verde gg,buscar_produto_por_categoria
quero body verde 40,buscar_produto_por_categoria
quero body verde 38,buscar_produto_por_categoria
quero vestido verde 38,buscar_produto_por_categoria
quero vestido preto p,buscar_produto_por_categoria
tem saia verde tamanho 36,buscar_produto_por_categoria
tem jaqueta preto tamanho m,buscar_produto_por_categoria
quero vestido verde 46,buscar_produto_por_categoria
na o tem um link de comunicaa a o no whatsapp,buscar_produto_por_nome
temos o vadeo nos nossos stories de hoje com a bia usando ela de uma olhada d,buscar_produto_por_nome
ahhh bom d entendi errado enta o achei que estava na serra espero que abra o tempo e fiquei um lindo final de semana,buscar_produto_por_nome
to de olho faz tempooo,buscar_produto_por_nome
nao temos cupom de desconto no momento,buscar_produto_por_nome
vcs tem desconto para primeira compra,buscar_produto_por_nome
sa num entrar no site ou aqui no nosso perfil que tem a selea a o completa,buscar_produto_por_nome
tem sim a cala a,buscar_produto_por_nome
mas pode ficar tranquila que assim que lana armos a terceira pea a que vocaa gostou vou te mandar por aqui tudo bem na o deixe de garantir suas pea as da lounge a tempod,buscar_produto_por_nome
temos o video nos nossos stories de hoje com a bia usando ela de uma olhada,buscar_produto_por_nome
nao tem mais numeracao num,buscar_produto_por_nome
na o tem mais numeraa a o num,buscar_produto_por_nome
na o temos cupom de desconto no momento,buscar_produto_por_nome
voces tem loja fisica,buscar_produto_por_nome
na o gosto de nada apertado mas essa blusa tem um shane mais ajustado daa fiquei na daovida,buscar_produto_por_nome
mas pode ficar tranquila que assim que lancarmos a terceira peca que voce gostou vou te mandar por aqui tudo bem nao deixe de garantir suas pecas da lounge a tempo,buscar_produto_por_nome
procuro,buscar_produto_por_nome
ta de olho faz tempooo,buscar_produto_por_nome
nao tem um link de comunicacao no whatsapp,buscar_produto_por_nome
vocaas tem loja fasica,buscar_produto_por_nome
tem cupom de desconto primeira compra,buscar_produto_por_nome
com relaa a o a cala a na num s temos essas duas opa aues que penso que vc pode gostar,buscar_produto_por_nome
essa gladiadora qual o naomero tem num,buscar_produto_por_nome
no e mail da nota fiscal na o tem nada,buscar_produto_por_nome
bia td bom nao estou conseguindo finalizar a compra da regata podrinha coloquei os dados do cartao e no campo cvv eu ponho os numeros mas o sistema ignora que eu coloquei tentei varias vezes acho que esta com problema,buscar_produto_por_nome
era pra ter chegado ontem,buscar_produto_por_nome
nao gosto de nada apertado mas essa blusa tem um shane mais ajustado dai fiquei na duvida,buscar_produto_por_nome
mantem,buscar_produto_por_nome
so entrar no site ou aqui no nosso perfil que tem a selecao completa,buscar_produto_por_nome
obrigada pela presenca silvia,despedida
obrigada pelo convite adorei a minha sandalia nova hearts,despedida
qualquer daovida ou questa o estamos a disposia a o obrigada por nos acompanhar equipe curadobia d,despedida
obrigada enviarei,despedida
muito obrigada tenham um bom fim de semana,despedida
evelyn obrigada pelo interesse para parcerias com o curadobia peco que envie apresentacoes para o nosso email contato curadobia user com e seguimos com as tratativas por la que fica mais facil e para interesses de parcerias diretamente com a bia e preciso entrar em contato diretamente com ela pelo email biapaesdebarros user com,despedida
certo obrigada o prazo de entrega sao num dias mesmo,despedida
gabriela entendo sua frustracao e e completamente justificada de fato a marca informou ter tido um pequeno problema de producao que nao devera mais ocorrer e por isso acabou enviando atrasado seu pedido sobre o meio de contato estamos providenciando um numero para atendimento whatsapp por hora estamos apenas com o e mail mas muito em breve ja deixaremos essa opcao mais facil para solucao de qualquer problema,despedida
obrigada pelo prestigio,despedida
evelyn obrigada pelo interesse para parcerias com o curadobia pea o que envie apresentaa aues para o nosso email contato curadobia user com e seguimos com as tratativas por la que fica mais fa cil d e para interesses de parcerias diretamente com a bia a c preciso entrar em contato diretamente com ela pelo email biapaesdebarros user com,despedida
obrigada ata c la,despedida
atemporal,despedida
obrigada pelo prestagio d d,despedida
eu amei a que tem a ponta duvida tem que ter tornozelo fino obrigada,despedida
obrigada pela presena a renata vai arrasar demais com o conjuntinho mascavo nosso antimo terracota d deg,despedida
obrigada pela presena a ju amamos te receber e te atender d d,despedida
obrigada beijinhos,despedida
prateleira,despedida
segue o link dele qualquer daovida ou questa o estamos a disposia a o obrigada por nos acompanhar equipe curadobia d,despedida
obrigada pela presenca heartshearts,despedida
obrigada pela presena a silviad,despedida
muito obrigada elas entraram em contato comigo realmente a sandalia e linda mas infelizmente fico um pouco fora pra mim,despedida
mto obrigada,despedida
bia esse seu curadobia esta um arraso muito tentador paraba c ns pelo projeto uma daovida qual a sua altura estou interessadassima nessa cala a mas sou baixa num cm e geralmente tenho que fazer a barras das cala as o que na o a c muito fa cil com essaa d obrigada,despedida
sim obrigada,despedida
muito obrigada pela atencao,despedida
ahhh entendi muito obrigada,despedida
ok obrigada d,despedida
ok entendi obrigada pelo retorno um abraco,despedida
sim a carol entrou em contato comigo uma fofa super atenciosa,despedida
ate agora nada,despedida
obrigada por nos acompanhar d sigo aqui para o que vocaa precisar,despedida
obrigada pela presenca livia,despedida
obrigada pela presenca ju amamos te receber e te atender,despedida
adorei obrigada vcs,despedida
obrigada pelo retorno vou acompanhar enta o beijo beijo d d,despedida
obrigada ate la,despedida
deu certo sim obrigada,despedida
com certeza sera um sucesso obrigada ana d,despedida
enfim por muito pouco na o me atende,despedida
obrigada no aguardo que seja disponibilizado o envio,despedida
ok obrigada,despedida
muito obrigada,despedida
ok entendi obrigada pelo retorno um abraa o,despedida
obrigada por nos acompanhar sigo aqui para o que voce precisar,despedida
obrigada ana,despedida
obrigada pelo feedback maria,despedida
segue o link dele qualquer duvida ou questao estamos a disposicao obrigada por nos acompanhar equipe curadobia,despedida
enviado obrigada ate segunda,despedida
obrigada pela presena a a i a i,despedida
obrigada pela presena a stella,despedida
perfeito ja passei pro pessoal realizar a correa a o obrigada pelo feedback,despedida
bia eu terminei de subir os produtos pora c m acho que esta com um delay amanha vou ver se terminou de atualizar na plataforma ta tudo certinho num categorias que criei com todo produtos descria a o vadeos etc,despedida
ok muito obrigada d,despedida
bem e vc ana muito obrigada,despedida
certo obrigada o prazo de entrega sa o num dias mesmo,despedida
obrigada eu aviso sim gostei bastante vou levar para a cliente,despedida
categoria,despedida
bia eu terminei de subir os produtos porem acho que esta com um delay amanha vou ver se terminou de atualizar na plataforma ta tudo certinho num categorias que criei com todo produtos descricao videos etc,despedida
ta otimo obrigada,despedida
pedimos desculpas pelo ocorrido e pode ter certeza que isso servira para aprimorarmos nosso atendimento e na o deixar que situaa aues como essa ocorram novamente agradea o sua compreensa o e nos disponibilizamos para auxiliar da melhor forma possavel sobre ter ficado um pouco grande o body nos informe se desejar efetuar troca que ja posso agilizar junto a marca essa solicitaa a o,despedida
mto obrigada pelo retorno,despedida
obrigada por ser nossa cliente,despedida
legal mto obrigada,despedida
obrigada pelo retorno vou acompanhar entao beijo beijo,despedida
pedimos desculpas pelo ocorrido e pode ter certeza que isso servira para aprimorarmos nosso atendimento e nao deixar que situacoes como essa ocorram novamente agradeco sua compreensao e nos disponibilizamos para auxiliar da melhor forma possivel sobre ter ficado um pouco grande o body nos informe se desejar efetuar troca que ja posso agilizar junto a marca essa solicitacao,despedida
obrigada pela presenca,despedida
com certeza sera um sucesso obrigada ana,despedida
obrigada pela presenca stella,despedida
com certeza nao exatamente por isso que pensamos nesse material que se molda nos pes,despedida
todas as pecas da mybasic e da lounge num possuem uma ampla grade url url os produtos da cecilia possuem uma modelagem mais ampla url alguns dos produtos da nauanin chegam ate a numeracao xxgg equivalendo a um num url,despedida
ta a num timo obrigada,despedida
muito obrigada legal que sou do mesmo tamanho que ela,despedida
otimo me avise por favor um abraco e obrigada,despedida
perfeito ana obrigada pelo retorno d,despedida
obrigada pelo retorno,despedida
qualquer duvida ou questao estamos a disposicao obrigada por nos acompanhar equipe curadobia,despedida
enviado obrigada ata c segunda,despedida
legal mto obrigada d,despedida
estou tentando contato para devolucao de mercadoria e ninguem me atende nem por whatsapp e nem e mail comprei um vestido que quero devolver como devo proceder cristina hees num num,despedida
muito obrigada pelos esclarecimentos,despedida
seguem as medidas p cos num cm e veste quadril ate num cm m cos num cm e veste um quadril ate num cm g cos num cm e veste um quadril ate num cm,despedida
obrigada pelo retorno namoro o modelo gladiador me lembro dele mas quando fui procurar ja na o tinha mais d,despedida
enfim por muito pouco nao me atende,despedida
obrigada pelo interesse d aguardamos vocaas,despedida
obrigada a i,despedida
mto obrigada msm,despedida
muito obrigada elas entraram em contato comigo realmente a sanda lia a c linda mas infelizmente fico um pouco fora pra mim,despedida
ok muito obrigada,despedida
obrigada pelo interesse aguardamos voces,despedida
tranquilo obrigada,despedida
precisei sair correndo por um problema com minha filha que ja esta bem mas nem consegui me despedir obrigada queridas pelo convite,despedida
nos seguimos acompanhando todo o processo ate sua finalizacao,despedida
tem jaqueta verde no 46,disponibilidade
tem jaqueta verde no 42,disponibilidade
tem vestido preto no g,disponibilidade
tem saia verde no 46,disponibilidade
tem saia verde no p,disponibilidade
tem camisa preto no m,disponibilidade
tem saia preto no 46,disponibilidade
tem body preto no g,disponibilidade
tem vestido preto no 42,disponibilidade
tem saia verde no g,disponibilidade
tem jaqueta verde no g,disponibilidade
tem body verde no 42,disponibilidade
tem blazer verde no 38,disponibilidade
tem blazer verde no gg,disponibilidade
tem camisa preto no 44,disponibilidade
tem saia verde no gg,disponibilidade
tem jaqueta preto no 46,disponibilidade
tem vestido verde no 46,disponibilidade
tem jaqueta preto no 38,disponibilidade
tem camisa preto no 38,disponibilidade
tem blazer verde no 40,disponibilidade
tem body verde no 36,disponibilidade
tem blazer preto no 40,disponibilidade
tem vestido preto no p,disponibilidade
tem vestido preto no 44,disponibilidade
tem blazer preto no 42,disponibilidade
tem body verde no 38,disponibilidade
tem jaqueta verde no 40,disponibilidade
tem body preto no 42,disponibilidade
tem vestido preto no 38,disponibilidade
tem body preto no 44,disponibilidade
tem saia verde no m,disponibilidade
tem blazer verde no g,disponibilidade
tem saia verde no 42,disponibilidade
tem camisa preto no 36,disponibilidade
tem vestido verde no 42,disponibilidade
tem body verde no pp,disponibilidade
tem body verde no 40,disponibilidade
tem blazer preto no p,disponibilidade
tem jaqueta preto no 44,disponibilidade
tem jaqueta preto no 40,disponibilidade
tem vestido verde no 38,disponibilidade
tem camisa verde no m,disponibilidade
tem jaqueta verde no gg,disponibilidade
tem vestido preto no pp,disponibilidade
tem jaqueta preto no gg,disponibilidade
tem body preto no 38,disponibilidade
tem saia preto no gg,disponibilidade
tem blazer preto no 36,disponibilidade
tem saia preto no 42,disponibilidade
tem blazer verde no pp,disponibilidade
tem vestido preto no gg,disponibilidade
tem camisa preto no pp,disponibilidade
tem saia preto no 36,disponibilidade
tem blazer preto no gg,disponibilidade
tem body preto no m,disponibilidade
tem jaqueta verde no m,disponibilidade
tem camisa verde no 42,disponibilidade
tem body verde no 46,disponibilidade
tem saia verde no 38,disponibilidade
tem vestido preto no 36,disponibilidade
tem camisa verde no p,disponibilidade
tem saia preto no m,disponibilidade
tem body verde no p,disponibilidade
tem camisa verde no 46,disponibilidade
tem blazer preto no g,disponibilidade
os bodys da revival sa o excelentes pea as neutras e ba sicas para ter no arma rio e possuem uma ampla grade de tamanhos url ala c m disso temos nossos acessa num rios url bolsas url e sapatos url,duvida_tamanho
bia tudo bem tenho uma festa bem legal e o traje e black and white pensei na blusa pah mas queria saber se o tecido fica vistoso e se voce recomenda alguma calca mais festa para combinar beijos julie,duvida_tamanho
molinho,duvida_tamanho
comprei a jaqueta d,duvida_tamanho
a nossa calca diferentex esta saindo por r num num,duvida_tamanho
a jaqueta branca uma pena eu na o conseguir comprar por problemas ta c cnicos uma experiaancia de consumidor mto ruim,duvida_tamanho
para adquirir essa pea a basta clicar no link da jaqueta e finalizar a compra pelo site url,duvida_tamanho
paguei sedex porque estou indo hoje pra londres e queria levar o body,duvida_tamanho
sua camisa e linda,duvida_tamanho
tudo bem bia gostaria muito de saber se nesta sua plataforma vc assiste aos clientes em encontrar produtos lojas etc,duvida_tamanho
a jaqueta branca uma pena eu nao conseguir comprar por problemas tecnicos uma experiencia de consumidor mto ruim,duvida_tamanho
o produto e lindo apesar de ter ficando um pouco grande,duvida_tamanho
comprei um body e paguei frete de num dias uteis pra levar pra uma viagem agora na sexta,duvida_tamanho
d body mybasic,duvida_tamanho
milene perguntamos para a bia e ela te indicou comprar o tamanho num dessa jaqueta por voce nao estar acostumada a roupas oversized o que acha,duvida_tamanho
e o body me chega hoje,duvida_tamanho
gosto da calca assim mais curta visto entre num num quadril num,duvida_tamanho
gostaria a camisa branca tamanho m a possavel,duvida_tamanho
somos uma produtora de a udio visual e achamos que seria interessante apresentar o nosso trabalho e portifa num lio,duvida_tamanho
os bodys da revival sao excelentes pecas neutras e basicas para ter no armario e possuem uma ampla grade de tamanhos url alem disso temos nossos acessorios url bolsas url e sapatos url,duvida_tamanho
vai ter reposicao dessa calca,duvida_tamanho
eu adorei ja usei minha saia hj,duvida_tamanho
ainda hj vou efetuar a compra da calca,duvida_tamanho
quero comprar mas preciso saber se ela calca certinho o numero do calco o numero num devo comprar o mesmo,duvida_tamanho
experimentei essa jaqueta maravilhosa,duvida_tamanho
o produto a c lindo apesar de ter ficando um pouco grande,duvida_tamanho
tem sim a calca,duvida_tamanho
eu comprei a calca pantalona branca no dia num num,duvida_tamanho
gostaria de saber o tamanho da cintura dessa calca no tamanho m,duvida_tamanho
seguem as medidas p ca num s num cm e veste quadril ata c num cm m ca num s num cm e veste um quadril ata c num cm g ca num s num cm e veste um quadril ata c num cm,duvida_tamanho
para adquirir essa peca basta clicar no link da jaqueta e finalizar a compra pelo site url,duvida_tamanho
milene perguntamos para a bia e ela te indicou comprar o tamanho num dessa jaqueta por vocaa na o estar acostumada a roupas oversized o que acha d,duvida_tamanho
que calca maravilhosa,duvida_tamanho
veste,duvida_tamanho
tenho num num essa calca esta mais curta para mim mesmo te aconselho a comprar um tamanho pequeno,duvida_tamanho
elaine para o tamanho num nos indicamos o tamanho num da saia,duvida_tamanho
somos uma produtora de audio visual e achamos que seria interessante apresentar o nosso trabalho e portifolio,duvida_tamanho
linda calca qual e a marca,duvida_tamanho
fiz uma compra de um casaco com vcs e nao vestiu bem gostaria de trocar por uma calca fresquinha tamanho m,duvida_tamanho
estou com duvidas sobre o tamanho da saia unica visto num mas as medidas no quadro de tamanhos parecem grandes mas existe a informacao de que o tamanho num corresponde ao num,duvida_tamanho
visto g qual tamanho seria quais cores tem tem a calca tb,duvida_tamanho
outra daovida a c sobre o tom certinho dessa jaqueta no site achei que estava num tom diferente dos stories,duvida_tamanho
essa sandalia calca certo calco num sera que preciso comprar num,duvida_tamanho
sua camisa a c linda,duvida_tamanho
sobre a troca da calca que comprei quero trocar por um tamanho menor recebi um e mail de vcs no dia num num num respondi mas dps disso nao tive mais retorno,duvida_tamanho
com relacao a calca nos temos essas duas opcoes que penso que vc pode gostar,duvida_tamanho
aqui a tabela certinha mas ja estamos com o pessoal tecnico corrigindo esse erro,erros_plataforma
pensamos que poderia ser a senha criada mas quando ocorre algum ponto nesse aspecto surge uma mensagem abaixo voce se importaria em tentar novamente apenas para checarmos se continua ocorrendo o mesmo erro,erros_plataforma
aqui a tabela certinha mas ja estamos com o pessoal ta c cnico corrigindo esse erro,erros_plataforma
plataforma,erros_plataforma
erros,erros_plataforma
ana ja entrei em contato com o pessoal da d aura para entendermos o que aconteceu,falar_com_humano
verificamos com a marca responsavel pelo envio a revival o seu pedido sofreu um pequeno atraso que a marca me informou ter lhe comunicado por whatsapp,falar_com_humano
qualquer duvida pode tambem nos conectar pelo whatsapp,falar_com_humano
pora c m teremos em dezembro um evento presencial para trazer as pea as ao vivo para quem quiser conhecer pessoalmente essa curadobia incravel feita pela bia,falar_com_humano
numero,falar_com_humano
que aa conseguimos encaminhar pro la as tratativas o que acha se puder esclarecer que seria algo mais voltado para o perfil pessoal da bia ou para o curadobia seria bacana entendermos tamba c m para encaminhar de forma mais assertiva sua mensagem,falar_com_humano
este e meu whatsapp,falar_com_humano
chico neto cd mare mar whatsapp num url,falar_com_humano
infelizmente nao atuo mais nessa area de consultoria pessoal,falar_com_humano
verificamos com a marca responsa vel pelo envio a revival o seu pedido sofreu um pequeno atraso que a marca me informou ter lhe comunicado por whatsapp,falar_com_humano
este a c meu whatsappa,falar_com_humano
nao reconheceu no whats esse numero,falar_com_humano
vou querer a num qual e sua chave pix,formas_pagamento
vou querer a num qual a c sua chave pix,formas_pagamento
praticamos sempre o mesmo valor das marcas o que entrara de extra sera o valor do frete que e calculado automaticamente se tiver mais alguma duvida nos avise ok,formas_pagamento
ja vi e amei esperando a virada do cartao pra perder os juizo,formas_pagamento
praticamos sempre o mesmo valor das marcas o que entrara de extra sera o valor do frete que a c calculado automaticamente se tiver mais alguma daovida nos avise ok,formas_pagamento
valor num,formas_pagamento
faz em 3x sem juros,formas_pagamento
quanto ta essa blusa,formas_pagamento
valor do frete pro 04012 000,frete_prazo
chega quando no 06030 050,frete_prazo
chega quando no 01455 022,frete_prazo
chega quando no 05010 020,frete_prazo
chega quando no 01255 022,frete_prazo
chega quando no 04012 000,frete_prazo
valor do frete pro 05010 020,frete_prazo
valor do frete pro 04567 010,frete_prazo
valor do frete pro 06030 050,frete_prazo
valor do frete pro 01455 022,frete_prazo
voce poderia me passar o contato dos responsaveis,materiais_cuidados
bia gosto muito das suas bolsas poderia passar umas dicas nao encontrei no seu site,materiais_cuidados
vocaa poderia me passar o contato dos responsa veis,materiais_cuidados
vou te encaminhar o link url,onde_comprar
gostei do conjunto mas nao vi no site,onde_comprar
endereco,onde_comprar
o tom certo e o que esta no site os stories que a bia postou hoje modificaram um pouco o tom,onde_comprar
venho com boas noticias o conjunto que voce se interessou acabou de subir no site com pouquissimas unidades,onde_comprar
sobre a questao do frete e possivel unificar ele nas blusas da lounge que voce gostou vou te mandar o link das duas,onde_comprar
tem link como compro,onde_comprar
aqui o link com todos os acessa num rios,onde_comprar
amanda nosso pessoal tecnico pediu se possivel se cadastrar atraves desse link,onde_comprar
o tom certo a c o que esta no site os stories que a bia postou hoje modificaram um pouco o tom,onde_comprar
amanda nosso pessoal ta c cnico pediu se possavel se cadastrar atrava c s desse link,onde_comprar
na o estou conseguindo entrar no site para fazer compra,onde_comprar
algua c m poderia entrar em contato comigo por e mail ou whatsapp o site de vcs parece que esta com problemas na o funciona direito na o,onde_comprar
aqui o link com todos os acessorios,onde_comprar
gostei do conjunto mas na o vi no site,onde_comprar
site,onde_comprar
qual o endereco,onde_comprar
estaremos atualizando no site para conter essa tabela que realmente estava faltando,onde_comprar
venho com boas notacias o conjunto que vocaa se interessou acabou de subir no site com pouquassimas unidades,onde_comprar
nao estou conseguindo entrar no site para fazer compra,onde_comprar
link da cala a por gentileza,onde_comprar
certo qual o link da compra,onde_comprar
quero um look casual para trabalho uso gg,pedido_sugestao
ah que otimo monica esperamos que aproveite muito ela e se quiser compartilhar com a gente os looks que criar com ela vamos amar ver,pedido_sugestao
quero um look casual para trabalho uso 36,pedido_sugestao
look,pedido_sugestao
quero um look casual para trabalho uso m,pedido_sugestao
quero um look casual para trabalho uso 42,pedido_sugestao
mas amei a sugestao ju,pedido_sugestao
quero um look minimalista para trabalho uso 36,pedido_sugestao
quero um look casual para trabalho uso 44,pedido_sugestao
amoooo suas rasteiras na o sa o da sua lj mas poderia indicar aonde taam aquela custo benefacio,pedido_sugestao
quero um look minimalista para trabalho uso 40,pedido_sugestao
quero um look minimalista para trabalho uso g,pedido_sugestao
quero um look casual para trabalho uso p,pedido_sugestao
quero um look minimalista para trabalho uso gg,pedido_sugestao
quero um look minimalista para trabalho uso pp,pedido_sugestao
quero um look casual para trabalho uso 40,pedido_sugestao
que maximo marca a gente nos seus looks muito feliz que esta curtindo a selea a o de pea as logo mais teremos muitas novidades bacanas d,pedido_sugestao
ah que a num timo monica esperamos que aproveite muito ela e se quiser compartilhar com a gente os looks que criar com ela vamos amar ver,pedido_sugestao
obrigada por nos mandar e informar sobre essa situacao ja passamos para o nosso setor tecnico analisar essa situacao caso deseje podemos tirar duvidas e disponibilizar mais informacoes por aqui so nos solicitar estamos a disposicao para qualquer coisa,saudacao
ola tudo bem meu nome e leonardo trabalho na importadora user user vi o instagram da marca e voces tem o perfil lulitex muito sofisticacao e bom gosto trabalhamos com pronta entrega e importacao de tecidos exclusivos de acordo com a demanda do cliente nosso showroom tem um acervo enorme sera um prazer recebe los em uma visita poderia me passar o contato do estilo ou compras desde ja agradeco a atencao att leonardo jose e mail leonardo user com br pabx num num num num whatsapp num num num num www lulitex com br,saudacao
bom dia mariella td bem que tamanho voce costuma usar de parte de cima camisas em especial,saudacao
vc poderia checar se houve algum problema com os correios de sa o paulo pois nem chegou no correio de curitiba,saudacao
oi sandra tudo bem passando aqui para te avisar que o jeans preto que voce se interessou no nosso reels um tempinho atras esta disponivel,saudacao
bom dia julienne o que achou da nossa selecao edited,saudacao
oi mari boa tarde ah que a num timo combinado enta o fico muito feliz que o conjunto tenha ficado bacana conta com a gente para o que precisar grande abraa o aproveite o final de semana torcendo para baixar um pouco a temperatura d,saudacao
boa tarde fabiana como vai passando para avisar que as blusas acabaram de ser repostas no site estoque,saudacao
ola van td bem farei um video para vc,saudacao
ola amanda obrigada pelo contato e pedimos desculpas pela falha ja estamos verificando o que houve para que consiga finalizar sua compra,saudacao
oi lucia bom dia tudo bem aqui a c a ana do time curadobia vocaa conseguiu dar uma olhada em tudo que te mandamos se tiver alguma daovida sigo aqui,saudacao
com relacao a outra blusa que voce gostou ela esta em processo de lancamento e ainda nao esta a venda no nosso site mas independente desse fator nao seria possivel unificar o frete nesse caso pois o frete so fica unificado para as pecas da mesma marca,saudacao
ola dany bom dia caso tenha algum problema com o tamanho voce pode optar por trocar ou devolver o produto basta nos informar pelo e mail contato curadobia user com que iremos encaminhar sua solicitacao para a marca responsavel a marca ira proceder com os proximos passos como envio do codigo de logistica reversa e tudo mais,saudacao
ola sua curadoria projeto editorial e grafico sao incriveis parabens mas sua plataforma de e commerce nao funciona bem estou desde ontem tentando fazer compras mas paginas nao carregam carrinhos esvaziam muito dificil,saudacao
oi gabriela tudo bem vi que voce conseguiu acessar o nosso site e realizou seu pedido certo eles ja estao em separacao e logo mais estarao contigo qualquer coisa sigo aqui para te ajudar,saudacao
ola como vai muito prazer meu nome e ana e trabalho aqui no curadobia nao sei se recordam porem conversamos no primeiro semestre do ano passado num sobre esse projeto da bia paes de barros desde la evoluimos bastante e estamos concretizados como um marketplace em potencial crescimento queremos compartilhar com voces nosso site para darem uma olhada curadobia com br ainda temos a patu em foco o que acham de retomarmos contato aguardo voces,saudacao
oi adriana bom dia como vai obrigada pelo seu interesse conosco estamos fazendo uma repaginaa a o no site e assim que voltarmos te mando o link do nosso conjunto que vocaa gostou d deg,saudacao
oii comprei a bico fino o dedo fica um pouquinho de lado pra fora ne mas super confortavel,saudacao
obrigada pelo prestagio foi incravel te ter de pertinho hojed d,saudacao
ola renata bom dia que bom receber mensagem tua me chamo ana e faa o parte do time curadobia nesse lindo look da bia na num s temos somente a blusa disponavel no curadobia aoi,saudacao
bom dia pamela tudo bem revisamos aqui o nosso sistema e fizemos testes e tudo parece funcionar bem esperamos que voce tenha uma boa experiencia agora o que aconselhamos tambem e entrar no site pelo google chrome caso voce ainda nao tenha acessado por la vou te encaminhar os links dos produtos que voce nos encaminhou url url url url url,saudacao
bom dia a obrigada dd,saudacao
oi silvana tudo bem bom dia quem fala com vocaa a c a ana do time curadobia posso confirmar com vocaa se seria essa camisa que te interessou segue,saudacao
ola sou o gerente de vendas da pg game platform quero falar com voce sobre parcerias nossa plataforma foi licenciada conjuntamente pelo governo federal brasileiro e pelo governo de curacao em outubro voce pode se juntar a nos e lhe daremos altas comissoes entre em contato comigo pelo whatsapp num,saudacao
inclusive muito obrigada pela solicitaa a o pois em funa a o dela estamos criando esse maas um destaque aqui no insta trazendo e salvando vadeos mostrando essa a c mais outras pea as que podem gerar daovidas,saudacao
ola evelyn bom dia tudo bem aqui somos do curadobia voce teria interesse em apresentar a sua marca pensando em participar do curadobia ou seria referente a parceria de divulgacao com a bia,saudacao
com relaa a o a outra blusa que vocaa gostou ela esta em processo de lana amento e ainda na o esta a venda no nosso site mas independente desse fator na o seria possavel unificar o frete nesse caso pois o frete sa num fica unificado para as pea as da mesma marca,saudacao
oie bom dia tudo bem obrigada pela sua mensagem entramos em contato com a marca d aura que produz a saia e eles nos informaram que em num dias ira o receber novos estoques da nossa saia anica,saudacao
oi boa tarde ana aqui vocaa conseguiu dar uma olhada na cala a qualquer coisa sigo aqui para o que vocaa precisar viu edited,saudacao
oi renata boa tarde ana aqui vocaa conseguiu dar uma olhada nas opa aues que te mandei qualquer coisa sigo aqui para o que vocaa precisar ta,saudacao
coisa,saudacao
com relacao a previsao de entrega por conta dessa questao na plataforma as marcas tambem nao receberam a notificacao do pedido e por isso ira acabar atrasando um pouco a sua compra mas nos tambem ja entramos em contato com a stella bastos sobre a sua compra e logo mais ela estara com voce desculpa pelo ocorrido qualquer coisa nos avise obrigada por ser nossa cliente equipe curadobia,saudacao
oii karinne tudo bem aqui quem fala a c a ana do time curadobia vocaa acredita que estive olhando todos os dias desde que vocaa demonstrou interesse se a nossa saia anica voltaria ao estoque e somente hoje isso aconteceu ela a c a queridinha das nossas clientes e tem acabado ra pido enta o espero que consiga aproveitar essa oportunidade te encaminho o link para o acesso dela,saudacao
bom dia adriana como vocaa esta,saudacao
ola katia tudo bem,saudacao
ola luana bom dia tudo bem hoje ainda nao temos sapatos dentro do curadobia estamos olhando para adicionar essa categoria em breve,saudacao
ola bom dia infelizmente essa cala a tamba c m saiu do nosso mix estamos com novos produtos e novas marcas entrando no curadobia esperamos que goste qualquer coisa sigo aquid,saudacao
sobre a questa o do frete a c possavel unificar ele nas blusas da lounge que vocaa gostouaoi vou te mandar o link das duas,saudacao
boa tarde comprei a blusa pah mas na o consigo deixa la parecida como da fotoa acho que estou usando de forma erradaa tem alguma tutorial de como vesti la rs,saudacao
oi anne bom dia tudo bem aqui a c a ana do time curadobia a bia nos informou que vocaa se interessou pela nossa bolsa molona mas que infelizmente ela esta indisponavel no site,saudacao
oii comprei a bico fino o dedo fica um pouquinho de lado pra fora na c mas super conforta vel,saudacao
ola gisela essa sandalia a c da minha collab com a paula ferber,saudacao
ola bia sou a daniela e gostaria de apresentar minha marca pra vc a queens gate minha sa num cia e eu ja te acompanhamos tem um bom tempo e somos muito fa s a sua curadoria com seus neutros com tcharanz refora ou a vontade de apresentar o conceito da nossa marca pra vc vamos completar num ano em agosto e adoraraamos um bate papo com vc pra contar nossa hista num ria e nossos planos moro em londres e minha sa num cia em sp e vou deixar meu whatsapp pessoal por conta do fuso aqui e mando o link do nosso insta pra vc dar uma olhadinha d obrigada num num num num,saudacao
agora estou organizando as coisas,saudacao
ola pessoal como vao meu nome e ana e trabalho junto com a bia paes de barros no curadobia com br o curadobia e um marketplace que nasceu com o proposito de reunir em um so lugar pecas que fazem toda a diferenca no armario e ao mesmo tempo sao faceis de usar os chamados neutros com tcharanz acreditamos que a argi super se conecta com essa proposta com quem poderia conversar para falar mais sobre aguardo voces,saudacao
oi karyna bom dia tudo bem vamos verificar,saudacao
ola eu encontro as medidas no site,saudacao
sheila essa foi a tabela passada para nos pela marca estamos em contato com eles para ter exatamente a medida do quadril inclusive obrigada pela pergunta pois com ela vamos atualizar o nosso site mas podemos te adiantar que ele tem uma estrutura folgada no quadril entao acreditamos que ele vai dar certo para ti no tamanho num para te passar outra base nas fotos do produto no nosso site a bia esta vestindo o tamanho num,saudacao
boa tarde pessoal tudo bem estava namorando um macacao verde no site da marca d aura porem nao localizei mais saiu de colecao nao tera reposicao aguardo obrigada milene,saudacao
que ai conseguimos encaminhar pro la as tratativas o que acha se puder esclarecer que seria algo mais voltado para o perfil pessoal da bia ou para o curadobia seria bacana entendermos tambem para encaminhar de forma mais assertiva sua mensagem,saudacao
ola boa tarde o num e equivalente ao p num m e num g,saudacao
oi quanto custa a blusa modernosa tem gg,saudacao
ola pessoal como va o meu nome a c ana e trabalho junto com a bia paes de barros no curadobia com br o curadobia a c um marketplace que nasceu com o propa num sito de reunir em um sa num lugar pea as que fazem toda a diferena a no arma rio e ao mesmo tempo sa o fa ceis de usar os chamados neutros com tcharanz acreditamos que a marca de vocaas pode se conectar com essa proposta com quem poderia conversar para falar mais sobre aguardo vocaas,saudacao
obrigada pelo prestigio foi incrivel te ter de pertinho hoje,saudacao
oii o site curadobia esta fora do ar fui visitar atraves dos link da bio e nao funcionou bjs,saudacao
oi bia tudo bem me chamo alice sou socia da monti uma marca de moda que preza por estilo atemporal e pecas de qualidade estamos buscando consultoras de imagem parceiras para recomendar nossas pecas aos seus clientes e pensei que poderiamos criar algo bem legal juntas o que acha de agendarmos um papo para te contar mais sobre a nossa historia e a ideia de parceria fico no aguardo,saudacao
mas venho com boas noticias a partir de quarta feira teremos reposicao dela se voce ainda tiver interesse me avisa pois ai assim que chegarem eu venho exclusivamente te avisaar,saudacao
ola como tirar daovidas de tamanho da pea a,saudacao
oi pri estao entrando muitas marcas incriveis novas no curadobia porem a oysho nao e uma delas,saudacao
fatima te respondemos no whatsapp mas nao recebemos seu retorno esta tudo bem qualquer coisa sigo aqui a disposicao,saudacao
bom dia gostaria de adquirir essa calca mas nao esta mais disponivel podem me ajudar obrigada,saudacao
boa tarde milene td bem e vc esse macacao nesse tom infelizmente nao tera reposicao mas lancamos ontem o mesmo modelo em preto,saudacao
oie td bem e vc ainda nao mas em breve tera,saudacao
oi claudia que mensagem boa ficamos felizes de voce gostar dos nossos produtos vou confirmar sua compra e te aviso,saudacao
ola como tirar duvidas de tamanho da peca,saudacao
oi pri esta o entrando muitas marcas incraveis novas no curadobia pora c m a oysho na o a c uma delasd,saudacao
boa tarde na pagina da regata podrinha cinza eu nao consigo ver as medidas dos tamanhos acima do g que sao justamente o que visto poderia me enviar essas medidas dos tamanhos gg e xgg por favor,saudacao
qualquer coisa seguimos aqui,saudacao
ola gente bom dia acabei de ver o post da bia sobre camisas somos uma pequena alfaiataria e camisaria e o core da nossa criacao gostaria muito de apresentar nosso produto pra voces se voces acharem conveniente por favor indiquem a melhor forma de contato abraco stella,saudacao
ola kari bom dia tudo bem,saudacao
ola pessoal tudo bem sou a lala cunha user e vim contar um pouco sobre o user estamos em sp e fazemos fotografia vadeos em formato reels direa a o de arte e styling para marcas de acordo com a sua necessidade fazemos trabalhos exclusivos para as marcas e em breve final de mara o tamba c m faremos o nosso pra num ximo shooting collab uma dia ria criada para incluir va rias marcas que taam produtos a serem fotografados necessitam de um material de qualidade mas que na o querem ter um alto valor de investimento nisso o proximo collab sera em uma locaa a o linda e as modelos foram escolhidas a dedo e acho que combina muito com a marca de voces abaixo mando mais infos vamos conversar sobre essas possibilidades fico aqui a disposia a o abraa os lala num num,saudacao
apoio,saudacao
ola td bem fiz uma compra com vc e recebi apenas o tricot vc pode me ajudar muito obrigada desde ja,saudacao
oi ana a marcia fonseca esta em contato com vc ne vamos conversar sim a fernanda tem mto interesse,saudacao
oi anna bom dia tudo bem nos desculpe a falta de resposta vou te mandar mensagem via whatsapp para ficar melhor a nossa comunicacao tudo bem mas pode ficar tranquila pois realmente nosso atendimento funciona prioritariamente durante a semana e nao vamos te deixar desamparada,saudacao
daniela depois me passa seu numero de telefone que ai seguimos a comunicacao por la e pelo e mail,saudacao
bom dia karyna infelizmente na o trabalhamos com cupom para num aa compra aindaa num i mas estamos aqui para te auxiliar no processo inteiro,saudacao
oi danuza bom dia tudo bem pode nos informar por aqui a duvida ou se preferir uma comunicacao mais agil pode nos chamar no nosso whatsapp,saudacao
ola como vai muito prazer meu nome a c ana e trabalho aqui no curadobia na o sei se recordam pora c m conversamos no primeiro semestre do ano passado num sobre esse projeto da bia paes de barros desde la evoluamos bastante e estamos concretizados como um marketplace em potencial crescimento queremos compartilhar com vocaas nosso site para darem uma olhada curadobia com br ainda temos a toruss em foco o que acham de retomarmos contato aguardo vocaas,saudacao
ola que bom que vocaa se interessou por na num s muito bom receber tua mensagem joana infelizmente essa cala a na o esta no curadobia e a c acervo pessoal da bia mesmod esse video tem a finalidade de apresentar as nossas camisas d esperamos que goste,saudacao
oi karyna bom dia vimos que voce mandou as mesmas mensagens pelo nosso whatsapp vamos dar seguimento por la entao tudo bem obrigada,saudacao
obrigada pelo prestigio foi incrivel te ter de pertinho ontem,saudacao
ola boa tarde silvana tudo bem obrigada pela sua mensagem a nossa pantalona jeans esta saindo por r num num qualquer coisa estamos aqui,saudacao
ola bia sou a daniela e gostaria de apresentar minha marca pra vc a queens gate minha socia e eu ja te acompanhamos tem um bom tempo e somos muito fas a sua curadoria com seus neutros com tcharanz reforcou a vontade de apresentar o conceito da nossa marca pra vc vamos completar num ano em agosto e adorariamos um bate papo com vc pra contar nossa historia e nossos planos moro em londres e minha socia em sp e vou deixar meu whatsapp pessoal por conta do fuso aqui e mando o link do nosso insta pra vc dar uma olhadinha obrigada num num num num,saudacao
ola maria luiza td bem obrigada pelo seu interesse a sandalia a c feita de um material ela stico que parece um neoprene para trazer conforto e se moldar nos pa c s d,saudacao
oi julia tudo bem essa e da egrey mais antiga estamos a poucos dias de lancar novos modelos de jeans de uma nova marca que entrara no curadobia assim que lancarmos te mandamos aqui,saudacao
oi gabriela tudo bem ana aqui do time do curadobia estavamos passando por algumas instabilidades mas acredito que agora ja esta tudo resolvido te encaminho aqui o site para ficar mais facil o acesso,saudacao
ola carol td bem e vc pode nos enviar para contato curadobia user com,saudacao
bia voce acaba comigo com tantas coisas lindas do curadobia queria muito que tivesse frete internacional canada eu fico aqui babando,saudacao
ola obrigada qual a previsa o de entrega,saudacao
oi bia sou erika dos user gostaria de saber como voce trabalha em relacao a promocao de produtos meus brincos sao autorais e os fabrico a num anos a producao e num nacional fabricamos desde a liga do metal ate o banho de ouro num k nossos brincos sao todos bordados a mao com um finissimo arame de cobre e depois banhado a ouro espero seu contato obrigada,saudacao
ola meninas seguem meus contatos num num num num daniela masson user com muito bom falar com vcs ontem obrigada falamos na sequaancia por whatsapp d,saudacao
ola julienne bom dia tudo bem que bom receber sua mensagem eu me chamo ana e sou do time curadobia,saudacao
ola vcs tem uma tabela de medidas para essa calca amei e gostaria de escolher o tamanho certo visto num e tenho num num de quadril entao nao tenho certeza do p ou m poderiam me ajudar no aguardo grata adriana baggio,saudacao
oi renata boa tarde ana aqui voce conseguiu dar uma olhada nas opcoes que te mandei qualquer coisa sigo aqui para o que voce precisar ta,saudacao
colar,saudacao
oi bia tudo bem adorei a user o nome ficou demais e claro ja fui olhar as pecas nao localizei tabela de medidas porem pelo tamanho das pecas que vc veste o g provavelmente nao vai caber em mim uso num num a depender da confeccao pense com carinho em fazer uma curadoria para tamanhos normais desejo muito sucesso nessa nova empreitada que deus te abencoe bjos,saudacao
oi maria tudo bem bom dia nosso evento e exclusivo para nossas clientes conhecerem o mix de perto e ocorre duas vezes ao ano o proximo sera em novembro te esperamos,saudacao
boa noite havera reposicao da saia unica preta no tamanho num,saudacao
bom dia beatriz tudo bem obrigada por ter entrado em contato conosco vamos te encaminhar uma mensagem pelo nosso whatsapp oficial edited,saudacao
mas temos varias opcoes qualquer coisa sigo aqui para te auxiliar,saudacao
ola amanda bom dia pea o desculpas pela demora mas o nosso pessoa ta c cnico ainda na o conseguiu simular um erro igual ao que ocorreu com voce por isso a demora em lhe retornar,saudacao
ola bom dia sheila tudo bem que bom que gostou do nosso macacao cool nos temos ele nos tamanhos num num num e num vou te encaminhar o link dele para que possa visualizar no nosso site url,saudacao
oie essa cala a vai ter reposia a o na curadoria,saudacao
ola tudo bem que bom receber sua mensagem meu nome e ana e sou do time curadobia com relacao a sua duvida conversei com a propria bia e ela nos informou que volumes tambem podem funcionar para quem esta um pouco acima desde que tenha um pouco de pele de fora para trazer leveza,saudacao
bom dia sou a gianina marques mineira mae e autora de joias artesanais gostaria de deixar meu insta para vcs conhecerem minhas joias feita com carinho e totalmente exclusiva aguardo o retorno de vcs q tem tanto conhecimento na area desde ja obrigada user,saudacao
ola camila td bem segue aqui o link da blusa que voce gostou qualquer duvida estamos a disposicao ok,saudacao
ola tudo bem ana e vc que bacana vou passar o whatsapp da maia pode falar com ela por gentileza num num,saudacao
ola meninas tudo bem comprei a saia preta da d aura em outubro precisei trocar foram rapidissimos mas so hoje eu soube que nao levaram a sacola com a peca a ser trocada ficou este tempo todo na minha portaria como faco,saudacao
oie sa o lindas pora c m aquele modelo foi o que mais me agradou mas tranquilo super obrigada pela atena a o,saudacao
qualquer coisa seguimos a disposicao por aqui ok,saudacao
oi ana tudo bem na a c poca o pessoal da d aura te instruiu que iriam retirar na sua portaria,saudacao
oi renata boa tarde aqui a c a ana acredito que te respondi por whatsapp certo qualquer coisa estou por aqui,saudacao
oi talita muito bom receber sua mensagem agradecemos demais o contato e que bacana vocaas terem pensado na gente pora c m nesse momento na num s na o estamos trabalhando com produa a o de qualquer forma salvamos o teu contato para futuras oportunidades atenciosamente equipe curadobiad,saudacao
oi clau tudo bem bom dia aqui a c a ana da equipe do curadobia vimos que vocaa se interessou pelo macaca o no video da bia mas na a c poca ele ainda estava em lana amento boa notacia agora esta disponavel d segue o link abaixo para que vocaa possa dar uma olhada,saudacao
ola bom dia me chamo anelisa e gostaria de confirmar se meu pedido foi realizado nao sei se esse e o canal mais adequado para essa solicitacao mas como nao achei no site um campo para falar com voces decidi vir aqui fiz essa compra ontem pelo site e logo depois de finalizar apareceu uma mensagem dizendo que o pagamento nao estava confirmado no entanto no site diz que o pagamento foi efetuado e nao recebi nenhuma mensagem do banco dizendo que o pagamento foi negado alem disso tambem nao recebi um e mail com os dados do pedido muito obrigada desde ja,saudacao
ola bom dia sou muito fa da bia mas nunca comprei no curadoria uma duvida como faco para escolher um tamanho com mais seguranca tem uma tabela de medidas para servir de referencia obrigada,saudacao
oi mari bom dia tudo bem infelizmente essa cala a na o teremos mais reposia a o no curadobia mas estamos com diversas novidades no site qualquer coisa sigo aqui para o que vocaa precisar,saudacao
ola bom dia tudo bem obrigada pela mensagem conferimos aqui e aparentou estar tudo certo aproveito para mandar o link por aqui,saudacao
boa tarde estava previsto pra chegar hoje minha encomenda porem nada foi entregue,saudacao
mas a experiaancia de compra na o foi legal,saudacao
oi daniela que bacana muito obrigada por acompanharem e curtirem meu trabalho,saudacao
ola dany boa tarde tudo bem sim e com vocaa pea o desculpas por essa demora estou verificando sobre porque ainda na o foi dada sequaancia na troca o processo interno nosso ja foi encaminhado com a troca para o tamanho p,saudacao
uma coisa de lindo,saudacao
ola dany boa tarde tudo bem sim e com voce peco desculpas por essa demora estou verificando sobre porque ainda nao foi dada sequencia na troca o processo interno nosso ja foi encaminhado com a troca para o tamanho p,saudacao
qual seu e mail que ai envio um invite,saudacao
oie em breve trarei uma curadobia de bolsas por aqui tmb,saudacao
bom dia gostei da calca vai ter no site obrigada,saudacao
como uma cratica construtiva vcs deveriam mandar um e mail para confirmar o pedido compro bastante on line e sempre vem o e mail do status do pedido o cliente fica mais seguro da compra,status_pedido
como uma critica construtiva vcs deveriam mandar um e mail para confirmar o pedido compro bastante on line e sempre vem o e mail do status do pedido o cliente fica mais seguro da compra,status_pedido
mas tmb lancarei um aprograma online de estilo pessoala que podera ser baixado por aqui tmb,styling_sugestao_look
muito estilo,styling_sugestao_look
deixa eu tirar outra duvida vc faz consultoria de imagem estilo tb se sim como funciona,styling_sugestao_look
mas tmb lancarei um programa online de estilo pessoal que podera ser baixado por aqui tmb,styling_sugestao_look
estilo,styling_sugestao_look
bia tudo bem tenho uma festa bem legal e o traje a c black and white pensei na blusa pah mas queria saber se o tecido fica vistoso e se vocaa recomenda alguma cala a mais festa para combinar beijos julie,styling_sugestao_look
a modelagem a c grande pode ser tam num,tamanho_modelagem
pora c m a c interessante frisar que a modelagem da cala a a c uma cintura no lugar nem cintura baixa e nem cintura alta,tamanho_modelagem
todas as pea as da mybasic e da lounge num possuem uma ampla grade url url os produtos da cecilia possuem uma modelagem mais ampla url alguns dos produtos da nauanin chegam ata c a numeraa a o xxgg equivalendo a um num url,tamanho_modelagem
modelagem,tamanho_modelagem
fiz uma compra de um casaco com vcs e na o vestiu bem gostaria de trocar por uma cala a fresquinha tamanho m,troca_devolucao
sem problemas mari apenas encaminha pra gente um e mail solicitando que iremos dar sequencia com a troca e mail contato curadobia user com,troca_devolucao
como a c o processo da troca,troca_devolucao
nao vou trocar vou tentar reduzir o gancho,troca_devolucao
entrega devolucao,troca_devolucao
claro pode trocar super,troca_devolucao
como e o processo da troca,troca_devolucao
caso na o fique com como funciona a troca,troca_devolucao
sobre a troca da cala a que comprei quero trocar por um tamanho menor recebi um e mail de vcs no dia num num num respondi mas dps disso na o tive mais retorno,troca_devolucao
caso nao fique com como funciona a troca,troca_devolucao
perfeito obrigada,agradecimento
quero saia preto 46,buscar_produto_por_categoria
quero body verde gg,buscar_produto_por_categoria
quero blazer preto 46,buscar_produto_por_categoria
tem saia preto tamanho g,buscar_produto_por_categoria
tem body verde tamanho 46,buscar_produto_por_categoria
quero vestido preto 36,buscar_produto_por_categoria
tem blazer preto tamanho 42,buscar_produto_por_categoria
quero body verde p,buscar_produto_por_categoria
tem body verde tamanho pp,buscar_produto_por_categoria
tem jaqueta preto tamanho 36,buscar_produto_por_categoria
tem saia verde tamanho 42,buscar_produto_por_categoria
tem body preto tamanho m,buscar_produto_por_categoria
quero camisa verde 42,buscar_produto_por_categoria
tem camisa preto tamanho p,buscar_produto_por_categoria
tem vestido verde tamanho gg,buscar_produto_por_categoria
tem saia verde tamanho 38,buscar_produto_por_categoria
tem camisa verde tamanho pp,buscar_produto_por_categoria
tem camisa preto tamanho pp,buscar_produto_por_categoria
quero camisa preto 38,buscar_produto_por_categoria
quero body verde 46,buscar_produto_por_categoria
tem saia verde tamanho 44,buscar_produto_por_categoria
quero saia preto m,buscar_produto_por_categoria
quero vestido preto g,buscar_produto_por_categoria
quero body verde m,buscar_produto_por_categoria
quero body verde 44,buscar_produto_por_categoria
tem blazer preto tamanho 44,buscar_produto_por_categoria
tem jaqueta verde tamanho 36,buscar_produto_por_categoria
tem blazer preto tamanho pp,buscar_produto_por_categoria
quero jaqueta verde p,buscar_produto_por_categoria
quero blazer verde 36,buscar_produto_por_categoria
e tem ela preta,buscar_produto_por_nome
bia td bom na o estou conseguindo finalizar a compra da aregata podrinhaa coloquei os dados do carta o e no campo cvv eu ponho os naomeros mas o sistema ignora que eu coloquei tentei va rias vezes acho que esta com problemaa,buscar_produto_por_nome
no e mail da nota fiscal nao tem nada,buscar_produto_por_nome
essa gladiadora qual o numero tem num,buscar_produto_por_nome
visto g qual tamanho seria quais cores tem tem a cala a tb,buscar_produto_por_nome
ahhh bom entendi errado entao achei que estava na serra espero que abra o tempo e fiquei um lindo final de semana,buscar_produto_por_nome
temos ela ainda no tamanho num e num,buscar_produto_por_nome
perfeito ana obrigada pelo retorno,despedida
perfeito ja passei pro pessoal realizar a correcao obrigada pelo feedback,despedida
obrigada pela presena a livia,despedida
muito obrigada pela atena a o,despedida
bia esse seu curadobia esta um arraso muito tentador parabens pelo projeto uma duvida qual a sua altura estou interessadissima nessa calca mas sou baixa num cm e geralmente tenho que fazer a barras das calcas o que nao e muito facil com essa obrigada,despedida
queria ver sua sapateira pq tudo a c lindassimo mas seus sapatos sa o escolhidos a dedo tudo a ver com vc semprea esse a c da laia na c,despedida
gabriela entendo sua frustraa a o e a c completamente justificada de fato a marca informou ter tido um pequeno problema de produa a o que na o devera mais ocorrer e por isso acabou enviando atrasado seu pedido sobre o meio de contato estamos providenciando um naomero para atendimento whatsapp por hora estamos apenas com o e mail mas muito em breve ja deixaremos essa opa a o mais fa cil para solua a o de qualquer problema,despedida
estou tentando contato para devolua a o de mercadoria e ningua c m me atende nem por whatsapp e nem e mail comprei um vestido que quero devolver como devo proceder cristina hees num num,despedida
eu estou vendo mesmo que esta demorando mas super obrigada bom final de semana brenda,despedida
obrigada pelo retorno namoro o modelo gladiador me lembro dele mas quando fui procurar ja nao tinha mais,despedida
muito obrigada pelo retorno,despedida
obrigada pela presenca renata vai arrasar demais com o conjuntinho mascavo nosso intimo terracota,despedida
estamos estudando trazer essa categoria para o curadobia pora c m nada de imediato ainda mas muito legal saber do interesse assim que tivermos iremos te manter avisada,despedida
atimo me avise por favor um abraa o e obrigada,despedida
obrigada pelo convite adorei a minha sandalia nova a i,despedida
obrigada,despedida
vou amanha obrigada,despedida
estamos estudando trazer essa categoria para o curadobia porem nada de imediato ainda mas muito legal saber do interesse assim que tivermos iremos te manter avisada,despedida
ate segunda,despedida
ahhh entendia muito obrigada d,despedida
legal obrigada,despedida
obrigada pela presena a,despedida
queria ver sua sapateira pq tudo e lindissimo mas seus sapatos sao escolhidos a dedo tudo a ver com vc sempre esse e da laia ne,despedida
tem vestido verde no m,disponibilidade
tem body preto no gg,disponibilidade
tem body preto no 46,disponibilidade
tem camisa verde no 44,disponibilidade
tem jaqueta verde no 36,disponibilidade
tem blazer preto no 44,disponibilidade
tem saia preto no 40,disponibilidade
tem vestido verde no 44,disponibilidade
tem blazer verde no 44,disponibilidade
tem camisa verde no 38,disponibilidade
tem body preto no p,disponibilidade
tem jaqueta preto no g,disponibilidade
tem blazer verde no 36,disponibilidade
tem saia verde no pp,disponibilidade
tem blazer preto no 38,disponibilidade
tem camisa verde no gg,disponibilidade
tem camisa preto no p,disponibilidade
gostaria a camisa branca tamanho m e possivel,duvida_tamanho
uauuu ameiii linda saia,duvida_tamanho
link da calca por gentileza,duvida_tamanho
outra duvida e sobre o tom certinho dessa jaqueta no site achei que estava num tom diferente dos stories,duvida_tamanho
body mybasic,duvida_tamanho
a calca ficou sobrando muito atras,duvida_tamanho
camisas,duvida_tamanho
segue o link da jaqueta url,duvida_tamanho
comprei a jaqueta,duvida_tamanho
camisa,duvida_tamanho
comprei um body e paguei frete de num dias aoteis pra levar pra uma viagem agora na sexta,duvida_tamanho
elaine para o tamanho num na num s indicamos o tamanho num da saia,duvida_tamanho
fui olhar para comprar o tamanho num dessa calca porem a largura da cintura e do quadril eh a mesma num,duvida_tamanho
erro,erros_plataforma
chico neto cd mara c mar whatsapp num url,falar_com_humano
porem teremos em dezembro um evento presencial para trazer as pecas ao vivo para quem quiser conhecer pessoalmente essa curadobia incrivel feita pela bia,falar_com_humano
qualquer duvida pode tamba c m nos conectar pelo whatsapp d,falar_com_humano
qual o preco,formas_pagamento
preco,formas_pagamento
ja vi e amei esperando a virada do cartao pra perder os juazo,formas_pagamento
chega quando no 04567 010,frete_prazo
valor do frete pro 01255 022,frete_prazo
bia gosto muito das suas bolsas poderia passar umas dicas na o encontrei no seu site a,materiais_cuidados
na verdade eu ja assisti ao vadeo do casaco no site curadobia va rias vezes para tentar chegar a essa conclusa o mas na o consegui,onde_comprar
o site esta passando por problemas,onde_comprar
um dos meus modelos favoritos do site todinh,onde_comprar
alguem poderia entrar em contato comigo por e mail ou whatsapp o site de vcs parece que esta com problemas nao funciona direito nao,onde_comprar
na verdade eu ja assisti ao video do casaco no site curadobia varias vezes para tentar chegar a essa conclusao mas nao consegui,onde_comprar
link compartilhado,onde_comprar
que maximo marca a gente nos seus looks muito feliz que esta curtindo a selecao de pecas logo mais teremos muitas novidades bacanas,pedido_sugestao
eu amo todos os seus looks combina num com o meu estilo queria ter todas as pecas para mim pena que moro do outro lado do mundo,pedido_sugestao
quero um look casual para trabalho uso pp,pedido_sugestao
sugestao,pedido_sugestao
amoooo suas rasteiras nao sao da sua lj mas poderia indicar aonde tem aquela custo beneficio,pedido_sugestao
ola muitissimo obrigada,saudacao
bom dia gil infelizmente nao trabalhamos com cupom para num a compra ainda mas estamos a disposicao para sanar qualquer duvida,saudacao
ola tudo bem estou apaixonada por essa jaqueta bacanuda da foto o prea o de num pula pra setecentos e tanto na hora de comprar a isso mesmo entra um valor de comissa o na hora da compra,saudacao
ola tudo bem sobre qual funcionamento deseja saber,saudacao
karyna bom dia tudo bem desculpe a demora para o esclarecimento da duvida como somos um marketolace trabalhamos com marcas unicas e diferentes como cada uma tem a sua producao optamos por entrar em contato com a marca parceira da calca ontem para confirmar sua duvida e te responder da melhor maneira possivel a marca nos confirmou que as medidas do tamanho num estao corretas com a cintura e o quadril com a mesma medida mesmo isso ocorre pois como e uma peca produzida com elastico na cintura ele acaba ficando na mesma medida do quadril se adequando ao formato do corpo que a usa a unica correcao que ja aproveitamos para fazer que a marca tambem nos informou foi que o tamanho num fa calca tambem deveria estar com a mesma medida na cintura e no quadril num cm pelo mesmo motivo ja vamos corrigir isso no site qualquer outra questao estamos a disposicao karyna,saudacao
oi sandra tudo bem passando aqui para te avisar que o jeans preto que vocaa se interessou no nosso reels um tempinho atra s esta disponavel d,saudacao
ola tentei fazer uma compra e apos entrar com os dados do cartao e senha vem a seguinte tela,saudacao
mas venho com boas notacias a partir de quarta feira teremos reposia a o dela d num se vocaa ainda tiver interesse me avisa pois ai assim que chegarem eu venho exclusivamente te avisaar,saudacao
ola tudo bem estou apaixonada por essa jaqueta bacanuda da foto o preco de num pula pra setecentos e tanto na hora de comprar e isso mesmo entra um valor de comissao na hora da compra,saudacao
ola sou o gerente de vendas da pg game platform quero falar com vocaa sobre parcerias nossa plataforma foi licenciada conjuntamente pelo governo federal brasileiro e pelo governo de curaa ao em outubro vocaa pode se juntar a na num s e lhe daremos altas comissaues entre em contato comigo pelo whatsapp num,saudacao
oi as compras sa o direto no site,saudacao
oi cristiane bom dia obrigada pela sua mensagem na verdade todos os nossos pedidos sao enviados o email de confirmacao imediatamente porem realmente identificamos um erro no nosso sistema que os ultimos pedidos nao estao recebendo a confirmacao ja estamos em contato com o nosso tecnico para resolver obrigada por ter nos informado,saudacao
oi as compras sao direto no site,saudacao
bom dia beatriz tudo bem obrigada por ter entrado em contato conosco vamos entrar em contato com voce pelo nosso whatsapp oficial,saudacao
ola tudo bem e com vcs vi que vcs enviaram um e mail para na num s vou responder vcs por la ok um beijo e muito obrigada pelo contato num,saudacao
ola boa tarde infelizmente na o enviamos para fora do pais mas aceitamos cartaues internacionais com entrega em todo o brasil d,saudacao
qualquer coisa seguimos a disposia a o por aqui ok,saudacao
oi fatima tudo bem bom dia obrigada pela sua mensagem e feedback e muito importante para nos estamos conversando por whatsapp podemos continuar nossa comunicacao por la,saudacao
bom dia maria luiza que bacana que se interessou por essa cala a ela a c muito especial mesmo o valor r num num caso tenha mais alguma duvida na o deixe de nos constatar equipe curadobia a,saudacao
oi esse conjunto marrom a c vendido tamba c m,saudacao
ola bom dia denize tudo bem estamos repondo o estoque da nossa calca quentinha e por isso ela esta temporariamente indisponivel no nosso site assim que ela retornar te avisamos estamos a disposicao para qualquer duvida obrigada por ter entrado em contato conosco,saudacao
ola karyna tudo bem obrigada por ter entrado em contato conosco,saudacao
oi adriana isso ainda nao esta disponivel pois ele e um modelo exclusivo de sao paulo fashion week inclusive fomos semana passada prestigiar a marca reptilia nossa previsao e que esteja disponivel na proxima semana,saudacao
bom dia gostei da cala a vai ter no site obrigada,saudacao
oi tatiana tudo bem infelizmente nao temos o cupom,saudacao
bom dia julienne o que achou da nossa selea a o,saudacao
ola caroline tudo bem obrigada pelo seu interesse em trabalhar conosco no momento nao estamos trabalhando com o contrato de novas pessoas no nosso time mas ja salvamos seus dados para futuras oportunidades caso tenha mais alguma duvida estamos a disposicao equipe curadobia,saudacao
ola anna bom dia seu produto vou enviado dia num num vocaa consegue acompanhar tudo pelo codigo de rastreio abaixo,saudacao
ola bom dia roupas lindas aqui mas na o encontrei muitas opa aues de tamanhos maiores a isso mesmo tenho uma cliente que se enquadraria perfeita nesse estilo mais contempora neo mas a c um tamanho g gg num num poderiam me sugerir algumas opa aues,saudacao
mas paguei por uma coisa que nao recebi,saudacao
ele foi postando dia num com o ca num digo de rastreio aa num br,saudacao
ola emilia boa noite tudo bem agradecemos demais o feedback e pode ter certeza que uma das preocupaa aues que estamos tendo a c seguir na busca por marcas que tragam opa aues e grades que representam o maior naomero de corpos possavel sobre a tabela de medida estamos buscando ajustar obrigada por nos informar e seguiremos aprimorando cada vez mais bjos d,saudacao
boa noite havera reposia a o da saia aonica preta no tamanho num,saudacao
descolado,saudacao
deixa eu tirar outra daovida vc faz consultoria de imagem estilo tb se sim como funciona,styling_sugestao_look
a modelagem e grande pode ser tam num,tamanho_modelagem
porem e interessante frisar que a modelagem da calca e uma cintura no lugar nem cintura baixa e nem cintura alta,tamanho_modelagem
acabei de comprar um conjunto se nao servir posso trocar pelo seu cep deve ser perto da minha casa o meu num num,troca_devolucao
na o vou trocar vou tentar reduzir o gancho,troca_devolucao
