texto,label_true
obrigada! beijinhos,agradecimento
muito obrigada!! tenham um bom fim de semana!,agradecimento
obrigada ! até lá,agradecimento
eu estou vendo mesmo que está demorando. mas super obrigada! bom final de semana brenda,agradecimento
muito obrigada pela atenção!,agradecimento
mto obrigada msm,agradecimento
mto obrigada,agradecimento
"obrigada pelo retorno! namoro o modelo gladiador, me lembro dele, mas quando fui procurar, já não tinha mais 😐",agradecimento
obrigada. no aguardo que seja disponibilizado o envio.,agradecimento
muito obrigada,agradecimento
conseguem me ajudar por aqui?,agradecimento
mto obrigada pelo retorno,agradecimento
obrigada!,agradecimento
obrigada pelo retorno,agradecimento
obrigada ;) enviarei!,agradecimento
bia! esse seu curadobia está um arraso! muito tentador. parabéns pelo projeto. uma dúvida: qual a sua altura? estou interessadíssima nessa calça mas sou baixa (160cm) e geralmente tenho que fazer a barras das calças - o que não é muito fácil com essa… 😅 obrigada,agradecimento
obrigada,agradecimento
obrigada,agradecimento
"ok, obrigada.",agradecimento
"ok, muito obrigada 😊",agradecimento
muito obrigada pelos esclarecimentos,agradecimento
obrigada!,agradecimento
obrigada,agradecimento
que legal! vai ajudar muito!,agradecimento
experimentei essa jaqueta. maravilhosa,agradecimento
legal. obrigada,agradecimento
vou amanhã. obrigada,agradecimento
"muito obrigada, elas entraram em contato comigo. realmente a sandália é linda , mas infelizmente fico um pouco fora $$$ pra mim !",agradecimento
obrigada,agradecimento
obrigada !!,agradecimento
muito obrigada!,agradecimento
obrigada pelo retorno,agradecimento
obrigada pelo retorno!,agradecimento
de onde é esse macacão maravilhoso!!! amo ❤️,agradecimento
"precisei sair correndo por um problema com minha filha, que ja esta bem! mas nem consegui me despedir! obrigada queridas pelo convite!!!",agradecimento
obrigada pelo convite! adorei a minha sandalia nova! ♥️,agradecimento
"sim, obrigada",agradecimento
perfeito! fico no aguardo! abraço,agradecimento
"obrigada pelo retorno! vou acompanhar, então. beijo beijo 💋 💋",agradecimento
perfeito,agradecimento
ok!! entendi. obrigada pelo retorno. um abraço,agradecimento
ok obrigada,agradecimento
"obrigada pelo retorno, as peças são incríveis! é que me apaixonei por essa calça, então foi ela que me prendeu o olhar! 😉☺️",agradecimento
"tranquilo, obrigada!",agradecimento
obrigada,agradecimento
que calça maravilhosa,agradecimento
obrigada! eu aviso sim!! gostei bastante! vou levar para a cliente.,agradecimento
"perfeito, ana. obrigada pelo retorno. 😊",agradecimento
obrigada,agradecimento
obrigada,agradecimento
nossa . perfeito,agradecimento
bem e vc ana!! muito obrigada,agradecimento
"deu certo, sim. obrigada",agradecimento
"ótimo, me avise por favor. um abraço e obrigada",agradecimento
legal mto obrigada 💚,agradecimento
obrigada!,agradecimento
muito obrigada pelo retorno!,agradecimento
"adorei, obrigada vcs!",agradecimento
lindo o evento! amei,agradecimento
"tá ótimo, obrigada",agradecimento
obrigada ana!!,agradecimento
obrigada,agradecimento
obrigada,agradecimento
ok. obrigada 😊,agradecimento
"Obrigada pelo retorno, as peças são incríveis! É que me apaixonei por essa calça, então foi ela que me prendeu o olhar! 😉☺️",agradecimento
De onde é esse Macacão maravilhoso!!! Amo ❤️,agradecimento
Que calça maravilhosa,agradecimento
Obrigada !!,agradecimento
Mto obrigada msm,agradecimento
Mto obrigada pelo retorno,agradecimento
Conseguem me ajudar por aqui?,agradecimento
Mto obrigada,agradecimento
Obrigada! Eu aviso sim!! Gostei bastante! Vou levar para a cliente.,agradecimento
Muito obrigada!,agradecimento
Muito obrigada!! Tenham um bom fim de semana!,agradecimento
Obrigada,agradecimento
Obrigada! Beijinhos,agradecimento
Obrigada,agradecimento
"Tá ótimo, obrigada",agradecimento
Obrigada,agradecimento
"Adorei, obrigada vcs!",agradecimento
Muito obrigada,agradecimento
Vou amanhã. Obrigada,agradecimento
Legal. Obrigada,agradecimento
Obrigada,agradecimento
"Obrigada pelo retorno! Namoro o modelo gladiador, me lembro dele, mas quando fui procurar, já não tinha mais 😐",agradecimento
Obrigada pelo convite! Adorei a minha sandalia nova! ♥️,agradecimento
Muito obrigada pelos esclarecimentos,agradecimento
Obrigada ;) Enviarei!,agradecimento
Obrigada pelo retorno,agradecimento
Bem e vc Ana!! Muito obrigada,agradecimento
Muito obrigada pelo retorno!,agradecimento
Bia! Esse seu Curadobia está um arraso! Muito tentador. Parabéns pelo projeto. Uma dúvida: qual a sua altura? Estou interessadíssima nessa calça mas sou baixa (160cm) e geralmente tenho que fazer a barras das calças - o que não é muito fácil com essa… 😅 Obrigada,agradecimento
Obrigada!,agradecimento
Perfeito,agradecimento
Perfeito! Fico no aguardo! Abraço,agradecimento
Obrigada,agradecimento
Obrigada!,agradecimento
"Ok, muito obrigada 😊",agradecimento
"Deu certo, sim. Obrigada",agradecimento
"Perfeito, Ana. Obrigada pelo retorno. 😊",agradecimento
"Muito obrigada, elas entraram em contato comigo. Realmente a sandália é linda , mas infelizmente fico um pouco fora $$$ pra mim !",agradecimento
Obrigada!,agradecimento
Legal mto obrigada 💚,agradecimento
Lindo o evento! Amei,agradecimento
"Sim, obrigada",agradecimento
Experimentei essa jaqueta. Maravilhosa,agradecimento
"Precisei sair correndo por um problema com minha filha, que ja esta bem! Mas nem consegui me despedir! Obrigada queridas pelo convite!!!",agradecimento
"Ok, obrigada.",agradecimento
Ok!! Entendi. Obrigada pelo retorno. Um abraço,agradecimento
Obrigada. No aguardo que seja disponibilizado o envio.,agradecimento
Obrigada,agradecimento
Ok obrigada,agradecimento
Muito obrigada pela atenção!,agradecimento
Obrigada,agradecimento
"Tranquilo, obrigada!",agradecimento
Obrigada pelo retorno!,agradecimento
"Ótimo, me avise por favor. Um abraço e obrigada",agradecimento
Obrigada ! Até lá,agradecimento
Ok. Obrigada 😊,agradecimento
Nossa . Perfeito,agradecimento
Obrigada,agradecimento
Obrigada Ana!!,agradecimento
Obrigada pelo retorno,agradecimento
Que legal! Vai ajudar muito!,agradecimento
Obrigada,agradecimento
olá! tudo bem? tem cupom para 1a compra?,cupom_primeira
Olá! Tudo bem? Tem cupom para 1a compra?,cupom_primeira
beijos,despedida
até agora nada!,despedida
Até agora nada!,despedida
Beijos,despedida
não tem um link de comunicação no whatsapp,disponibilidade
no e-mail da nota fiscal não tem nada,disponibilidade
"ola bia sou a daniela e gostaria de apresentar minha marca pra vc, a queens gate. minha sócia e eu já te acompanhamos tem um bom tempo e somos muito fãs! a sua curadoria com seus ""neutros com tcharanz"" reforçou a vontade de apresentar o conceito da nossa marca pra vc. vamos completar 1 ano em agosto e adoraríamos um bate papo com vc pra contar nossa história e nossos planos. moro em londres e minha sócia em sp e vou deixar meu whatsapp pessoal por conta do fuso aqui e mando o link do nosso insta pra vc dar uma olhadinha 😉 obrigada ! +1(917)868-9790",disponibilidade
eu comprei a calça pantalona branca no dia 13/08,disponibilidade
eu amei a blusa branca tcharam 🥰,disponibilidade
"não gosto de nada apertado, mas essa blusa tem um shane mais ajustado. daí fiquei na dúvida.",disponibilidade
"amoooo suas rasteiras, não são da sua lj, mas poderia indicar aonde têm aquela custo benefício?",disponibilidade
"bom dia! gostaria de adquirir essa calça, mas não está mais disponível. podem me ajudar? obrigada",disponibilidade
"oiii! tudo bem? me chamo caroline sou formada em marketing e trabalho como social media tem um tempinho, estou a procura de uma nova oportunidade no mercado de trabalho. gostaria de saber se tem um espacinho no time de vocês, vou deixar o meu número, e-mail e portfólio. caso queria marcar uma call para falarmos mais estou por aqui. cel: (11) 94443-8896 e-mail: cspereiramkt@gmail.com portfólio: https://cspereira.my.canva.site/ obrigada desde já 💖",disponibilidade
"a jaqueta branca. uma pena eu não conseguir comprar por problemas técnicos, uma experiência de consumidor mto ruim",disponibilidade
"bom dia! sou a gianina marques, mineira, mãe e autora de joias artesanais. gostaria de deixar meu insta para vcs conhecerem minhas joias feita com carinho e totalmente exclusiva. aguardo o retorno de vcs q tem tanto conhecimento na área. desde já obrigada! @gianinamarques",disponibilidade
eu amei a que tem a ponta. duvida. tem que ter tornozelo fino? obrigada,disponibilidade
vocês tem loja física?,disponibilidade
"bom dia tudo bem? então eu tenho mito daqueles vestidos , com estampas, e alguns até são estampas geométricas e todas as opções possíveis . como posso fazer que não fiquem parecendo quando usar aquelas roupas que não tem nada haver comigo . eu estou em uma fase de camisa, calça jeans bem moderna . e roupas mais discretas . mas é esses vestido como usar ?",disponibilidade
"oiee tudo bem? amei a bota, tem curadoria dela? bjos",disponibilidade
"oi pessoal! tudo bem? acredito que essa calça tenha esgotado, certo? vai ter reposição dela? aguardo retorno! obrigada, milene",disponibilidade
"olá! primeiramente quero dizer que a curadobia está fantástica! vi que vários produtos estão indisponíveis no site, como a blusa pah e phyna por exemplo tem alguma previsão de retorno ao estoque?",disponibilidade
a regata chiquetosa vai voltar pro estoque?,disponibilidade
volta pro estoque?,disponibilidade
em março eu vou produzir reposição e cores novas de tudo,disponibilidade
"oi ana a marcia fonseca esta em contato com vc, ne? vamos conversar sim, a fernanda tem mto interesse",disponibilidade
"oiii boa tarde , me chamo talita e sou figurinista na emissora cnbc @cnbc licenciada pela @otimesbrasil , uma emissora nova que transmite jornalismo de negócios e é lider mundial no seu segmento. temos no nosso elenco grandes nomes do jornalismo incluido carol barcellos , rita wu, erica reis , christiane pelajo , zeca camargo, natalia ariade estou apenas dando um exemplo do time de peso que faz parte da emissora. as meninas são a cara da marca, elas postam , marcam o @, tem o manequim otimo e sao mega fotogênicas. podemos alinhar a produção , me ajudem rs vai ser uma parceria incrivel ! um beijo e aguardo retorno",disponibilidade
"oi time da curadobia tudo bem? sou joana, sigo o perfil e amo! tem uma calça que vi numa propaganda, que me apaixonei, mas não encontrei no site. queria saber de onde ela é, por favor. se puderem, vocês me contam? super obrigada! bj",disponibilidade
"boa tarde, pessoal! tudo bem? estava namorando um macacão verde no site da marca d-aura, porém não localizei mais 😕. saiu de coleção? não terá reposição? aguardo. obrigada milene",disponibilidade
vai ter reposição dessa calça?,disponibilidade
bia! será que a tshirt angela motta branca com uma manga bafônica vai ter amanhã? preciso dela,disponibilidade
essa gladiadora!! qual o número? tem 37??,disponibilidade
e tem ela preta?,disponibilidade
oie!! essa calça vai ter reposição na curadoria?,disponibilidade
"Oi Time da Curadobia tudo bem? Sou Joana, sigo o perfil e amo! Tem uma calça que vi numa propaganda, que me apaixonei, mas não encontrei no site. Queria saber de onde ela é, por favor. Se puderem, vocês me contam? Super obrigada! Bj",disponibilidade
"Oiii boa tarde , Me chamo Talita e sou figurinista na emissora CNBC @cnbc licenciada pela @otimesbrasil , uma emissora nova que transmite jornalismo de negócios e é lider mundial no seu segmento. Temos no nosso elenco grandes nomes do jornalismo incluido Carol Barcellos , Rita Wu, Erica Reis , Christiane Pelajo , Zeca Camargo, Natalia Ariade estou apenas dando um exemplo do time de peso que faz parte da emissora. As meninas são a cara da marca, elas postam , marcam o @, tem o manequim otimo e sao mega fotogênicas. Podemos alinhar a produção , me ajudem rs vai ser uma parceria incrivel ! um beijo e aguardo retorno",disponibilidade
Eu comprei a calça pantalona branca no dia 13/08,disponibilidade
"Amoooo suas rasteiras, não são da sua Lj, mas poderia indicar aonde têm aquela custo benefício?",disponibilidade
"Oi Ana a Marcia Fonseca esta em contato com vc, ne? Vamos conversar sim, a Fernanda tem mto interesse",disponibilidade
Eu amei a blusa branca Tcharam 🥰,disponibilidade
"Bom dia tudo bem? Então eu tenho mito daqueles vestidos , com estampas, e alguns até são estampas geométricas e todas as opções possíveis . Como posso fazer que não fiquem parecendo quando usar aquelas roupas que não tem nada haver comigo . Eu estou em uma fase de camisa, calça jeans bem moderna . E roupas mais discretas . Mas é esses vestido como usar ?",disponibilidade
"Oiee tudo bem? Amei a bota, tem curadoria dela? Bjos",disponibilidade
Bia! Será que a tshirt Angela Motta branca com uma manga bafônica vai ter amanhã? Preciso dela,disponibilidade
Eu amei a que tem a ponta. Duvida. Tem que ter tornozelo fino? Obrigada,disponibilidade
Volta pro estoque?,disponibilidade
A regata chiquetosa vai voltar pro estoque?,disponibilidade
"Bom dia! Gostaria de adquirir essa calça, mas não está mais disponível. Podem me ajudar? Obrigada",disponibilidade
Vai ter reposição dessa calça?,disponibilidade
"Boa tarde, pessoal! Tudo bem? Estava namorando um macacão verde no site da marca D-aura, porém não localizei mais 😕. Saiu de coleção? Não terá reposição? Aguardo. Obrigada Milene",disponibilidade
"Oi pessoal! Tudo bem? Acredito que essa calça tenha esgotado, certo? Vai ter reposição dela? Aguardo retorno! Obrigada, Milene",disponibilidade
"A jaqueta branca. Uma pena eu não conseguir comprar por problemas técnicos, uma experiência de consumidor mto ruim",disponibilidade
Em março eu vou produzir reposição e cores novas de tudo,disponibilidade
Vocês tem loja física?,disponibilidade
"Oiii! Tudo bem? Me chamo Caroline sou formada em Marketing e trabalho como Social Media tem um tempinho, estou a procura de uma nova oportunidade no mercado de trabalho. Gostaria de saber se tem um espacinho no time de vocês, vou deixar o meu número, e-mail e portfólio. Caso queria marcar uma call para falarmos mais estou por aqui. Cel: (11) 94443-8896 E-mail: cspereiramkt@gmail.com Portfólio: https://cspereira.my.canva.site/ Obrigada desde já 💖",disponibilidade
"Não gosto de nada apertado, mas essa blusa tem um Shane mais ajustado. Daí fiquei na dúvida.",disponibilidade
No e-mail da nota fiscal não tem nada,disponibilidade
Não tem um link de comunicação no WhatsApp,disponibilidade
"Ola Bia sou a Daniela e gostaria de apresentar minha marca pra vc, a Queens Gate. Minha sócia e eu já te acompanhamos tem um bom tempo e somos muito fãs! A sua curadoria com seus ""neutros com tcharanz"" reforçou a vontade de apresentar o conceito da nossa marca pra vc. Vamos completar 1 ano em agosto e adoraríamos um bate papo com vc pra contar nossa história e nossos planos. Moro em Londres e minha sócia em SP e vou deixar meu WhatsApp pessoal por conta do fuso aqui e mando o link do nosso insta pra vc dar uma olhadinha 😉 Obrigada ! +1(917)868-9790",disponibilidade
E tem ela preta?,disponibilidade
Essa gladiadora!! Qual o número? Tem 37??,disponibilidade
"Bom dia! Sou a Gianina Marques, mineira, mãe e autora de joias artesanais. Gostaria de deixar meu insta para vcs conhecerem minhas joias feita com carinho e totalmente exclusiva. Aguardo o retorno de vcs q tem tanto conhecimento na área. Desde já obrigada! @gianinamarques",disponibilidade
Oie!! Essa calça vai ter reposição na curadoria?,disponibilidade
"oi bia, tudo bem? adorei a @curadabia, (o nome ficou demais), e claro ja fui olhar as peças! não localizei tabela de medidas! porem, pelo tamanho das peças que vc veste o g provavelmente não vai caber em mim! uso 46/48, a depender da confecção! pense com carinho em fazer uma curadoria para tamanhos normais! desejo muito sucesso nessa nova empreitada! que deus te abençoe! bjos!",duvida_tamanho
a calça ficou sobrando muito atrás.,duvida_tamanho
gostaria de saber o tamanho da cintura dessa calça no tamanho m,duvida_tamanho
gosto da calça assim mais curta! visto entre 38-40 (quadril 95),duvida_tamanho
já tentei três vezes. será que pode ser o tamanho?,duvida_tamanho
gostaria de saber qual a altura e medidas da bia pra entender melhor o tamanho de referência.,duvida_tamanho
"muito obrigada, legal que sou do mesmo tamanho que ela!",duvida_tamanho
"bom dia. estou interessada na blusa pah, mas estou em dúvida quanto ao tamanho. minhas medidas: busto 92 cm e cintura 75 cm.",duvida_tamanho
m,duvida_tamanho
qual tamanho?,duvida_tamanho
"fui olhar para comprar o tamanho 1 dessa calça, porém a largura da cintura e do quadril eh a mesma - 98",duvida_tamanho
não tenho nada da paula ferber. a numeração é normal a forma?,duvida_tamanho
oii comprei a bico fino. o dedo fica um pouquinho de lado pra fora né? mas super confortável,duvida_tamanho
essa sandália calça certo ?calço 36 .será que preciso comprar 37 ?,duvida_tamanho
"por favor , me interessei por este macacão . quais tamanhos e como comprar ?",duvida_tamanho
teria as medidas do 42,duvida_tamanho
"pois sou , em algumas marcas , 44",duvida_tamanho
"e em outras , 42",duvida_tamanho
e quadril ?,duvida_tamanho
vou checar as minhas medidas e volto com vcs,duvida_tamanho
"olá, eu encontro as medidas no site?",duvida_tamanho
"bom dia gostei muito de uma calça mais gostaria de ter informações dos tamanhos , se te tabela de medidas , como faço para saber , poderiam me ajudar ? no aguardo grata adriana baggio",duvida_tamanho
"olá vcs tem uma tabela de medidas para essa calça , amei e gostaria de escolher o tamanho certo visto 40 e tenho 1.05 de quadril , então não tenho certeza do p ou m poderiam me ajudar ? no aguardo grata adriana baggio",duvida_tamanho
"as duas camisas, o body, a calça e o colar. eu visto p.",duvida_tamanho
"oi, pessoal. tudo bem? estou com dúvida sobre numeração de uma peça de vocês. aguardo retorno, obrigada! milene",duvida_tamanho
porém na dúvida do melhor tamanho,duvida_tamanho
eu costumo usar p ou pp se a confecção é grande,duvida_tamanho
36 ou 38,duvida_tamanho
a regata arrumadona m,duvida_tamanho
"como uma crítica construtiva, vcs deveriam mandar um e-mail para confirmar o pedido. compro bastante on-line e sempre vem o e-mail do status do pedido!! o cliente fica mais seguro da compra.",duvida_tamanho
"bia, tudo bem? tenho uma festa bem legal e o traje é black and white. pensei na blusa pah, mas queria saber se o tecido fica vistoso e se você recomenda alguma calça mais festa para combinar. beijos julie",duvida_tamanho
boa noite ! haverá reposição da saia única preta no tamanho 1 ?,duvida_tamanho
p,duvida_tamanho
ficou enorme,duvida_tamanho
não tem mais numeração 37,duvida_tamanho
"estou com duvidas sobre o tamanho da saia unica, visto 42 , mas as medidas no quadro de tamanhos parecem grandes, mas existe a informação de que o tamanho 1 corresponde ao 36….",duvida_tamanho
gostaria a camisa branca tamanho m. é possível?,duvida_tamanho
"olá!! bom dia!! sou muito fã da bia, mas nunca comprei no curadoria. uma dúvida: como faço para escolher um tamanho com mais segurança? tem uma tabela de medidas para servir de referência? obrigada",duvida_tamanho
"olá! bom dia! roupas lindas aqui! mas não encontrei muitas opções de tamanhos maiores. é isso mesmo? tenho uma cliente que se enquadraria perfeita nesse estilo mais contemporâneo, mas é um tamanho g, gg. 44/46. poderiam me sugerir algumas opções?",duvida_tamanho
nao sei se ficaria legal p quem esta um.pouco acima do peso,duvida_tamanho
"visto g, qual tamanho seria? quais cores tem? tem a calça tb?",duvida_tamanho
olá! como tirar dúvidas de tamanho da peça?,duvida_tamanho
Qual tamanho?,duvida_tamanho
Essa sandália calça certo ?Calço 36 .Será que preciso comprar 37 ?,duvida_tamanho
"Olá, eu encontro as medidas no site?",duvida_tamanho
Gostaria a camisa branca tamanho M. É possível?,duvida_tamanho
Gostaria de saber o tamanho da cintura dessa calça no tamanho M,duvida_tamanho
"Olá! Bom dia! Roupas lindas aqui! Mas não encontrei muitas opções de tamanhos maiores. É isso mesmo? Tenho uma cliente que se enquadraria perfeita nesse estilo mais contemporâneo, mas é um tamanho G, GG. 44/46. Poderiam me sugerir algumas opções?",duvida_tamanho
"Muito obrigada, legal que sou do mesmo tamanho que ela!",duvida_tamanho
Gostaria de saber qual a altura e medidas da Bia pra entender melhor o tamanho de referência.,duvida_tamanho
"Oi Bia, tudo bem? Adorei a @curadabia, (o nome ficou demais), e claro ja fui olhar as peças! Não localizei tabela de medidas! Porem, pelo tamanho das peças que vc veste o G provavelmente não vai caber em mim! Uso 46/48, a depender da confecção! Pense com carinho em fazer uma curadoria para tamanhos normais! Desejo muito sucesso nessa nova empreitada! Que Deus te abençoe! Bjos!",duvida_tamanho
Não tem mais numeração 37,duvida_tamanho
"Olá vcs tem uma tabela de medidas para essa calça , amei e gostaria de escolher o tamanho certo visto 40 e tenho 1.05 de quadril , então não tenho certeza do p ou m Poderiam me ajudar ? No aguardo Grata Adriana Baggio",duvida_tamanho
"Bom Dia Gostei muito de uma calça mais gostaria de ter informações dos tamanhos , se te tabela de medidas , Como faço para saber , poderiam me Ajudar ? No aguardo Grata Adriana Baggio",duvida_tamanho
Nao sei se ficaria legal p quem esta um.pouco acima do peso,duvida_tamanho
Oii comprei a bico fino. O dedo fica um pouquinho de lado pra fora né? Mas super confortável,duvida_tamanho
Não tenho nada da Paula Ferber. A numeração é normal a forma?,duvida_tamanho
"As duas camisas, o body, a calça e o colar. Eu visto P.",duvida_tamanho
A regata arrumadona M,duvida_tamanho
"Fui olhar para comprar o tamanho 1 dessa calça, porém a largura da cintura e do quadril eh a mesma - 98",duvida_tamanho
"Bia, Tudo bem? Tenho uma festa bem legal e o traje é black and white. Pensei na blusa Pah, mas queria saber se o tecido fica vistoso e se você recomenda alguma calça mais festa para combinar. Beijos Julie",duvida_tamanho
Gosto da calça assim mais curta! Visto entre 38-40 (quadril 95),duvida_tamanho
Ficou enorme,duvida_tamanho
P,duvida_tamanho
36 ou 38,duvida_tamanho
Eu costumo usar P ou PP se a confecção é grande,duvida_tamanho
Porém na dúvida do melhor tamanho,duvida_tamanho
"Oi, pessoal. Tudo bem? Estou com dúvida sobre numeração de uma peça de vocês. Aguardo retorno, obrigada! Milene",duvida_tamanho
"Visto G, qual tamanho seria? Quais cores tem? Tem a calça tb?",duvida_tamanho
A calça ficou sobrando muito atrás.,duvida_tamanho
M,duvida_tamanho
"Bom dia. Estou interessada na blusa PAH, mas estou em dúvida quanto ao tamanho. Minhas medidas: busto 92 cm e cintura 75 cm.",duvida_tamanho
"Como uma crítica construtiva, vcs deveriam mandar um e-mail para confirmar o pedido. Compro bastante on-line e sempre vem o e-mail do status do pedido!! O cliente fica mais seguro da compra.",duvida_tamanho
Boa noite ! Haverá reposição da saia única preta no tamanho 1 ?,duvida_tamanho
"Estou com duvidas sobre o tamanho da saia Unica, visto 42 , mas as medidas no quadro de tamanhos parecem grandes, mas existe a informação de que o tamanho 1 corresponde ao 36….",duvida_tamanho
Olá! Como tirar dúvidas de tamanho da peça?,duvida_tamanho
"Olá!! Bom dia!! Sou muito fã da Bia, mas nunca comprei no Curadoria. Uma dúvida: como faço para escolher um tamanho com mais segurança? Tem uma tabela de medidas para servir de referência? Obrigada",duvida_tamanho
Vou checar as minhas medidas e volto com Vcs,duvida_tamanho
E quadril ?,duvida_tamanho
"E em outras , 42",duvida_tamanho
"Pois sou , em algumas marcas , 44",duvida_tamanho
Teria as medidas do 42,duvida_tamanho
"Por favor , me interessei por este macacão . Quais tamanhos e como comprar ?",duvida_tamanho
Já tentei três vezes. Será que pode ser o tamanho?,duvida_tamanho
https://www.instagram.com/_nata.oficial?igsh=n204dxp5bzn6azbz,onde_comprar
https://www.instagram.com/queensgatestore?igsh=mjc0c2g5chnmn25k&utm_source=qr,onde_comprar
onde e a loja?,onde_comprar
"ola meninas seguem meus contatos: +1(917)868-9790 daniela.masson@hotmail.com muito bom falar com vcs ontem, obrigada ! falamos na sequência por whatsapp 🌷",onde_comprar
https://www.instagram.com/minimadeia/profilecard/,onde_comprar
https://www.instagram.com/_nata.oficial/profilecard/,onde_comprar
como comprar ?,onde_comprar
parabéns!!! excelente ideia!!! vim pelo insta da glória kalil 😍 - torcendo por mais um sucesso!,onde_comprar
https://www.instagram.com/tatho.brasil/profilecard/,onde_comprar
https://www.instagram.com/agola__/profilecard/,onde_comprar
https://www.instagram.com/wendyelborin/profilecard/,onde_comprar
https://www.instagram.com/usemyk/profilecard/,onde_comprar
alguém poderia entrar em contato comigo por e-mail ou whatsapp? o site de vcs parece que está com problemas. não funciona direito não.,onde_comprar
este é meu whatsapp…,onde_comprar
https://www.instagram.com/___lourie___/profilecard/,onde_comprar
https://www.instagram.com/durgashop/profilecard/,onde_comprar
https://www.instagram.com/voceamara/profilecard/,onde_comprar
https://www.instagram.com/giom.ei/profilecard/,onde_comprar
https://www.instagram.com/luiseramirezbrand/profilecard/,onde_comprar
https://www.instagram.com/numerodez.numerodez/profilecard/,onde_comprar
https://www.instagram.com/ac.gromann?igsh=mwe4dtziy2izetaxnw==,onde_comprar
olá tudo bem ana e vc? que bacana… vou passar o whatsapp da maiá pode falar com ela por gentileza! 11-983268095,onde_comprar
"olá, sou o gerente de vendas da pg game platform. quero falar com você sobre parcerias. nossa plataforma foi licenciada conjuntamente pelo governo federal brasileiro e pelo governo de curaçao em outubro. você pode se juntar a nós e lhe daremos altas comissões. entre em contato comigo pelo whatsapp: +13434802605",onde_comprar
chico neto cd maré mar whatsapp 11965621065 http://palcomp3.com/chiconetodaparaiba/,onde_comprar
oi! tudo certinho por aí? 💚 somos a ēcru e trabalhamos com embalagens sustentáveis e personalizáveis feitas em algodão cru! nossos principais produtos são: 💚 necessaire 💚 saquinhos 💚 ecobags nos identificamos muito com a sua empresa e adoraríamos te apresentar nosso catálogo! posso te enviar mais informações pelo e-mail ou whatsapp? ah! também aceitamos propostas de orçamento ou cobrimos valores de outros fornecedores!,onde_comprar
Este é meu WhatsApp…,onde_comprar
Alguém poderia entrar em contato comigo por e-mail ou WhatsApp? O site de vcs parece que está com problemas. Não funciona direito não.,onde_comprar
Oi! Tudo certinho por aí? 💚 Somos a ĒCRU e trabalhamos com embalagens sustentáveis e personalizáveis feitas em algodão cru! Nossos principais produtos são: 💚 Necessaire 💚 Saquinhos 💚 Ecobags Nos identificamos muito com a sua empresa e adoraríamos te apresentar nosso catálogo! Posso te enviar mais informações pelo e-mail ou Whatsapp? Ah! Também aceitamos propostas de orçamento ou cobrimos valores de outros fornecedores!,onde_comprar
Olá tudo bem Ana e vc? Que bacana… Vou passar o WhatsApp da Maiá pode falar com ela por gentileza! 11-983268095,onde_comprar
https://www.instagram.com/ac.gromann?igsh=MWE4dTZiY2IzeTAxNw==,onde_comprar
https://www.instagram.com/numerodez.numerodez/profilecard/,onde_comprar
https://www.instagram.com/luiseramirezbrand/profilecard/,onde_comprar
https://www.instagram.com/wendyelborin/profilecard/,onde_comprar
https://www.instagram.com/giom.ei/profilecard/,onde_comprar
https://www.instagram.com/voceamara/profilecard/,onde_comprar
https://www.instagram.com/durgashop/profilecard/,onde_comprar
https://www.instagram.com/_nata.oficial/profilecard/,onde_comprar
https://www.instagram.com/___lourie___/profilecard/,onde_comprar
https://www.instagram.com/minimadeia/profilecard/,onde_comprar
https://www.instagram.com/usemyk/profilecard/,onde_comprar
https://www.instagram.com/agola__/profilecard/,onde_comprar
https://www.instagram.com/tatho.brasil/profilecard/,onde_comprar
https://www.instagram.com/_nata.oficial?igsh=N204dXp5bzN6azBz,onde_comprar
Onde e a loja?,onde_comprar
Chico Neto CD Maré Mar WhatsApp 11965621065 http://palcomp3.com/chiconetodaparaiba/,onde_comprar
"Olá, sou o gerente de vendas da PG Game Platform. Quero falar com você sobre parcerias. Nossa plataforma foi licenciada conjuntamente pelo governo federal brasileiro e pelo governo de Curaçao em outubro. Você pode se juntar a nós e lhe daremos altas comissões. Entre em contato comigo pelo WhatsApp: +13434802605",onde_comprar
"Ola meninas seguem meus contatos: +1(917)868-9790 Daniela.masson@hotmail.com Muito bom falar com vcs ontem, obrigada ! Falamos na sequência por WhatsApp 🌷",onde_comprar
https://www.instagram.com/queensgatestore?igsh=Mjc0c2g5cHNmN25k&utm_source=qr,onde_comprar
Como comprar ?,onde_comprar
PARABÉNS!!! Excelente ideia!!! Vim pelo insta da Glória Kalil 😍 - Torcendo por mais um SUCESSO!,onde_comprar
Tá joia.,outros
consegue me informar de onde é essa sandália?,outros
"Olá!! Tudo bem? Estou APAIXONADA por essa jaqueta bacanuda da foto. O preço de 546, pula pra setecentos e tanto na hora de comprar. É isso mesmo? Entra um valor de comissão na hora da compra?",outros
vcs tem desconto para primeira compra?,outros
Não estou conseguindo entrar no site para fazer compra,outros
mas gostaria de experimentar antes de comprar. é possível? meu cel (11) 99904-7575,outros
Eu não recebi email confirmando a compra...,outros
Pode,outros
e a calça é de onde?,outros
Agora estou organizando as coisas,outros
com quem falo b,outros
37?? não creio,outros
Não rsrs,outros
"deixa eu tirar outra dúvida, vc faz consultoria de imagem/estilo tb? se sim, como funciona?",outros
"vou querer a 46, qual é sua chave pix?",outros
"Boa tarde! Comprei a blusa Pah , mas não consigo deixá-la parecida como da foto… acho que estou usando de forma errada… tem alguma tutorial de como vesti-la ? Rs",outros
Era pra ter chegado ontem,outros
você é linda e de uma delicadeza admirável,outros
Sim,outros
na torcida ❤️,outros
🥰,outros
O site está passando por problemas?,outros
Macacões com mangas,outros
👏,outros
ok,outros
como falo com alguém daí,outros
❤️❤️,outros
Obaaa!❤️❤️❤️,outros
então era pra ter pago menos a meu ver,outros
11,outros
meu tel 21 99245-3454,outros
Daniela.masson@hotmail.com,outros
Reagiu com 👍 à sua mensagem,outros
👏,outros
Ok,outros
???,outros
Tutu. Meu filho é Tutu. Arthur kkkk,outros
como posso fazer essa apresentacao?,outros
Vamos pensar no q podemos fazer juntas🌺🌺,outros
Cadê? Quero,outros
😁😁,outros
"Ahh pena! Mas na hora certa, vai dar!",outros
11-991428141,outros
olá. tentei fazer uma compra e após entrar com os dados do cartão e senha vem a seguinte tela,outros
"eu quero sim, mas vc poderia me enviar a foto do modelo só pra eu confirmar",outros
maravilha 🙌🏼,outros
"olá, quanto custa a pantalona?",outros
😍,outros
fiz o processo 2x será q cobrou 2x?,outros
stellathomazbastos@gmail.com,outros
Tudo bem e vocês?,outros
Parece que o contato por aqui não é satisfatório...,outros
qual o preço?,outros
mas paguei por uma coisa que não recebi,outros
Reagiu com 👍 à sua mensagem,outros
tudo bem?,outros
😍,outros
Que honra 😍😍😍,outros
reagiu com 👍 à sua mensagem,outros
❤️❤️,outros
Eu queria usar nas fotos que irei fazer amanhã,outros
Maravilha,outros
"boa tarde! comprei a blusa pah , mas não consigo deixá-la parecida como da foto… acho que estou usando de forma errada… tem alguma tutorial de como vesti-la ? rs",outros
É fato! Perguntei pois está a procurando uma peça e não encontrava,outros
"sim! a carol entrou em contato comigo! uma fofa , super atenciosa",outros
Comprei um body e paguei frete de 7 dias úteis pra levar pra uma viagem agora na sexta,outros
😍,outros
😍,outros
"oi ana, obrigada pela resposta! bom, eu vou continuar na torcida pra esse frete internacional se materializar um dia desses pq a gente quer comprar essas coisas lindas e usar logo, né? … infelizmente com o preço do dólar não tenho recebido as amigas aqui tão frequentemente mas é uma boa ideia também - obrigada!!!!",outros
Ebaaaaa,outros
ops é a blusa pah,outros
Não consigo deixá-la deste jeito,outros
ahh reptilia adoro,outros
vou olhar,outros
td bem?,outros
"link da calça, por gentileza",outros
e esses sapatos incríveis? teremos a chance de tê-los? rs,outros
"na verdade foi o porteiro, rs!",outros
"Ola pessoal ! Tudo bem?! Sou a Lalá Cunha (@laisfcunha) e vim contar um pouco sobre o @coracora_studio Estamos em SP e fazemos fotografia, vídeos em formato reels, direção de arte e styling para marcas, de acordo com a sua necessidade. Fazemos trabalhos exclusivos para as marcas e, em breve (final de março) também faremos o nosso próximo SHOOTING COLLAB, uma diária criada para incluir várias marcas que têm produtos a serem fotografados, necessitam de um material de qualidade, mas que não querem ter um alto valor de investimento nisso. O proximo collab será em uma locação linda e as modelos foram escolhidas à dedo, e acho que combina muito com a marca de voces. Abaixo mando mais infos. Vamos conversar sobre essas possibilidades? Fico aqui a disposição Abraços, Lalá 11 972686892",outros
reagiu com 👍 à sua mensagem,outros
👏,outros
"toque em ""continuar"" para aceitar ou recusar o pedido.",outros
vou olhar aqui meu anti virus.. pq ele bloqueia o curadobia... veja:,outros
ola! estou tentando finalizar uma compra mas aparece o seguinte erro,outros
😍,outros
e achei muito difícil o contato com vcs,outros
vamos pensar no q podemos fazer juntas🌺🌺,outros
você poderia me passar o contato dos responsáveis?!,outros
Pode me chamar novamente por favor?,outros
eu não recebi a confirmação dessa compra,outros
"Bia, td bom? Não estou conseguindo finalizar a compra da ""regata podrinha"". Coloquei os dados do cartão e no campo CVV eu ponho os números mas o sistema ignora que eu coloquei. Tentei várias vezes, acho que está com problema…",outros
reagiu com 🖤 à sua mensagem,outros
👏,outros
endereço,outros
"o produto é lindo , apesar de ter ficando um pouco grande",outros
é o pedido 502!,outros
"Gostei do conjunto, mas não vi no site",outros
e o body me chega hoje,outros
Oba! ❤️,outros
estou vendo pelo celular sim.,outros
Ah que bom!! É lindíssima!! Parabéns.,outros
"Oi, quanto custa a blusa modernosa? Tem GG ?",outros
😍,outros
😍,outros
😍,outros
pode ser?,outros
🔥,outros
👏,outros
Que lindo tudo!,outros
qual a marca do tenis?,outros
Você é linda e de uma delicadeza admirável,outros
Fiz o processo 2x Será q cobrou 2x?,outros
Meu tel 21 99245-3454,outros
👏,outros
vocês irao vender oysho????,outros
Mas a peça ainda não chegou,outros
11 99635.2663,outros
"Tudo bem Bia Gostaria muito de saber se nesta sua plataforma vc assiste aos clientes em encontrar produtos, lojas, etc?",outros
Adorei a dica!,outros
Eh isso mesmo?,outros
olá! por favor vcs tem desconto para a primeira compra? obrigada!,outros
Aguardo ansiosa pelos seus pisantes na curadobia,outros
Já comprei! E acabou de chegar!!,outros
tudo bem também. que pena 😕 eu queria exatamente o verde! 😩,outros
"ainda não , super correria",outros
😮,outros
😍,outros
Foi só hoje ou vai ficar mais tempo?,outros
caraca muito!,outros
E a regata arrumadona?,outros
Ahhh maravilha,outros
Linda essa blusa,outros
😍,outros
Isso é Curadobia hein!,outros
Aiiiin que pena,outros
Precisei escrever em uma postagem,outros
👏,outros
"Olá, quanto custa a pantalona?",outros
"Eu quero comprar esses acessórios, como faço?",outros
mas a experiência de compra não foi legal,outros
😍 body MyBasic,outros
preciso de uma ajudinha com o meu pedido,outros
Meu pedido chegou hj!!,outros
Ibaaaa,outros
Consegue me informar de onde é essa sandália?,outros
Ahh Reptilia adoro,outros
por nada!,outros
ebaaaaa,outros
37?? Não creio,outros
ahhh maravilha,outros
Ameiiiiiiii,outros
Olá. Tentei fazer uma compra e após entrar com os dados do cartão e senha vem a seguinte tela,outros
sim,outros
Qual a marca do tenis?,outros
😍,outros
gostei da corrente dourada também.,outros
"Na verdade foi o porteiro, rs!",outros
Como posso fazer essa apresentacao?,outros
funciona,outros
reagiu com 👍🏿 à sua mensagem,outros
ei ana,outros
"Deixa eu tirar outra dúvida, vc faz consultoria de imagem/estilo tb? Se sim, como funciona?",outros
Com quem falo B,outros
e ainda não chegou,outros
"Aaaah, perdi! Quando vai ter offline de novo?",outros
tudo bem,outros
por muito pouco a minha frustração seria ainda maior,outros
Já respondi! Sim no wzap,outros
11,outros
❤️,outros
"Oi tudo bem? Está com algum problema no site para pagar com cartão de crédito, o código cvv some",outros
yes!!,outros
😍,outros
😍,outros
sim,outros
Preço?,outros
"de todo modo , agradeço por perguntar",outros
Por muito pouco a minha frustração seria ainda maior,outros
😁😁,outros
sua camisa é linda,outros
era pra ter chegado ontem,outros
não consigo deixá-la deste jeito,outros
😍,outros
"De todo modo , agradeço por perguntar",outros
Email: adrianaleitecarvalho@gmail.com,outros
muito tenso,outros
Por onde posso acompanhar o envio da minha compra?,outros
😍,outros
comprei um body e paguei frete de 7 dias úteis pra levar pra uma viagem agora na sexta,outros
Eu não recebi a confirmação dessa compra,outros
uma coisa de lindo!,outros
eu queria usar nas fotos que irei fazer amanhã,outros
Yes!!,outros
lindaaaa,outros
Vou olhar aqui meu anti virus.. Pq ele bloqueia o curadobia... Veja:,outros
"Sim! A Carol entrou em contato comigo! Uma fofa , super atenciosa",outros
daniela.masson@hotmail.com,outros
Já tô seguindo 👊🏻,outros
Maravilha!,outros
feliz demais q vc gostou ! ☺️☺️☺️ me fala como funciona melhor pra vc e marcamos um call,outros
"oi bia, tudo bem? me chamo alice, sou sócia da monti, uma marca de moda que preza por estilo atemporal e peças de qualidade. estamos buscando consultoras de imagem parceiras para recomendar nossas peças aos seus clientes, e pensei que poderíamos criar algo bem legal juntas! o que acha de agendarmos um papo para te contar mais sobre a nossa história e a ideia de parceria? fico no aguardo!",pedido_sugestao
eu amo todos os seus looks! combina 100% com o meu estilo! queria ter todas as peças para mim! pena que moro do outro lado do mundo.,pedido_sugestao
gosto muito dos looks mas percebo que ha muito jogo c volumes,pedido_sugestao
Gosto muito dos looks mas percebo que ha muito jogo c volumes,pedido_sugestao
"Oi Bia, tudo bem? Me chamo Alice, sou sócia da Monti, uma marca de moda que preza por estilo atemporal e peças de qualidade. Estamos buscando consultoras de imagem parceiras para recomendar nossas peças aos seus clientes, e pensei que poderíamos criar algo bem legal juntas! O que acha de agendarmos um papo para te contar mais sobre a nossa história e a ideia de parceria? Fico no aguardo!",pedido_sugestao
Eu amo todos os seus looks! Combina 100% com o meu estilo! Queria ter todas as peças para mim! Pena que moro do outro lado do mundo.,pedido_sugestao
olá,saudacao
"oii, tudo bem??",saudacao
"olá, gente! bom dia! acabei de ver o post da bia sobre camisas. somos uma pequena alfaiataria e camisaria é o core da nossa criação. gostaria muito de apresentar nosso produto pra vocês. se vocês acharem conveniente, por favor, indiquem a melhor forma de contato. abraço, stella",saudacao
boa tarde! tudo ótimo! segunda à tarde em qualquer horário.,saudacao
"olá, boa noite",saudacao
oieee,saudacao
bom dia,saudacao
olá bia tudo bem?,saudacao
"olá! onde encontro os sapatos? este e as gladiadoras, especialmente.",saudacao
"olá, boa tarde",saudacao
olá,saudacao
"olá , bom dia",saudacao
olá!!,saudacao
boa tarde. gostaria de saber se vocês enviam para fora do brasil. obrigada.,saudacao
bom dia! ontem tive o prazer de conhecer vc ao vivo! eu estava no mil plantas! vc e lindíssima! ❤️,saudacao
bom dia. comprei esta blusa mas a parte que passa encima do ombro está solta. é assim mesmo? podemos falar para eu entender melhor? obrigada. meu cel 983389576,saudacao
oi,saudacao
olá bom dia,saudacao
oie,saudacao
oiee! bom dia,saudacao
"olá bia! te vi no post da teti gio amei o seu perfil eu tenho uma marca de joias autorais, com design minimalista e ouro sustentável adoraria te apresentar @eunoyah_jewelry também gostaria de conversar sobre divulgacao, se houver interesse, claro :) muito obrigada um abraço evelyn",saudacao
bom dia!,saudacao
"ola, tudo bem? meu nome é gisela, acabei de fazer um pedido.",saudacao
"oi, as compras são direto no site?",saudacao
olá! bom dia,saudacao
oii o site curadobia está fora do ar?? fui visitar através dos link da bio e não funcionou ... bjs,saudacao
"oieee, obrigada de verdade 💖",saudacao
ola! por favor algum retorno?,saudacao
bom dia! consegue me mandar o vídeo?,saudacao
ola!,saudacao
"boa tarde, me interessei pelos macacões, com zíper mostrados pela bia.",saudacao
oi bia. sou erika dos @brincosdiferentes. gostaria de saber como você trabalha em relação a promoção de produtos. meus brincos são autorais e os fabrico a 39 anos. a produção é 100% nacional. fabricamos desde a liga do metal até o banho de ouro 18k. nossos brincos são todos bordados a mão com um finíssimo arame de cobre e depois banhado a ouro. espero seu contato. obrigada.,saudacao
olá!! como vai funcionar? onde vai ser? obrigada!!,saudacao
"oi, pessoal, tudo bem? mariele da icon aqui. adoraria apresentar a agência e os talentos que representamos para vocês. acredito que temos uma super sinergia e que seria lindo colaborarmos futuramente! qual o melhor contato para falarmos disso, por favor? muito obrigada!",saudacao
boa tarde! a jaqueta off da nauanim voltou?,saudacao
ola boa tarde tudo bem? tenho uma confecção trabalho com tecido plano e malha faço todo desenvolvimento da peça começando da peça piloto e entrego a produção passada e embalada caso tenha interesse meu número é 11948549084 obrigada,saudacao
"olá! sua curadoria, projeto editorial e gráfico, são incríveis. parabéns! mas sua plataforma de e-commerce não funciona bem, estou desde ontem tentando fazer compras, mas páginas não carregam, carrinhos esvaziam. muito difícil!",saudacao
"olá, tudo bem? seriam essas peças:",saudacao
"olá, fiz uma compra com vocês. tudo certo?",saudacao
bom dia,saudacao
"olá, tudo bem e com vcs ? vi que vcs enviaram um e-mail para nós, vou responder vcs por lá, ok? um beijo e muito obrigada pelo contato <3",saudacao
oi,saudacao
boa tarde!! fiz um pedido de uma blusa brilhei no dia 13/01. não recebi nenhum e-mail de confirmação. será que está tudo certo? meu nome é cristiane rocha loures brenner.,saudacao
"olá curadobia, tudo bem? agradecemos o interesse pela marca. para garantir que você receba a atenção e cuidado adequados, pedimos a gentileza de encaminhar mais informações como contatos, rede social e portfólio para mkt.conteudo@escuderoonline.com.br. nossa equipe de marketing é especializada nesse assunto. dessa forma, tenho certeza de que eles avaliarão e, se houver interesse, entrarão em contato prontamente. fique à vontade para entrar em contato caso tenha alguma dúvida. estamos aqui para ajudar.",saudacao
oi!,saudacao
"olá, tudo bem? entre em contato com nosso comercial, 085987859507",saudacao
oie,saudacao
oi boa tarde,saudacao
boa noite.,saudacao
bom dia … obrigada 🙏🏻,saudacao
ola! muitíssimo obrigada 💋,saudacao
olá! muito obrigada!! vou ver em breve!!,saudacao
oii,saudacao
olá! tudo bem? teria um contato do responsável da marca ou comercial para falarmos? obrigada carol 🤍,saudacao
"olá, td bem? fiz uma compra com vc e recebi apenas o tricot. vc pode me ajudar ? muito obrigada desde já !",saudacao
oiee,saudacao
oi! esse conjunto marrom é vendido também ?,saudacao
bom dia. gostei da calça. vai ter no site? obrigada,saudacao
"oi ana boa tarde! obrigada pelo contato. sim, estou interessada. tentei comprar após a mensagem da bia mas ainda estava indisponível",saudacao
olá! esse conjunto ainda não está disponvel no site de vcs né ? poderia me dizer se onde é?,saudacao
"oii, bia! tudo bem? por favor, de onde é essa calça? yes i am? procurei aqui no feed e não encontrei… obrigada!",saudacao
"olá! bom dia! me chamo anelisa e gostaria de confirmar se meu pedido foi realizado. não sei se esse é o canal mais adequado para essa solicitação, mas como não achei no site um campo para falar com vocês, decidi vir aqui. fiz essa compra ontem pelo site e logo depois de finalizar, apareceu uma mensagem dizendo que o pagamento não estava confirmado. no entanto no site diz que o pagamento foi efetuado e não recebi nenhuma mensagem do banco dizendo que o pagamento foi negado. além disso também não recebi um e-mail com os dados do pedido. muito obrigada desde já!",saudacao
"oi, ana! tudo e você? beleza, obrigada!",saudacao
olá,saudacao
bom dia,saudacao
oiiii tudo bem?,saudacao
"boa tarde. estava previsto pra chegar hoje minha encomenda, porém nada foi entregue",saudacao
"oie!!! são lindas... porém aquele modelo foi o que mais me agradou...mas tranquilo, super obrigada pela atenção",saudacao
Bom dia. Gostei da calça. Vai ter no site? Obrigada,saudacao
Olá!! Como vai funcionar? Onde vai ser? Obrigada!!,saudacao
Oi BIA. Sou Erika dos @brincosdiferentes. Gostaria de saber como você trabalha em relação a promoção de produtos. Meus brincos são autorais e os fabrico a 39 anos. A produção é 100% nacional. Fabricamos desde a liga do metal até o banho de ouro 18k. Nossos brincos são todos bordados a mão com um finíssimo arame de cobre e depois banhado a ouro. Espero seu contato. Obrigada.,saudacao
Ola! Muitíssimo obrigada 💋,saudacao
"Olá, Tudo bem? Entre em contato com nosso comercial, 085987859507",saudacao
Oiee! Bom dia,saudacao
Oie,saudacao
Olá bom dia,saudacao
Olá!!,saudacao
"Olá , bom dia",saudacao
Olá,saudacao
"Olá, boa tarde",saudacao
Bom dia,saudacao
Oieee,saudacao
"Olá, boa noite",saudacao
Oii,saudacao
Olá! Muito obrigada!! Vou ver em breve!!,saudacao
Ola!,saudacao
"Olá Curadobia, tudo bem? Agradecemos o interesse pela marca. Para garantir que você receba a atenção e cuidado adequados, pedimos a gentileza de encaminhar mais informações como contatos, rede social e portfólio para mkt.conteudo@escuderoonline.com.br. Nossa equipe de marketing é especializada nesse assunto. Dessa forma, tenho certeza de que eles avaliarão e, se houver interesse, entrarão em contato prontamente. Fique à vontade para entrar em contato caso tenha alguma dúvida. Estamos aqui para ajudar.",saudacao
"Oii, tudo bem??",saudacao
Olá! Bom dia,saudacao
Oiiii tudo bem?,saudacao
"Olá, fiz uma compra com vocês. Tudo certo?",saudacao
Olá! Tudo bem? Teria um contato do responsável da marca ou comercial para falarmos? Obrigada Carol 🤍,saudacao
Bom dia … obrigada 🙏🏻,saudacao
Oiee,saudacao
Oi,saudacao
Bom dia. Comprei esta blusa mas a parte que passa encima do ombro está solta. É assim mesmo? Podemos falar para eu entender melhor? Obrigada. Meu cel 983389576,saudacao
"Olá, tudo bem? Seriam essas peças:",saudacao
"Olá! Sua curadoria, projeto editorial e gráfico, são incríveis. Parabéns! Mas sua plataforma de e-commerce não funciona bem, estou desde ontem tentando fazer compras, mas páginas não carregam, carrinhos esvaziam. Muito difícil!",saudacao
Bom dia! Ontem tive o prazer de conhecer vc ao vivo! Eu estava no Mil Plantas! Vc e lindíssima! ❤️,saudacao
Oi,saudacao
Oi!,saudacao
Ola boa tarde tudo bem? Tenho uma confecção trabalho com tecido plano e malha faço todo desenvolvimento da peça começando da peça piloto e entrego a produção passada e embalada caso tenha interesse meu número é 11948549084 Obrigada,saudacao
Bom dia!,saudacao
"Olá Bia! Te vi no post da teti gio Amei o seu perfil Eu tenho uma marca de joias autorais, com design minimalista e ouro sustentável Adoraria te apresentar @eunoyah_jewelry Também gostaria de conversar sobre divulgacao, se houver interesse, claro :) Muito obrigada Um abraço Evelyn",saudacao
Bom dia,saudacao
"Oi, Ana! Tudo e você? Beleza, obrigada!",saudacao
"Olá! Bom dia! Me chamo Anelisa e gostaria de confirmar se meu pedido foi realizado. Não sei se esse é o canal mais adequado para essa solicitação, mas como não achei no site um campo para falar com vocês, decidi vir aqui. Fiz essa compra ontem pelo site e logo depois de finalizar, apareceu uma mensagem dizendo que o pagamento não estava confirmado. No entanto no site diz que o pagamento foi efetuado e não recebi nenhuma mensagem do banco dizendo que o pagamento foi negado. Além disso também não recebi um e-mail com os dados do pedido. Muito obrigada desde já!",saudacao
Oi boa tarde,saudacao
Boa tarde! Tudo ótimo! Segunda à tarde em qualquer horário.,saudacao
"Olá, gente! Bom dia! Acabei de ver o post da Bia sobre camisas. Somos uma pequena alfaiataria e camisaria é o core da nossa criação. Gostaria muito de apresentar nosso produto pra vocês. Se vocês acharem conveniente, por favor, indiquem a melhor forma de contato. Abraço, Stella",saudacao
"olá, tudo bem e com vcs ? vi que vcs enviaram um e-mail para nós, vou responder vcs por lá, ok? um beijo e muito obrigada pelo contato <3",saudacao
Ola! Por favor algum retorno?,saudacao
"Boa tarde, me interessei pelos macacões, com zíper mostrados pela Bia.",saudacao
"Olá, td bem? Fiz uma compra com vc e recebi apenas o tricot. Vc pode me ajudar ? Muito obrigada desde já !",saudacao
Oie,saudacao
"Oii, Bia! Tudo bem? Por favor, de onde é essa calça? Yes I am? Procurei aqui no feed e não encontrei… obrigada!",saudacao
"Olá! Onde encontro os sapatos? Este e as gladiadoras, especialmente.",saudacao
Oii O site Curadobia está fora do ar?? Fui visitar através dos link da Bio e não funcionou ... bjs,saudacao
Boa tarde! A jaqueta off da Nauanim voltou?,saudacao
"Oieee, obrigada de verdade 💖",saudacao
Boa tarde!! Fiz um pedido de uma blusa Brilhei no dia 13/01. Não recebi nenhum e-mail de confirmação. Será que está tudo certo? Meu nome é Cristiane Rocha Loures Brenner.,saudacao
Boa tarde. Gostaria de saber se vocês enviam para fora do Brasil. Obrigada.,saudacao
Olá! Esse conjunto ainda não está disponvel no site de vcs né ? Poderia me dizer se onde é?,saudacao
Oi! Esse conjunto marrom é vendido também ?,saudacao
Olá,saudacao
Boa noite.,saudacao
"Ola, tudo bem? Meu nome é Gisela, acabei de fazer um pedido.",saudacao
"Oi, as compras são direto no site?",saudacao
"Oi Ana boa tarde! Obrigada pelo contato. Sim, estou interessada. Tentei comprar após a mensagem da Bia mas ainda estava indisponível",saudacao
"Oi, pessoal, tudo bem? Mariele da Icon aqui. Adoraria apresentar a agência e os talentos que representamos para vocês. Acredito que temos uma super sinergia e que seria lindo colaborarmos futuramente! Qual o melhor contato para falarmos disso, por favor? Muito obrigada!",saudacao
Bom dia,saudacao
"Boa tarde. Estava previsto pra chegar hoje minha encomenda, porém nada foi entregue",saudacao
Olá,saudacao
Bom dia! Consegue me mandar o vídeo?,saudacao
"Oie!!! São lindas... porém aquele modelo foi o que mais me agradou...mas tranquilo, super obrigada pela atenção",saudacao
Olá Bia Tudo bem?,saudacao
"não vou trocar , vou tentar reduzir o gancho",troca_devolucao
acabei de comprar um conjunto. se não servir posso trocar? pelo seu cep deve ser perto da minha casa. o meu 04531-020,troca_devolucao
"caso não fique com, como funciona a troca?",troca_devolucao
"mas, ficou grande😫",troca_devolucao
como é o processo da troca?,troca_devolucao
"sobre a troca da calça que comprei (quero trocar por um tamanho menor). recebi um e-mail de vcs no dia 29/08/24 , respondi mas, dps disso não tive mais retorno",troca_devolucao
fiz uma compra de um casaco com vcs e não vestiu bem. gostaria de trocar por uma calça fresquinha tamanho m.,troca_devolucao
estou tentando contato para devolução de mercadoria e ninguém me atende! nem por whatsapp e nem e-mail. comprei um vestido que quero devolver. como devo proceder? cristina hees 11 970499507,troca_devolucao
"posso trocar, caso eu experimente e prefira uma maior?",troca_devolucao
como proceder p troca?,troca_devolucao
"olá meninas, tudo bem? comprei a saia preta da d aura em outubro, precisei trocar (foram rapidíssimos), mas só hoje eu soube que não levaram a sacola com a peça a ser trocada (ficou este tempo todo na minha portaria). como faço?",troca_devolucao
"Sobre a troca da calça que comprei (quero trocar por um tamanho menor). Recebi um e-mail de vcs no dia 29/08/24 , respondi mas, dps disso não tive mais retorno",troca_devolucao
Como é o processo da troca?,troca_devolucao
"Mas, ficou grande😫",troca_devolucao
"Caso não fique com, como funciona a troca?",troca_devolucao
Fiz uma compra de um casaco com vcs e não vestiu bem. Gostaria de trocar por uma calça fresquinha tamanho M.,troca_devolucao
Como proceder p troca?,troca_devolucao
"Posso trocar, caso eu experimente e prefira uma maior?",troca_devolucao
Acabei de comprar um conjunto. Se não servir posso trocar? Pelo seu cep deve ser perto da minha casa. O meu 04531-020,troca_devolucao
"Não vou trocar , vou tentar reduzir o gancho",troca_devolucao
"Olá meninas, tudo bem? Comprei a saia preta da d aura em outubro, precisei trocar (foram rapidíssimos), mas só hoje eu soube que não levaram a sacola com a peça a ser trocada (ficou este tempo todo na minha portaria). Como faço?",troca_devolucao
Estou tentando contato para devolução de mercadoria e ninguém me atende! Nem por WhatsApp e nem e-mail. Comprei um vestido que quero devolver. Como devo proceder? Cristina Hees 11 970499507,troca_devolucao
