texto,intent_true,intent_pred
😍,outros,nao_entendi
😍 body mybasic,outros,outros
"oi bia, tudo bem? adorei a @curadabia, (o nome ficou demais), e claro ja fui olhar as peças! não localizei tabela de medidas! porem, pelo tamanho das peças que vc veste o g provavelmente não vai caber em mim! uso 46/48, a depender da confecção! pense com carinho em fazer uma curadoria para tamanhos normais! desejo muito sucesso nessa nova empreitada! que deus te abençoe! bjos!",duvida_tamanho,tamanho_modelagem
https://www.instagram.com/_nata.oficial?igsh=n204dxp5bzn6azbz,onde_comprar,nao_entendi
obrigada! beijinhos,agradecimento,agradecimento
olá,saudacao,saudacao
como falo com alguém daí,outros,nao_entendi
comprei um body e paguei frete de 7 dias úteis pra levar pra uma viagem agora na sexta,prazo_entrega,outros
mas a peça ainda não chegou,outros,nao_entendi
era pra ter chegado ontem,outros,nao_entendi
com quem falo b,outros,nao_entendi
???,outros,nao_entendi
"oii, tudo bem??",saudacao,saudacao
chegou,outros,nao_entendi
mas paguei por uma coisa que não recebi,outros,nao_entendi
então era pra ter pago menos a meu ver,outros,nao_entendi
e achei muito difícil o contato com vcs,outros,nao_entendi
não tem um link de comunicação no whatsapp,disponibilidade,outros
no e-mail da nota fiscal não tem nada,disponibilidade,outros
precisei escrever em uma postagem,outros,nao_entendi
"enfim , por muito pouco não me atende",outros,nao_entendi
paguei sedex porque estou indo hoje pra londres e queria levar o body,outros,nao_entendi
e o body me chega hoje,outros,nao_entendi
muito tenso,outros,nao_entendi
por muito pouco a minha frustração seria ainda maior,outros,nao_entendi
"o produto é lindo , apesar de ter ficando um pouco grande",outros,outros
mas a experiência de compra não foi legal,outros,nao_entendi
tudo bem também!!,outros,nao_entendi
"somos uma produtora de áudio visual, e achamos que seria interessante apresentar o nosso trabalho e portifólio!",outros,outros
você poderia me passar o contato dos responsáveis?!,outros,nao_entendi
"de todo modo , agradeço por perguntar",outros,agradecimento
tudo bem,outros,outros
"não vou trocar , vou tentar reduzir o gancho",troca_devolucao,outros
muito obrigada!! tenham um bom fim de semana!,agradecimento,agradecimento
ebaaaaa,outros,nao_entendi
"ola bia sou a daniela e gostaria de apresentar minha marca pra vc, a queens gate. minha sócia e eu já te acompanhamos tem um bom tempo e somos muito fãs! a sua curadoria com seus ""neutros com tcharanz"" reforçou a vontade de apresentar o conceito da nossa marca pra vc. vamos completar 1 ano em agosto e adoraríamos um bate papo com vc pra contar nossa história e nossos planos. moro em londres e minha sócia em sp e vou deixar meu whatsapp pessoal por conta do fuso aqui e mando o link do nosso insta pra vc dar uma olhadinha 😉 obrigada ! +1(917)868-9790",disponibilidade,outros
feliz demais q vc gostou ! ☺️☺️☺️ me fala como funciona melhor pra vc e marcamos um call,outros,nao_entendi
"olá, gente! bom dia! acabei de ver o post da bia sobre camisas. somos uma pequena alfaiataria e camisaria é o core da nossa criação. gostaria muito de apresentar nosso produto pra vocês. se vocês acharem conveniente, por favor, indiquem a melhor forma de contato. abraço, stella",saudacao,saudacao
https://www.instagram.com/queensgatestore?igsh=mjc0c2g5chnmn25k&utm_source=qr,onde_comprar,nao_entendi
"acho ótimo. pode ser segunda 29 na parte da tarde. estamos com 4horas de fuso, qual horário seria bom pra vc?",outros,outros
boa tarde! tudo ótimo! segunda à tarde em qualquer horário.,saudacao,saudacao
fechado 3pm brasil !,outros,nao_entendi
daniela.masson@hotmail.com,outros,nao_entendi
obrigada ! até lá,agradecimento,agradecimento
stellathomazbastos@gmail.com,outros,nao_entendi
funciona,outros,nao_entendi
😍,outros,nao_entendi
onde e a loja?,onde_comprar,outros
"toque em ""continuar"" para aceitar ou recusar o pedido.",outros,nao_entendi
11-991428141,outros,nao_entendi
"ola meninas seguem meus contatos: +1(917)868-9790 daniela.masson@hotmail.com muito bom falar com vcs ontem, obrigada ! falamos na sequência por whatsapp 🌷",onde_comprar,saudacao
eu estou vendo mesmo que está demorando. mas super obrigada! bom final de semana brenda,agradecimento,outros
adorei!!!! 😘😘🌷,outros,outros
esse é o fechado,outros,nao_entendi
já tô seguindo 👊🏻,outros,nao_entendi
acabei de comprar um conjunto. se não servir posso trocar? pelo seu cep deve ser perto da minha casa. o meu 04531-020,troca_devolucao,outros
estou vendo pelo celular sim.,outros,nao_entendi
tá joia.,outros,nao_entendi
muito obrigada pela atenção!,agradecimento,agradecimento
a calça ficou sobrando muito atrás.,duvida_tamanho,outros
"olá, boa noite",saudacao,saudacao
gostaria de saber o tamanho da cintura dessa calça no tamanho m,duvida_tamanho,tamanho_modelagem
maravilha!,outros,nao_entendi
mto obrigada msm,agradecimento,agradecimento
oieee,saudacao,outros
bom dia,saudacao,saudacao
"caso não fique com, como funciona a troca?",troca_devolucao,outros
ahhh maravilha,outros,nao_entendi
mto obrigada,agradecimento,agradecimento
ainda hj vou efetuar a compra da calça,outros,nao_entendi
"e eu, como estou na praia, torcendo para não baixar!!!!!🤣🤣🤣",outros,nao_entendi
😍,outros,nao_entendi
😍,outros,nao_entendi
👏,outros,nao_entendi
bia gosto muito das suas bolsas . poderia passar umas dicas ?? não encontrei no seu site …,outros,outros
olá bia tudo bem?,saudacao,saudacao
"tudo bem bia gostaria muito de saber se nesta sua plataforma vc assiste aos clientes em encontrar produtos, lojas, etc?",outros,outros
é fato! perguntei pois está a procurando uma peça e não encontrava,outros,nao_entendi
mas super entendi e aproveito pra agradecer e elogiar seu trabalho,outros,agradecimento
beijos,despedida,nao_entendi
😍,outros,nao_entendi
👏,outros,nao_entendi
👏,outros,nao_entendi
"olá! onde encontro os sapatos? este e as gladiadoras, especialmente.",saudacao,outros
na torcida ❤️,outros,nao_entendi
"olá, boa tarde",saudacao,saudacao
preciso de uma ajudinha com o meu pedido,outros,outros
olá,saudacao,saudacao
"olá , bom dia",saudacao,saudacao
eu comprei a calça pantalona branca no dia 13/08,disponibilidade,outros
e ainda não chegou,outros,nao_entendi
vc consegue rastrear o meu pedido?,prazo_entrega,outros
aiiiin que pena,outros,nao_entendi
eu queria usar nas fotos que irei fazer amanhã,outros,nao_entendi
olá!!,saudacao,saudacao
meu pedido chegou hj!!,outros,nao_entendi
"mas, ficou grande😫",troca_devolucao,nao_entendi
como é o processo da troca?,troca_devolucao,outros
tem cupom de desconto primeira compra?,preco_pagamento,formas_pagamento
boa tarde. gostaria de saber se vocês enviam para fora do brasil. obrigada.,saudacao,nao_entendi
e esses sapatos incríveis? teremos a chance de tê-los? rs,outros,nao_entendi
bom dia! ontem tive o prazer de conhecer vc ao vivo! eu estava no mil plantas! vc e lindíssima! ❤️,saudacao,saudacao
bom dia. comprei esta blusa mas a parte que passa encima do ombro está solta. é assim mesmo? podemos falar para eu entender melhor? obrigada. meu cel 983389576,saudacao,outros
"obrigada pelo retorno! namoro o modelo gladiador, me lembro dele, mas quando fui procurar, já não tinha mais 😐",agradecimento,nao_entendi
reagiu com 😢 à sua mensagem,outros,nao_entendi
obrigada. no aguardo que seja disponibilizado o envio.,agradecimento,outros
muito obrigada,agradecimento,agradecimento
oi,saudacao,nao_entendi
pode me chamar novamente por favor?,outros,outros
11,outros,nao_entendi
993811193,outros,nao_entendi
olá bom dia,saudacao,saudacao
td bem?,outros,outros
"sobre a troca da calça que comprei (quero trocar por um tamanho menor). recebi um e-mail de vcs no dia 29/08/24 , respondi mas, dps disso não tive mais retorno",troca_devolucao,outros
conseguem me ajudar por aqui?,agradecimento,outros
olá! por favor vcs tem desconto para a primeira compra? obrigada!,preco_pagamento,formas_pagamento
oie,saudacao,outros
mto obrigada pelo retorno,agradecimento,agradecimento
obrigada!,agradecimento,agradecimento
oiee! bom dia,saudacao,saudacao
"sim! a carol entrou em contato comigo! uma fofa , super atenciosa",outros,nao_entendi
"olá bia! te vi no post da teti gio amei o seu perfil eu tenho uma marca de joias autorais, com design minimalista e ouro sustentável adoraria te apresentar @eunoyah_jewelry também gostaria de conversar sobre divulgacao, se houver interesse, claro :) muito obrigada um abraço evelyn",saudacao,saudacao
ambos :),outros,nao_entendi
bom dia!,saudacao,saudacao
como posso fazer essa apresentacao?,outros,nao_entendi
obrigada pelo retorno,agradecimento,agradecimento
obrigada ;) enviarei!,agradecimento,agradecimento
bia! esse seu curadobia está um arraso! muito tentador. parabéns pelo projeto. uma dúvida: qual a sua altura? estou interessadíssima nessa calça mas sou baixa (160cm) e geralmente tenho que fazer a barras das calças - o que não é muito fácil com essa… 😅 obrigada,agradecimento,outros
gosto da calça assim mais curta! visto entre 38-40 (quadril 95),duvida_tamanho,tamanho_modelagem
"ola, tudo bem? meu nome é gisela, acabei de fazer um pedido.",saudacao,outros
consegue me informar de onde é essa sandália?,outros,outros
ah que bom!! é lindíssima!! parabéns.,outros,outros
"deixa eu tirar outra dúvida, vc faz consultoria de imagem/estilo tb? se sim, como funciona?",outros,nao_entendi
já tentei três vezes. será que pode ser o tamanho?,duvida_tamanho,tamanho_modelagem
gostaria de saber qual a altura e medidas da bia pra entender melhor o tamanho de referência.,duvida_tamanho,tamanho_modelagem
obrigada,agradecimento,agradecimento
"muito obrigada, legal que sou do mesmo tamanho que ela!",duvida_tamanho,outros
"oi, as compras são direto no site?",saudacao,nao_entendi
olá! bom dia,saudacao,saudacao
eu amei a blusa branca tcharam 🥰,disponibilidade,outros
mas gostaria de experimentar antes de comprar. é possível? meu cel (11) 99904-7575,outros,outros
obrigada,agradecimento,agradecimento
ops é a blusa pah,outros,nao_entendi
maravilha 🙌🏼,outros,nao_entendi
"bom dia. estou interessada na blusa pah, mas estou em dúvida quanto ao tamanho. minhas medidas: busto 92 cm e cintura 75 cm.",duvida_tamanho,tamanho_modelagem
m,duvida_tamanho,outros
"não gosto de nada apertado, mas essa blusa tem um shane mais ajustado. daí fiquei na dúvida.",disponibilidade,disponibilidade
"ok, obrigada.",agradecimento,agradecimento
qual tamanho?,duvida_tamanho,tamanho_modelagem
"eu quero comprar esses acessórios, como faço?",outros,outros
aguardo ansiosa pelos seus pisantes na curadobia,outros,nao_entendi
"amoooo suas rasteiras, não são da sua lj, mas poderia indicar aonde têm aquela custo benefício?",disponibilidade,outros
"ok, muito obrigada 😊",agradecimento,agradecimento
reagiu com 👍 à sua mensagem,outros,nao_entendi
😍,outros,nao_entendi
oii o site curadobia está fora do ar?? fui visitar através dos link da bio e não funcionou ... bjs,saudacao,outros
vou olhar aqui meu anti virus.. pq ele bloqueia o curadobia... veja:,outros,nao_entendi
olá! tudo bem? tem cupom para 1a compra?,cupom_primeira,outros
"fui olhar para comprar o tamanho 1 dessa calça, porém a largura da cintura e do quadril eh a mesma - 98",duvida_tamanho,tamanho_modelagem
eh isso mesmo?,outros,nao_entendi
muito obrigada pelos esclarecimentos,agradecimento,agradecimento
vcs tem desconto para primeira compra?,preco_pagamento,formas_pagamento
"bom dia! gostaria de adquirir essa calça, mas não está mais disponível. podem me ajudar? obrigada",disponibilidade,outros
obrigada!,agradecimento,agradecimento
"oiii! tudo bem? me chamo caroline sou formada em marketing e trabalho como social media tem um tempinho, estou a procura de uma nova oportunidade no mercado de trabalho. gostaria de saber se tem um espacinho no time de vocês, vou deixar o meu número, e-mail e portfólio. caso queria marcar uma call para falarmos mais estou por aqui. cel: (11) 94443-8896 e-mail: cspereiramkt@gmail.com portfólio: https://cspereira.my.canva.site/ obrigada desde já 💖",disponibilidade,outros
"oieee, obrigada de verdade 💖",saudacao,agradecimento
https://www.instagram.com/minimadeia/profilecard/,onde_comprar,nao_entendi
tutu. meu filho é tutu. arthur kkkk,outros,nao_entendi
😍,outros,nao_entendi
https://www.instagram.com/_nata.oficial/profilecard/,onde_comprar,nao_entendi
e a calça é de onde?,outros,nao_entendi
obrigada,agradecimento,agradecimento
ola! por favor algum retorno?,saudacao,outros
bom dia! consegue me mandar o vídeo?,saudacao,saudacao
que legal! vai ajudar muito!,agradecimento,outros
deu certo mas a peça que eu queria acabou…,outros,nao_entendi
obaaaa,outros,nao_entendi
"a jaqueta branca. uma pena eu não conseguir comprar por problemas técnicos, uma experiência de consumidor mto ruim",disponibilidade,outros
😍,outros,nao_entendi
como comprar ?,onde_comprar,nao_entendi
parabéns!!! excelente ideia!!! vim pelo insta da glória kalil 😍 - torcendo por mais um sucesso!,onde_comprar,outros
😍,outros,nao_entendi
ibaaaa,outros,nao_entendi
experimentei essa jaqueta. maravilhosa,agradecimento,nao_entendi
tenho interesse nessa jaqueta,outros,nao_entendi
👏,outros,nao_entendi
https://www.instagram.com/tatho.brasil/profilecard/,onde_comprar,nao_entendi
👏,outros,nao_entendi
https://www.instagram.com/agola__/profilecard/,onde_comprar,nao_entendi
👏,outros,nao_entendi
adoro…!,outros,nao_entendi
você é linda e de uma delicadeza admirável,outros,nao_entendi
lindíssima,outros,nao_entendi
😍,outros,nao_entendi
😍,outros,nao_entendi
😍,outros,nao_entendi
onde posso comprar?,outros,outros
"bom dia! sou a gianina marques, mineira, mãe e autora de joias artesanais. gostaria de deixar meu insta para vcs conhecerem minhas joias feita com carinho e totalmente exclusiva. aguardo o retorno de vcs q tem tanto conhecimento na área. desde já obrigada! @gianinamarques",disponibilidade,outros
eu amei a que tem a ponta. duvida. tem que ter tornozelo fino? obrigada,disponibilidade,nao_entendi
legal. obrigada,agradecimento,agradecimento
não tenho nada da paula ferber. a numeração é normal a forma?,duvida_tamanho,tamanho_modelagem
já vi e amei!! esperando a virada do cartao pra perder os juízo!,preco_pagamento,nao_entendi
👏,outros,nao_entendi
vocês tem loja física?,disponibilidade,outros
comprei a jaqueta 😻,outros,nao_entendi
oii comprei a bico fino. o dedo fica um pouquinho de lado pra fora né? mas super confortável,duvida_tamanho,nao_entendi
lindaaaa,outros,nao_entendi
acha melhor pegar maior?,outros,outros
11 99635.2663,outros,nao_entendi
vou amanhã. obrigada,agradecimento,outros
"muito obrigada, elas entraram em contato comigo. realmente a sandália é linda , mas infelizmente fico um pouco fora $$$ pra mim !",agradecimento,outros
reagiu com 👍🏿 à sua mensagem,outros,nao_entendi
obrigada,agradecimento,agradecimento
já comprei! e acabou de chegar!!,outros,nao_entendi
https://www.instagram.com/wendyelborin/profilecard/,onde_comprar,nao_entendi
ai..me ajuda com o vídeo …. ainda não usei a blusa!!,outros,outros
https://www.instagram.com/usemyk/profilecard/,onde_comprar,nao_entendi
essa sandália calça certo ?calço 36 .será que preciso comprar 37 ?,duvida_tamanho,outros
obrigada !!,agradecimento,agradecimento
ola!,saudacao,saudacao
fiz uma compra de um casaco com vcs e não vestiu bem. gostaria de trocar por uma calça fresquinha tamanho m.,troca_devolucao,outros
alguém poderia entrar em contato comigo por e-mail ou whatsapp? o site de vcs parece que está com problemas. não funciona direito não.,onde_comprar,outros
meu tel 21 99245-3454,outros,nao_entendi
email: adrianaleitecarvalho@gmail.com,outros,outros
muito obrigada!,agradecimento,agradecimento
este é meu whatsapp…,onde_comprar,outros
qual foi a mensagem?,outros,nao_entendi
é acolchoada ?,outros,nao_entendi
reagiu com 👍 à sua mensagem,outros,nao_entendi
muito estilo,outros,nao_entendi
lindas !!,outros,nao_entendi
"bom dia tudo bem? então eu tenho mito daqueles vestidos , com estampas, e alguns até são estampas geométricas e todas as opções possíveis . como posso fazer que não fiquem parecendo quando usar aquelas roupas que não tem nada haver comigo . eu estou em uma fase de camisa, calça jeans bem moderna . e roupas mais discretas . mas é esses vestido como usar ?",disponibilidade,disponibilidade
caraca muito!,outros,nao_entendi
https://www.instagram.com/___lourie___/profilecard/,onde_comprar,nao_entendi
"boa tarde, me interessei pelos macacões, com zíper mostrados pela bia.",saudacao,outros
macacões com mangas,outros,nao_entendi
gostei da corrente dourada também.,outros,nao_entendi
"os brincos argola frontal, não sei o nome da peça kkk",outros,nao_entendi
oi bia. sou erika dos @brincosdiferentes. gostaria de saber como você trabalha em relação a promoção de produtos. meus brincos são autorais e os fabrico a 39 anos. a produção é 100% nacional. fabricamos desde a liga do metal até o banho de ouro 18k. nossos brincos são todos bordados a mão com um finíssimo arame de cobre e depois banhado a ouro. espero seu contato. obrigada.,saudacao,outros
"por favor , me interessei por este macacão . quais tamanhos e como comprar ?",duvida_tamanho,outros
obrigada pelo retorno,agradecimento,agradecimento
teria as medidas do 42,duvida_tamanho,tamanho_modelagem
"pois sou , em algumas marcas , 44",duvida_tamanho,tamanho_modelagem
"e em outras , 42",duvida_tamanho,tamanho_modelagem
estou tentando contato para devolução de mercadoria e ninguém me atende! nem por whatsapp e nem e-mail. comprei um vestido que quero devolver. como devo proceder? cristina hees 11 970499507,troca_devolucao,outros
e quadril ?,duvida_tamanho,outros
vou checar as minhas medidas e volto com vcs,duvida_tamanho,outros
macacão precisa ser mais soltinho,outros,nao_entendi
"oi bia, tudo bem? me chamo alice, sou sócia da monti, uma marca de moda que preza por estilo atemporal e peças de qualidade. estamos buscando consultoras de imagem parceiras para recomendar nossas peças aos seus clientes, e pensei que poderíamos criar algo bem legal juntas! o que acha de agendarmos um papo para te contar mais sobre a nossa história e a ideia de parceria? fico no aguardo!",pedido_sugestao,outros
ok,outros,nao_entendi
falamos por lá,outros,nao_entendi
"ainda não , super correria",outros,nao_entendi
"olá, quanto custa a pantalona?",preco_pagamento,outros
"olá, eu encontro as medidas no site?",duvida_tamanho,outros
e a blusa?,outros,outros
😍,outros,nao_entendi
"oiee tudo bem? amei a bota, tem curadoria dela? bjos",disponibilidade,nao_entendi
"queria ver sua sapateira pq tudo é lindíssimo, mas seus sapatos são escolhidos a dedo, tudo a ver com vc sempre… esse é da laiá né?",outros,nao_entendi
uhuu,outros,nao_entendi
👏,outros,nao_entendi
"linda calça, qual é a marca?",outros,outros
de onde é a sandália linda?,outros,nao_entendi
reagiu com 👍 à sua mensagem,outros,nao_entendi
https://www.instagram.com/durgashop/profilecard/,onde_comprar,nao_entendi
https://www.instagram.com/voceamara/profilecard/,onde_comprar,nao_entendi
"claro, mando tudo la",outros,nao_entendi
obrigada pelo retorno!,agradecimento,agradecimento
"olá, tudo bem?! meu nome é leonardo, trabalho na importadora @lulitex_textil @lulitexfashion vi o instagram da marca e vocês tem o perfil lulitex, muito sofisticação e bom gosto. trabalhamos com pronta entrega e importação de tecidos exclusivos de acordo com a demanda do cliente. nosso showroom tem um acervo enorme. será um prazer recebe-los em uma visita. poderia me passar o contato do estilo ou compras? desde já agradeço a atenção. att, leonardo josé e-mail: leonardo@lulitex.com.br pabx: +55 11 2105 1541 whatsapp: 11 9.9600-2547 www.lulitex.com.br",prazo_entrega,outros
😍,outros,nao_entendi
olá!! como vai funcionar? onde vai ser? obrigada!!,saudacao,saudacao
https://www.instagram.com/giom.ei/profilecard/,onde_comprar,nao_entendi
de onde é esse macacão maravilhoso!!! amo ❤️,agradecimento,outros
"bom dia gostei muito de uma calça mais gostaria de ter informações dos tamanhos , se te tabela de medidas , como faço para saber , poderiam me ajudar ? no aguardo grata adriana baggio",duvida_tamanho,tamanho_modelagem
"olá vcs tem uma tabela de medidas para essa calça , amei e gostaria de escolher o tamanho certo visto 40 e tenho 1.05 de quadril , então não tenho certeza do p ou m poderiam me ajudar ? no aguardo grata adriana baggio",duvida_tamanho,tamanho_modelagem
"certo, obrigada !!! o prazo de entrega são 19 dias mesmo ?",prazo_entrega,outros
"oi, pessoal, tudo bem? mariele da icon aqui. adoraria apresentar a agência e os talentos que representamos para vocês. acredito que temos uma super sinergia e que seria lindo colaborarmos futuramente! qual o melhor contato para falarmos disso, por favor? muito obrigada!",saudacao,outros
👏,outros,nao_entendi
tô chegando!,outros,nao_entendi
🖤🖤🖤,outros,nao_entendi
"precisei sair correndo por um problema com minha filha, que ja esta bem! mas nem consegui me despedir! obrigada queridas pelo convite!!!",agradecimento,outros
❤️❤️,outros,nao_entendi
😁😁,outros,nao_entendi
"aaaah, perdi! quando vai ter offline de novo?",outros,outros
😍,outros,nao_entendi
🥰,outros,nao_entendi
obrigada pelo convite! adorei a minha sandalia nova! ♥️,agradecimento,outros
👏,outros,nao_entendi
boa tarde! a jaqueta off da nauanim voltou?,saudacao,outros
😍,outros,nao_entendi
"sim, obrigada",agradecimento,agradecimento
😮,outros,nao_entendi
https://www.instagram.com/luiseramirezbrand/profilecard/,onde_comprar,nao_entendi
https://www.instagram.com/numerodez.numerodez/profilecard/,onde_comprar,nao_entendi
😍,outros,nao_entendi
o site está passando por problemas?,outros,nao_entendi
"oi pessoal! tudo bem? acredito que essa calça tenha esgotado, certo? vai ter reposição dela? aguardo retorno! obrigada, milene",disponibilidade,outros
perfeito! fico no aguardo! abraço,agradecimento,nao_entendi
ola boa tarde tudo bem? tenho uma confecção trabalho com tecido plano e malha faço todo desenvolvimento da peça começando da peça piloto e entrego a produção passada e embalada caso tenha interesse meu número é 11948549084 obrigada,saudacao,outros
😍,outros,nao_entendi
que roupa bonita,outros,nao_entendi
"olá! primeiramente quero dizer que a curadobia está fantástica! vi que vários produtos estão indisponíveis no site, como a blusa pah e phyna por exemplo tem alguma previsão de retorno ao estoque?",disponibilidade,disponibilidade
reagiu com 💜 à sua mensagem,outros,nao_entendi
"obrigada pelo retorno! vou acompanhar, então. beijo beijo 💋 💋",agradecimento,outros
"olá! sua curadoria, projeto editorial e gráfico, são incríveis. parabéns! mas sua plataforma de e-commerce não funciona bem, estou desde ontem tentando fazer compras, mas páginas não carregam, carrinhos esvaziam. muito difícil!",saudacao,outros
"olá, tudo bem? seriam essas peças:",saudacao,outros
"as duas camisas, o body, a calça e o colar. eu visto p.",duvida_tamanho,nao_entendi
adorei a dica!,outros,nao_entendi
"olá, fiz uma compra com vocês. tudo certo?",saudacao,outros
oba! ❤️,outros,nao_entendi
"oi, pessoal. tudo bem? estou com dúvida sobre numeração de uma peça de vocês. aguardo retorno, obrigada! milene",duvida_tamanho,outros
tudo bem e vocês?,outros,outros
joia,outros,nao_entendi
estou de olho nessa peça aqui 👇🏻,outros,nao_entendi
porém na dúvida do melhor tamanho,duvida_tamanho,tamanho_modelagem
eu costumo usar p ou pp se a confecção é grande,duvida_tamanho,tamanho_modelagem
36 ou 38,duvida_tamanho,tamanho_modelagem
não rsrs,outros,nao_entendi
vou olhar,outros,nao_entendi
"na verdade eu já assisti ao vídeo do casaco no site curadobia várias vezes para tentar chegar a essa conclusão, mas não consegui",outros,nao_entendi
"posso trocar, caso eu experimente e prefira uma maior?",troca_devolucao,outros
outra dúvida é sobre o tom certinho dessa jaqueta. no site achei que estava num tom diferente dos stories,outros,nao_entendi
perfeito,agradecimento,outros
eu amo todos os seus looks! combina 100% com o meu estilo! queria ter todas as peças para mim! pena que moro do outro lado do mundo.,pedido_sugestao,outros
https://revistamarieclaire.globo.com/moda/noticia/2024/08/bia-paes-de-barros-usa-expertise-em-consultoria-de-moda-e-lanca-curadoria-de-pecas-em-site-de-garimpo.ghtml?fbclid=pazxh0bgnhzw0cmteaaabtooq7rft69-14p2vewwiwwndqxvdl2mr4hkmrlgelvmjri66dz7p8__4_aem_r0ojw7surovb9xnwndzvwq,outros,nao_entendi
bom dia,saudacao,saudacao
entrar em contato com a luciana nossa gerente comercial no email gerencia@elisaatheniense.com.br,outros,outros
por nada!,outros,nao_entendi
"olá, tudo bem e com vcs ? vi que vcs enviaram um e-mail para nós, vou responder vcs por lá, ok? um beijo e muito obrigada pelo contato <3",saudacao,saudacao
oi,saudacao,nao_entendi
a regata chiquetosa vai voltar pro estoque?,disponibilidade,outros
reagiu com 🖤 à sua mensagem,outros,nao_entendi
e a regata arrumadona?,outros,nao_entendi
volta pro estoque?,disponibilidade,outros
boa tarde!! fiz um pedido de uma blusa brilhei no dia 13/01. não recebi nenhum e-mail de confirmação. será que está tudo certo? meu nome é cristiane rocha loures brenner.,saudacao,saudacao
ok! obrigada. vi que foi lançado no meu cartão de crédito.,preco_pagamento,nao_entendi
"olá curadobia, tudo bem? agradecemos o interesse pela marca. para garantir que você receba a atenção e cuidado adequados, pedimos a gentileza de encaminhar mais informações como contatos, rede social e portfólio para mkt.conteudo@escuderoonline.com.br. nossa equipe de marketing é especializada nesse assunto. dessa forma, tenho certeza de que eles avaliarão e, se houver interesse, entrarão em contato prontamente. fique à vontade para entrar em contato caso tenha alguma dúvida. estamos aqui para ajudar.",saudacao,outros
ei ana,outros,nao_entendi
tudo bem?,outros,outros
em março eu vou produzir reposição e cores novas de tudo,disponibilidade,outros
agora estou organizando as coisas,outros,nao_entendi
aí entro em contato vocês,outros,nao_entendi
pode ser?,outros,nao_entendi
oi!,saudacao,nao_entendi
a regata arrumadona m,duvida_tamanho,nao_entendi
olá!! obrigada. qual a previsão de entrega?,prazo_entrega,outros
"como uma crítica construtiva, vcs deveriam mandar um e-mail para confirmar o pedido. compro bastante on-line e sempre vem o e-mail do status do pedido!! o cliente fica mais seguro da compra.",duvida_tamanho,nao_entendi
sim,outros,nao_entendi
vamos marcar ☺️,outros,nao_entendi
eu não recebi a confirmação dessa compra,outros,nao_entendi
"oi ana a marcia fonseca esta em contato com vc, ne? vamos conversar sim, a fernanda tem mto interesse",disponibilidade,nao_entendi
sim,outros,nao_entendi
pode,outros,nao_entendi
ok!! entendi. obrigada pelo retorno. um abraço,agradecimento,agradecimento
"oiii boa tarde , me chamo talita e sou figurinista na emissora cnbc @cnbc licenciada pela @otimesbrasil , uma emissora nova que transmite jornalismo de negócios e é lider mundial no seu segmento. temos no nosso elenco grandes nomes do jornalismo incluido carol barcellos , rita wu, erica reis , christiane pelajo , zeca camargo, natalia ariade estou apenas dando um exemplo do time de peso que faz parte da emissora. as meninas são a cara da marca, elas postam , marcam o @, tem o manequim otimo e sao mega fotogênicas. podemos alinhar a produção , me ajudem rs vai ser uma parceria incrivel ! um beijo e aguardo retorno",disponibilidade,outros
"olá, tudo bem? entre em contato com nosso comercial, 085987859507",saudacao,saudacao
oie,saudacao,outros
chama no mkt@gammba.com,outros,nao_entendi
"bia, tudo bem? tenho uma festa bem legal e o traje é black and white. pensei na blusa pah, mas queria saber se o tecido fica vistoso e se você recomenda alguma calça mais festa para combinar. beijos julie",duvida_tamanho,outros
boa noite ! haverá reposição da saia única preta no tamanho 1 ?,duvida_tamanho,outros
ok obrigada,agradecimento,agradecimento
"oi time da curadobia tudo bem? sou joana, sigo o perfil e amo! tem uma calça que vi numa propaganda, que me apaixonei, mas não encontrei no site. queria saber de onde ela é, por favor. se puderem, vocês me contam? super obrigada! bj",disponibilidade,outros
https://www.instagram.com/ac.gromann?igsh=mwe4dtziy2izetaxnw==,onde_comprar,nao_entendi
oi boa tarde,saudacao,saudacao
adquiri uma máxi pantalona valéria mansur,outros,nao_entendi
p,duvida_tamanho,nao_entendi
ficou enorme,duvida_tamanho,outros
como proceder p troca?,troca_devolucao,outros
"obrigada pelo retorno, as peças são incríveis! é que me apaixonei por essa calça, então foi ela que me prendeu o olhar! 😉☺️",agradecimento,outros
até agora nada!,despedida,nao_entendi
"eu sugiro q vcs verifiquem melhor as parcerias de fornecedores, pois não comprarei mais nesta curadoria! infelizmente, gosto mto do trabalho da bia… mas assim inviabiliza!",outros,outros
"olá meninas, tudo bem? comprei a saia preta da d aura em outubro, precisei trocar (foram rapidíssimos), mas só hoje eu soube que não levaram a sacola com a peça a ser trocada (ficou este tempo todo na minha portaria). como faço?",troca_devolucao,disponibilidade
linda gladiadora!,outros,outros
sim!,outros,nao_entendi
"na verdade foi o porteiro, rs!",outros,nao_entendi
"tranquilo, obrigada!",agradecimento,agradecimento
reagiu com 👍 à sua mensagem,outros,nao_entendi
já respondi! sim no wzap,outros,nao_entendi
vocês irao vender oysho????,outros,nao_entendi
é o pedido 502!,outros,nao_entendi
olá tudo bem ana e vc? que bacana… vou passar o whatsapp da maiá pode falar com ela por gentileza! 11-983268095,onde_comprar,outros
vou seguir.,outros,nao_entendi
que honra 😍😍😍,outros,nao_entendi
já comprei 3 peças da curadobia,outros,nao_entendi
amando ♥️♥️♥️,outros,nao_entendi
😍,outros,nao_entendi
linda essa blusa,outros,outros
não tem mais numeração 37,duvida_tamanho,outros
boa noite.,saudacao,saudacao
"estou com duvidas sobre o tamanho da saia unica, visto 42 , mas as medidas no quadro de tamanhos parecem grandes, mas existe a informação de que o tamanho 1 corresponde ao 36….",duvida_tamanho,tamanho_modelagem
bom dia … obrigada 🙏🏻,saudacao,saudacao
poxa… que pena… quando tiverem me avise por favor,outros,nao_entendi
ok,outros,nao_entendi
obrigada,agradecimento,agradecimento
cadê? quero,outros,nao_entendi
"bia, td bom? não estou conseguindo finalizar a compra da ""regata podrinha"". coloquei os dados do cartão e no campo cvv eu ponho os números mas o sistema ignora que eu coloquei. tentei várias vezes, acho que está com problema…",preco_pagamento,outros
que lindoo😍,outros,nao_entendi
👏,outros,nao_entendi
"boa tarde, pessoal! tudo bem? estava namorando um macacão verde no site da marca d-aura, porém não localizei mais 😕. saiu de coleção? não terá reposição? aguardo. obrigada milene",disponibilidade,outros
tudo bem também. que pena 😕 eu queria exatamente o verde! 😩,outros,nao_entendi
vai ter reposição dessa calça?,disponibilidade,outros
ola! muitíssimo obrigada 💋,saudacao,agradecimento
que calça maravilhosa,agradecimento,nao_entendi
qual o preço?,preco_pagamento,formas_pagamento
"link da calça, por gentileza",outros,outros
"olá, sou o gerente de vendas da pg game platform. quero falar com você sobre parcerias. nossa plataforma foi licenciada conjuntamente pelo governo federal brasileiro e pelo governo de curaçao em outubro. você pode se juntar a nós e lhe daremos altas comissões. entre em contato comigo pelo whatsapp: +13434802605",onde_comprar,outros
gostaria a camisa branca tamanho m. é possível?,duvida_tamanho,tamanho_modelagem
"ola pessoal ! tudo bem?! sou a lalá cunha (@laisfcunha) e vim contar um pouco sobre o @coracora_studio estamos em sp e fazemos fotografia, vídeos em formato reels, direção de arte e styling para marcas, de acordo com a sua necessidade. fazemos trabalhos exclusivos para as marcas e, em breve (final de março) também faremos o nosso próximo shooting collab, uma diária criada para incluir várias marcas que têm produtos a serem fotografados, necessitam de um material de qualidade, mas que não querem ter um alto valor de investimento nisso. o proximo collab será em uma locação linda e as modelos foram escolhidas à dedo, e acho que combina muito com a marca de voces. abaixo mando mais infos. vamos conversar sobre essas possibilidades? fico aqui a disposição abraços, lalá 11 972686892",preco_pagamento,outros
"olá!! bom dia!! sou muito fã da bia, mas nunca comprei no curadoria. uma dúvida: como faço para escolher um tamanho com mais segurança? tem uma tabela de medidas para servir de referência? obrigada",duvida_tamanho,tamanho_modelagem
🔥,outros,nao_entendi
que lindo tudo!,outros,nao_entendi
"olá! bom dia! roupas lindas aqui! mas não encontrei muitas opções de tamanhos maiores. é isso mesmo? tenho uma cliente que se enquadraria perfeita nesse estilo mais contemporâneo, mas é um tamanho g, gg. 44/46. poderiam me sugerir algumas opções?",duvida_tamanho,tamanho_modelagem
olá! muito obrigada!! vou ver em breve!!,saudacao,saudacao
preço?,preco_pagamento,formas_pagamento
oii,saudacao,nao_entendi
obrigada! eu aviso sim!! gostei bastante! vou levar para a cliente.,agradecimento,outros
olá! tudo bem? teria um contato do responsável da marca ou comercial para falarmos? obrigada carol 🤍,saudacao,saudacao
"olá, td bem? fiz uma compra com vc e recebi apenas o tricot. vc pode me ajudar ? muito obrigada desde já !",saudacao,outros
não estou conseguindo entrar no site para fazer compra,outros,nao_entendi
oiee,saudacao,outros
gosto muito dos looks mas percebo que ha muito jogo c volumes,pedido_sugestao,outros
nao sei se ficaria legal p quem esta um.pouco acima do peso,duvida_tamanho,outros
sua roupa jeans é de onde?,outros,outros
"perfeito, ana. obrigada pelo retorno. 😊",agradecimento,agradecimento
ameiiiiiiii,outros,nao_entendi
"olá!! tudo bem? estou apaixonada por essa jaqueta bacanuda da foto. o preço de 546, pula pra setecentos e tanto na hora de comprar. é isso mesmo? entra um valor de comissão na hora da compra?",preco_pagamento,outros
obrigada,agradecimento,agradecimento
uma coisa de lindo!,outros,nao_entendi
oi! esse conjunto marrom é vendido também ?,saudacao,outros
obrigada,agradecimento,agradecimento
bom dia. gostei da calça. vai ter no site? obrigada,saudacao,outros
"bia, você acaba comigo com tantas coisas lindas do curadobia!!! queria muito que tivesse frete internacional ( canadá) eu fico aqui babando!!!! 😍",prazo_entrega,outros
"oi ana, obrigada pela resposta! bom, eu vou continuar na torcida pra esse frete internacional se materializar um dia desses pq a gente quer comprar essas coisas lindas e usar logo, né? … infelizmente com o preço do dólar não tenho recebido as amigas aqui tão frequentemente mas é uma boa ideia também - obrigada!!!!",prazo_entrega,outros
nossa . perfeito,agradecimento,outros
bem e vc ana!! muito obrigada,agradecimento,agradecimento
"deu certo, sim. obrigada",agradecimento,agradecimento
adorei! como funciona ?🤩,outros,nao_entendi
"oi ana boa tarde! obrigada pelo contato. sim, estou interessada. tentei comprar após a mensagem da bia mas ainda estava indisponível",saudacao,outros
"ótimo, me avise por favor. um abraço e obrigada",agradecimento,agradecimento
"visto g, qual tamanho seria? quais cores tem? tem a calça tb?",duvida_tamanho,tamanho_modelagem
uauuu ameiii! linda saia!,outros,nao_entendi
❤️,outros,nao_entendi
olá! esse conjunto ainda não está disponvel no site de vcs né ? poderia me dizer se onde é?,saudacao,outros
😍,outros,nao_entendi
fiz o processo 2x será q cobrou 2x?,outros,nao_entendi
ahh reptilia adoro,outros,nao_entendi
😍,outros,nao_entendi
qual a marca do tenis?,outros,nao_entendi
"oii, bia! tudo bem? por favor, de onde é essa calça? yes i am? procurei aqui no feed e não encontrei… obrigada!",saudacao,outros
legal mto obrigada 💚,agradecimento,agradecimento
obrigada!,agradecimento,agradecimento
"olá! bom dia! me chamo anelisa e gostaria de confirmar se meu pedido foi realizado. não sei se esse é o canal mais adequado para essa solicitação, mas como não achei no site um campo para falar com vocês, decidi vir aqui. fiz essa compra ontem pelo site e logo depois de finalizar, apareceu uma mensagem dizendo que o pagamento não estava confirmado. no entanto no site diz que o pagamento foi efetuado e não recebi nenhuma mensagem do banco dizendo que o pagamento foi negado. além disso também não recebi um e-mail com os dados do pedido. muito obrigada desde já!",saudacao,formas_pagamento
"oi, ana! tudo e você? beleza, obrigada!",saudacao,outros
essa tshirt vai estar no evento? namoro tanto ela,outros,nao_entendi
isso é curadobia hein!,outros,nao_entendi
"ahh pena! mas na hora certa, vai dar!",outros,nao_entendi
bia! será que a tshirt angela motta branca com uma manga bafônica vai ter amanhã? preciso dela,disponibilidade,outros
obaaa!❤️❤️❤️,outros,nao_entendi
eba!,outros,nao_entendi
muito obrigada pelo retorno!,agradecimento,agradecimento
endereço,outros,nao_entendi
"adorei, obrigada vcs!",agradecimento,agradecimento
chico neto cd maré mar whatsapp 11965621065 http://palcomp3.com/chiconetodaparaiba/,onde_comprar,nao_entendi
sua camisa é linda,outros,nao_entendi
lindo o evento! amei,agradecimento,outros
"oi, quanto custa a blusa modernosa? tem gg ?",preco_pagamento,disponibilidade
👏,outros,nao_entendi
🥰,outros,nao_entendi
😍,outros,nao_entendi
qual o endereço???,outros,nao_entendi
👏,outros,nao_entendi
😍,outros,nao_entendi
foi só hoje ou vai ficar mais tempo?,outros,nao_entendi
essa gladiadora!! qual o número? tem 37??,disponibilidade,outros
e tem ela preta?,disponibilidade,nao_entendi
"eu quero sim, mas vc poderia me enviar a foto do modelo só pra eu confirmar",outros,nao_entendi
"vou querer a 46, qual é sua chave pix?",preco_pagamento,outros
yes!!,outros,nao_entendi
37?? não creio,outros,outros
tô de olho faz tempooo,outros,nao_entendi
"tá ótimo, obrigada",agradecimento,agradecimento
certo. qual o link da compra?,outros,outros
maravilha,outros,nao_entendi
obrigada ana!!,agradecimento,agradecimento
compra realizada,outros,nao_entendi
eu não recebi email confirmando a compra...,outros,nao_entendi
"gostei do conjunto, mas não vi no site",outros,nao_entendi
🥰,outros,nao_entendi
foi muito legal,outros,nao_entendi
eu adorei !! ja usei minha saia hj,outros,nao_entendi
❤️❤️❤️❤️❤️,outros,outros
vamos pensar no q podemos fazer juntas🌺🌺,outros,nao_entendi
olá,saudacao,saudacao
como eu poderia rastrear minha compra?,prazo_entrega,outros
bom dia,saudacao,saudacao
por onde posso acompanhar o envio da minha compra?,outros,outros
obrigada,agradecimento,agradecimento
"oi tudo bem? está com algum problema no site para pagar com cartão de crédito, o código cvv some",preco_pagamento,outros
oiiii tudo bem?,saudacao,outros
quanto tá essa blusa?,outros,outros
obrigada,agradecimento,agradecimento
ok. obrigada 😊,agradecimento,agradecimento
olá algum cupom de desconto na primeira compra?,preco_pagamento,formas_pagamento
oi! tudo certinho por aí? 💚 somos a ēcru e trabalhamos com embalagens sustentáveis e personalizáveis feitas em algodão cru! nossos principais produtos são: 💚 necessaire 💚 saquinhos 💚 ecobags nos identificamos muito com a sua empresa e adoraríamos te apresentar nosso catálogo! posso te enviar mais informações pelo e-mail ou whatsapp? ah! também aceitamos propostas de orçamento ou cobrimos valores de outros fornecedores!,onde_comprar,outros
olá! como tirar dúvidas de tamanho da peça?,duvida_tamanho,tamanho_modelagem
"boa tarde. estava previsto pra chegar hoje minha encomenda, porém nada foi entregue",saudacao,outros
"vc poderia checar se houve algum problema com os correios de são paulo, pois nem chegou no correio de curitiba",outros,nao_entendi
quero comprar mas preciso saber se ela calça certinho o número do calço o número 35. devo comprar o mesmo?,outros,outros
parece que o contato por aqui não é satisfatório...,outros,nao_entendi
oie!! essa calça vai ter reposição na curadoria?,disponibilidade,disponibilidade_estoque
vc teria alguma informação sobre a minha encomenda?,outros,outros
"oie!!! são lindas... porém aquele modelo foi o que mais me agradou...mas tranquilo, super obrigada pela atenção",saudacao,nao_entendi
Bom dia. Gostei da calça. Vai ter no site? Obrigada,saudacao,outros
"Oi tudo bem? Está com algum problema no site para pagar com cartão de crédito, o código cvv some",preco_pagamento,outros
Que lindoo😍,outros,nao_entendi
Qual tamanho?,duvida_tamanho,tamanho_modelagem
Reagiu com 👍🏿 à sua mensagem,outros,nao_entendi
Cadê? Quero,outros,nao_entendi
"Obrigada pelo retorno, as peças são incríveis! É que me apaixonei por essa calça, então foi ela que me prendeu o olhar! 😉☺️",agradecimento,outros
"Oi Time da Curadobia tudo bem? Sou Joana, sigo o perfil e amo! Tem uma calça que vi numa propaganda, que me apaixonei, mas não encontrei no site. Queria saber de onde ela é, por favor. Se puderem, vocês me contam? Super obrigada! Bj",disponibilidade,outros
👏,outros,nao_entendi
Adorei! Como funciona ?🤩,outros,nao_entendi
Tô chegando!,outros,nao_entendi
Tutu. Meu filho é Tutu. Arthur kkkk,outros,nao_entendi
Tem cupom de desconto primeira compra?,preco_pagamento,formas_pagamento
Olá!! Como vai funcionar? Onde vai ser? Obrigada!!,saudacao,outros
De onde é esse Macacão maravilhoso!!! Amo ❤️,agradecimento,outros
Qual o preço?,preco_pagamento,formas_pagamento
Que calça maravilhosa,agradecimento,outros
Lindas !!,outros,nao_entendi
Reagiu com 👍 à sua mensagem,outros,nao_entendi
É acolchoada ?,outros,nao_entendi
Obrigada !!,agradecimento,agradecimento
Essa sandália calça certo ?Calço 36 .Será que preciso comprar 37 ?,duvida_tamanho,outros
Vocês irao vender Oysho????,outros,nao_entendi
😍,outros,nao_entendi
Oi BIA. Sou Erika dos @brincosdiferentes. Gostaria de saber como você trabalha em relação a promoção de produtos. Meus brincos são autorais e os fabrico a 39 anos. A produção é 100% nacional. Fabricamos desde a liga do metal até o banho de ouro 18k. Nossos brincos são todos bordados a mão com um finíssimo arame de cobre e depois banhado a ouro. Espero seu contato. Obrigada.,saudacao,outros
Ola! Muitíssimo obrigada 💋,saudacao,agradecimento
"Olá, Tudo bem? Entre em contato com nosso comercial, 085987859507",saudacao,saudacao
"Olá, eu encontro as medidas no site?",duvida_tamanho,outros
"Olá, quanto custa a pantalona?",preco_pagamento,outros
"Oiii boa tarde , Me chamo Talita e sou figurinista na emissora CNBC @cnbc licenciada pela @otimesbrasil , uma emissora nova que transmite jornalismo de negócios e é lider mundial no seu segmento. Temos no nosso elenco grandes nomes do jornalismo incluido Carol Barcellos , Rita Wu, Erica Reis , Christiane Pelajo , Zeca Camargo, Natalia Ariade estou apenas dando um exemplo do time de peso que faz parte da emissora. As meninas são a cara da marca, elas postam , marcam o @, tem o manequim otimo e sao mega fotogênicas. Podemos alinhar a produção , me ajudem rs vai ser uma parceria incrivel ! um beijo e aguardo retorno",disponibilidade,outros
Gostaria a camisa branca tamanho M. É possível?,duvida_tamanho,tamanho_modelagem
Mto obrigada msm,agradecimento,agradecimento
"Sim! A Carol entrou em contato comigo! Uma fofa , super atenciosa",outros,nao_entendi
Oiee! Bom dia,saudacao,saudacao
Mto obrigada pelo retorno,agradecimento,agradecimento
Oie,saudacao,outros
Conseguem me ajudar por aqui?,agradecimento,outros
"Sobre a troca da calça que comprei (quero trocar por um tamanho menor). Recebi um e-mail de vcs no dia 29/08/24 , respondi mas, dps disso não tive mais retorno",troca_devolucao,outros
Td bem?,outros,outros
Olá bom dia,saudacao,saudacao
Como é o processo da troca?,troca_devolucao,outros
"Mas, ficou grande😫",troca_devolucao,nao_entendi
Meu pedido chegou hj!!,outros,nao_entendi
Olá!!,saudacao,saudacao
Eu queria usar nas fotos que irei fazer amanhã,outros,nao_entendi
Aiiiin que pena,outros,nao_entendi
Vc consegue rastrear o meu pedido?,prazo_entrega,outros
E ainda não chegou,outros,nao_entendi
Eu comprei a calça pantalona branca no dia 13/08,disponibilidade,outros
"Olá , bom dia",saudacao,saudacao
Olá,saudacao,outros
Preciso de uma ajudinha com o meu pedido,outros,nao_entendi
"Olá, boa tarde",saudacao,saudacao
Ainda hj vou efetuar a compra da calça,outros,nao_entendi
Mto obrigada,agradecimento,agradecimento
Ahhh maravilha,outros,nao_entendi
"Caso não fique com, como funciona a troca?",troca_devolucao,outros
Bom dia,saudacao,saudacao
Oieee,saudacao,outros
Maravilha!,outros,nao_entendi
Gostaria de saber o tamanho da cintura dessa calça no tamanho M,duvida_tamanho,tamanho_modelagem
"Olá, boa noite",saudacao,saudacao
Lindíssima,outros,outros
😍,outros,nao_entendi
Obrigada! Eu aviso sim!! Gostei bastante! Vou levar para a cliente.,agradecimento,outros
Oii,saudacao,nao_entendi
Olá! Muito obrigada!! Vou ver em breve!!,saudacao,outros
"Olá! Bom dia! Roupas lindas aqui! Mas não encontrei muitas opções de tamanhos maiores. É isso mesmo? Tenho uma cliente que se enquadraria perfeita nesse estilo mais contemporâneo, mas é um tamanho G, GG. 44/46. Poderiam me sugerir algumas opções?",duvida_tamanho,tamanho_modelagem
Qual foi a mensagem?,outros,nao_entendi
Este é meu WhatsApp…,onde_comprar,outros
Ola!,saudacao,saudacao
Muito obrigada!,agradecimento,agradecimento
Email: adrianaleitecarvalho@gmail.com,outros,outros
Meu tel 21 99245-3454,outros,nao_entendi
Alguém poderia entrar em contato comigo por e-mail ou WhatsApp? O site de vcs parece que está com problemas. Não funciona direito não.,onde_comprar,outros
Fiz uma compra de um casaco com vcs e não vestiu bem. Gostaria de trocar por uma calça fresquinha tamanho M.,troca_devolucao,outros
"Olá Curadobia, tudo bem? Agradecemos o interesse pela marca. Para garantir que você receba a atenção e cuidado adequados, pedimos a gentileza de encaminhar mais informações como contatos, rede social e portfólio para mkt.conteudo@escuderoonline.com.br. Nossa equipe de marketing é especializada nesse assunto. Dessa forma, tenho certeza de que eles avaliarão e, se houver interesse, entrarão em contato prontamente. Fique à vontade para entrar em contato caso tenha alguma dúvida. Estamos aqui para ajudar.",saudacao,outros
Reagiu com 👍 à sua mensagem,outros,nao_entendi
"Amoooo suas rasteiras, não são da sua Lj, mas poderia indicar aonde têm aquela custo benefício?",disponibilidade,outros
"Bia, td bom? Não estou conseguindo finalizar a compra da ""regata podrinha"". Coloquei os dados do cartão e no campo CVV eu ponho os números mas o sistema ignora que eu coloquei. Tentei várias vezes, acho que está com problema…",preco_pagamento,outros
🔥,outros,nao_entendi
👏,outros,nao_entendi
Olá! Tudo bem? Tem cupom para 1a compra?,cupom_primeira,outros
Muito obrigada!! Tenham um bom fim de semana!,agradecimento,agradecimento
Você poderia me passar o contato dos responsáveis?!,outros,nao_entendi
"Somos uma produtora de áudio visual, e achamos que seria interessante apresentar o nosso trabalho e portifólio!",outros,outros
Tudo bem também!!,outros,nao_entendi
"Oii, tudo bem??",saudacao,outros
Sua camisa é linda,outros,nao_entendi
Quero comprar mas preciso saber se ela calça certinho o número do calço o número 35. Devo comprar o mesmo?,outros,outros
E a blusa?,outros,outros
E a calça é de onde?,outros,nao_entendi
"Muito obrigada, legal que sou do mesmo tamanho que ela!",duvida_tamanho,outros
Gostaria de saber qual a altura e medidas da Bia pra entender melhor o tamanho de referência.,duvida_tamanho,tamanho_modelagem
😍,outros,nao_entendi
"Oi Ana a Marcia Fonseca esta em contato com vc, ne? Vamos conversar sim, a Fernanda tem mto interesse",disponibilidade,nao_entendi
Maravilha 🙌🏼,outros,nao_entendi
Ops é a blusa Pah,outros,nao_entendi
Obrigada,agradecimento,agradecimento
Mas gostaria de experimentar antes de comprar. É possível? Meu cel (11) 99904-7575,outros,nao_entendi
Eu amei a blusa branca Tcharam 🥰,disponibilidade,outros
Olá! Bom dia,saudacao,saudacao
Ibaaaa,outros,nao_entendi
Obrigada! Beijinhos,agradecimento,outros
"Oi Bia, tudo bem? Adorei a @curadabia, (o nome ficou demais), e claro ja fui olhar as peças! Não localizei tabela de medidas! Porem, pelo tamanho das peças que vc veste o G provavelmente não vai caber em mim! Uso 46/48, a depender da confecção! Pense com carinho em fazer uma curadoria para tamanhos normais! Desejo muito sucesso nessa nova empreitada! Que Deus te abençoe! Bjos!",duvida_tamanho,tamanho_modelagem
Obrigada,agradecimento,agradecimento
Quanto tá essa blusa?,outros,outros
Oiiii tudo bem?,saudacao,outros
Oba! ❤️,outros,nao_entendi
"Olá, fiz uma compra com vocês. Tudo certo?",saudacao,outros
😍,outros,nao_entendi
Olá! Tudo bem? Teria um contato do responsável da marca ou comercial para falarmos? Obrigada Carol 🤍,saudacao,outros
😍,outros,nao_entendi
De onde é a sandália linda?,outros,nao_entendi
Oi! Tudo certinho por aí? 💚 Somos a ĒCRU e trabalhamos com embalagens sustentáveis e personalizáveis feitas em algodão cru! Nossos principais produtos são: 💚 Necessaire 💚 Saquinhos 💚 Ecobags Nos identificamos muito com a sua empresa e adoraríamos te apresentar nosso catálogo! Posso te enviar mais informações pelo e-mail ou Whatsapp? Ah! Também aceitamos propostas de orçamento ou cobrimos valores de outros fornecedores!,onde_comprar,outros
😍,outros,nao_entendi
😍,outros,nao_entendi
👏,outros,nao_entendi
😍,outros,nao_entendi
Que roupa bonita,outros,outros
😍,outros,nao_entendi
❤️,outros,nao_entendi
"Olá, tudo bem?! Meu nome é Leonardo, trabalho na importadora @Lulitex_textil @lulitexfashion Vi o instagram da marca e vocês tem o perfil Lulitex, muito sofisticação e bom gosto. Trabalhamos com pronta entrega e importação de tecidos exclusivos de acordo com a demanda do cliente. Nosso showroom tem um acervo enorme. Será um prazer recebe-los em uma visita. Poderia me passar o contato do estilo ou compras? Desde já agradeço a atenção. Att, Leonardo José E-mail: leonardo@lulitex.com.br PABX: +55 11 2105 1541 WHATSAPP: 11 9.9600-2547 www.lulitex.com.br",prazo_entrega,outros
Adorei a dica!,outros,nao_entendi
Adorei!!!! 😘😘🌷,outros,outros
"Bom dia tudo bem? Então eu tenho mito daqueles vestidos , com estampas, e alguns até são estampas geométricas e todas as opções possíveis . Como posso fazer que não fiquem parecendo quando usar aquelas roupas que não tem nada haver comigo . Eu estou em uma fase de camisa, calça jeans bem moderna . E roupas mais discretas . Mas é esses vestido como usar ?",disponibilidade,disponibilidade
Ameiiiiiiii,outros,outros
😍,outros,nao_entendi
👏,outros,nao_entendi
🥰,outros,nao_entendi
Poxa… que pena… quando tiverem me avise por favor,outros,nao_entendi
Bom dia … obrigada 🙏🏻,saudacao,saudacao
Não tem mais numeração 37,duvida_tamanho,outros
"Oi Ana, obrigada pela resposta! Bom, eu vou continuar na torcida pra esse frete internacional se materializar um dia desses pq a gente quer comprar essas coisas lindas e usar logo, né? … infelizmente com o preço do dólar não tenho recebido as amigas aqui tão frequentemente mas é uma boa ideia também - obrigada!!!!",prazo_entrega,outros
"Bia, você acaba comigo com tantas coisas lindas do curadobia!!! Queria muito que tivesse frete internacional ( Canadá) eu fico aqui babando!!!! 😍",prazo_entrega,outros
"Tá ótimo, obrigada",agradecimento,agradecimento
"Vou querer a 46, qual é sua chave pix?",preco_pagamento,outros
"Oi, quanto custa a blusa modernosa? Tem GG ?",preco_pagamento,disponibilidade
"Certo, obrigada !!! O prazo de entrega são 19 dias mesmo ?",prazo_entrega,outros
"Olá vcs tem uma tabela de medidas para essa calça , amei e gostaria de escolher o tamanho certo visto 40 e tenho 1.05 de quadril , então não tenho certeza do p ou m Poderiam me ajudar ? No aguardo Grata Adriana Baggio",duvida_tamanho,tamanho_modelagem
"Bom Dia Gostei muito de uma calça mais gostaria de ter informações dos tamanhos , se te tabela de medidas , Como faço para saber , poderiam me Ajudar ? No aguardo Grata Adriana Baggio",duvida_tamanho,tamanho_modelagem
Bia gosto muito das suas bolsas . Poderia passar umas dicas ?? Não encontrei no seu site …,outros,outros
Uhuu,outros,nao_entendi
"Oiee tudo bem? Amei a bota, tem curadoria dela? Bjos",disponibilidade,nao_entendi
Obrigada,agradecimento,agradecimento
Nao sei se ficaria legal p quem esta um.pouco acima do peso,duvida_tamanho,outros
Gosto muito dos looks mas percebo que ha muito jogo c volumes,pedido_sugestao,outros
Oiee,saudacao,outros
😁😁,outros,nao_entendi
❤️❤️,outros,nao_entendi
"Olá!! Tudo bem? Estou APAIXONADA por essa jaqueta bacanuda da foto. O preço de 546, pula pra setecentos e tanto na hora de comprar. É isso mesmo? Entra um valor de comissão na hora da compra?",preco_pagamento,outros
Você é linda e de uma delicadeza admirável,outros,nao_entendi
"Adorei, obrigada vcs!",agradecimento,agradecimento
😍,outros,nao_entendi
993811193,outros,nao_entendi
11,outros,nao_entendi
Pode me chamar novamente por favor?,outros,outros
Oi,saudacao,nao_entendi
Muito obrigada,agradecimento,agradecimento
Bom dia. Comprei esta blusa mas a parte que passa encima do ombro está solta. É assim mesmo? Podemos falar para eu entender melhor? Obrigada. Meu cel 983389576,saudacao,outros
Obaaa!❤️❤️❤️,outros,outros
Bia! Será que a tshirt Angela Motta branca com uma manga bafônica vai ter amanhã? Preciso dela,disponibilidade,outros
"Ahh pena! Mas na hora certa, vai dar!",outros,nao_entendi
Isso é Curadobia hein!,outros,nao_entendi
Essa tshirt vai estar no evento? Namoro tanto ela,outros,nao_entendi
Uma coisa de lindo!,outros,nao_entendi
😍,outros,nao_entendi
Olá tudo bem Ana e vc? Que bacana… Vou passar o WhatsApp da Maiá pode falar com ela por gentileza! 11-983268095,onde_comprar,outros
tenho interesse nessa jaqueta,outros,nao_entendi
Vou amanhã. Obrigada,agradecimento,outros
Acha melhor pegar maior?,outros,outros
Lindaaaa,outros,nao_entendi
Oii comprei a bico fino. O dedo fica um pouquinho de lado pra fora né? Mas super confortável,duvida_tamanho,nao_entendi
Não tenho nada da Paula Ferber. A numeração é normal a forma?,duvida_tamanho,nao_entendi
Legal. Obrigada,agradecimento,agradecimento
Eu amei a que tem a ponta. Duvida. Tem que ter tornozelo fino? Obrigada,disponibilidade,nao_entendi
https://www.instagram.com/ac.gromann?igsh=MWE4dTZiY2IzeTAxNw==,onde_comprar,nao_entendi
https://www.instagram.com/numerodez.numerodez/profilecard/,onde_comprar,nao_entendi
https://www.instagram.com/luiseramirezbrand/profilecard/,onde_comprar,nao_entendi
https://www.instagram.com/wendyelborin/profilecard/,onde_comprar,nao_entendi
https://www.instagram.com/giom.ei/profilecard/,onde_comprar,nao_entendi
https://www.instagram.com/voceamara/profilecard/,onde_comprar,nao_entendi
https://www.instagram.com/durgashop/profilecard/,onde_comprar,nao_entendi
https://www.instagram.com/_nata.oficial/profilecard/,onde_comprar,nao_entendi
https://www.instagram.com/___lourie___/profilecard/,onde_comprar,nao_entendi
Caraca muito!,outros,nao_entendi
https://www.instagram.com/minimadeia/profilecard/,onde_comprar,nao_entendi
https://www.instagram.com/usemyk/profilecard/,onde_comprar,nao_entendi
https://www.instagram.com/agola__/profilecard/,onde_comprar,nao_entendi
https://www.instagram.com/tatho.brasil/profilecard/,onde_comprar,nao_entendi
https://www.instagram.com/_nata.oficial?igsh=N204dXp5bzN6azBz,onde_comprar,nao_entendi
😍 body MyBasic,outros,outros
😍,outros,nao_entendi
Obrigada,agradecimento,agradecimento
Onde posso comprar?,outros,outros
"Ola pessoal ! Tudo bem?! Sou a Lalá Cunha (@laisfcunha) e vim contar um pouco sobre o @coracora_studio Estamos em SP e fazemos fotografia, vídeos em formato reels, direção de arte e styling para marcas, de acordo com a sua necessidade. Fazemos trabalhos exclusivos para as marcas e, em breve (final de março) também faremos o nosso próximo SHOOTING COLLAB, uma diária criada para incluir várias marcas que têm produtos a serem fotografados, necessitam de um material de qualidade, mas que não querem ter um alto valor de investimento nisso. O proximo collab será em uma locação linda e as modelos foram escolhidas à dedo, e acho que combina muito com a marca de voces. Abaixo mando mais infos. Vamos conversar sobre essas possibilidades? Fico aqui a disposição Abraços, Lalá 11 972686892",preco_pagamento,outros
"As duas camisas, o body, a calça e o colar. Eu visto P.",duvida_tamanho,nao_entendi
"Olá, tudo bem? Seriam essas peças:",saudacao,outros
"Olá! Sua curadoria, projeto editorial e gráfico, são incríveis. Parabéns! Mas sua plataforma de e-commerce não funciona bem, estou desde ontem tentando fazer compras, mas páginas não carregam, carrinhos esvaziam. Muito difícil!",saudacao,outros
Preço?,preco_pagamento,outros
"Obrigada pelo retorno! Namoro o modelo gladiador, me lembro dele, mas quando fui procurar, já não tinha mais 😐",agradecimento,nao_entendi
E esses sapatos incríveis? Teremos a chance de tê-los? Rs,outros,nao_entendi
Já tô seguindo 👊🏻,outros,nao_entendi
Esse é o fechado,outros,nao_entendi
"Link da calça, por gentileza",outros,outros
Bom dia! Ontem tive o prazer de conhecer vc ao vivo! Eu estava no Mil Plantas! Vc e lindíssima! ❤️,saudacao,saudacao
Obrigada pelo convite! Adorei a minha sandalia nova! ♥️,agradecimento,outros
Pode,outros,nao_entendi
Sim,outros,nao_entendi
Eu não recebi a confirmação dessa compra,outros,nao_entendi
Oi,saudacao,nao_entendi
Volta pro estoque?,disponibilidade,outros
A regata arrumadona M,duvida_tamanho,outros
Oi!,saudacao,nao_entendi
E a regata arrumadona?,outros,nao_entendi
A regata chiquetosa vai voltar pro estoque?,disponibilidade,outros
O site está passando por problemas?,outros,nao_entendi
😍,outros,nao_entendi
Vcs tem desconto para primeira compra?,preco_pagamento,formas_pagamento
Muito obrigada pelos esclarecimentos,agradecimento,agradecimento
Eh isso mesmo?,outros,nao_entendi
"Fui olhar para comprar o tamanho 1 dessa calça, porém a largura da cintura e do quadril eh a mesma - 98",duvida_tamanho,tamanho_modelagem
Foi só hoje ou vai ficar mais tempo?,outros,nao_entendi
Ola boa tarde tudo bem? Tenho uma confecção trabalho com tecido plano e malha faço todo desenvolvimento da peça começando da peça piloto e entrego a produção passada e embalada caso tenha interesse meu número é 11948549084 Obrigada,saudacao,saudacao
Adoro…!,outros,nao_entendi
Obrigada ;) Enviarei!,agradecimento,agradecimento
Obrigada pelo retorno,agradecimento,agradecimento
Como posso fazer essa apresentacao?,outros,nao_entendi
Bom dia!,saudacao,saudacao
Ambos :),outros,nao_entendi
"Olá Bia! Te vi no post da teti gio Amei o seu perfil Eu tenho uma marca de joias autorais, com design minimalista e ouro sustentável Adoraria te apresentar @eunoyah_jewelry Também gostaria de conversar sobre divulgacao, se houver interesse, claro :) Muito obrigada Um abraço Evelyn",saudacao,saudacao
Olá Algum cupom de desconto na primeira compra?,preco_pagamento,outros
Bem e vc Ana!! Muito obrigada,agradecimento,outros
Que lindo tudo!,outros,nao_entendi
Por nada!,outros,nao_entendi
entrar em contato com a Luciana nossa gerente comercial no email gerencia@elisaatheniense.com.br,outros,nao_entendi
Bom dia,saudacao,saudacao
"Bia, Tudo bem? Tenho uma festa bem legal e o traje é black and white. Pensei na blusa Pah, mas queria saber se o tecido fica vistoso e se você recomenda alguma calça mais festa para combinar. Beijos Julie",duvida_tamanho,outros
Muito obrigada pelo retorno!,agradecimento,agradecimento
Eba!,outros,outros
"Oi, Ana! Tudo e você? Beleza, obrigada!",saudacao,saudacao
"Olá! Bom dia! Me chamo Anelisa e gostaria de confirmar se meu pedido foi realizado. Não sei se esse é o canal mais adequado para essa solicitação, mas como não achei no site um campo para falar com vocês, decidi vir aqui. Fiz essa compra ontem pelo site e logo depois de finalizar, apareceu uma mensagem dizendo que o pagamento não estava confirmado. No entanto no site diz que o pagamento foi efetuado e não recebi nenhuma mensagem do banco dizendo que o pagamento foi negado. Além disso também não recebi um e-mail com os dados do pedido. Muito obrigada desde já!",saudacao,formas_pagamento
😍,outros,nao_entendi
Já vi e amei!! Esperando a virada do cartao pra perder os juízo!,preco_pagamento,nao_entendi
Gosto da calça assim mais curta! Visto entre 38-40 (quadril 95),duvida_tamanho,tamanho_modelagem
Bia! Esse seu Curadobia está um arraso! Muito tentador. Parabéns pelo projeto. Uma dúvida: qual a sua altura? Estou interessadíssima nessa calça mas sou baixa (160cm) e geralmente tenho que fazer a barras das calças - o que não é muito fácil com essa… 😅 Obrigada,agradecimento,outros
Obrigada!,agradecimento,agradecimento
"Bom dia! Gostaria de adquirir essa calça, mas não está mais disponível. Podem me ajudar? Obrigada",disponibilidade,outros
Já respondi! Sim no wzap,outros,nao_entendi
Reagiu com 👍 à sua mensagem,outros,nao_entendi
"Eu sugiro q vcs verifiquem melhor as parcerias de fornecedores, pois não comprarei mais nesta Curadoria! Infelizmente, gosto mto do trabalho da Bia… mas assim inviabiliza!",outros,outros
Até agora nada!,despedida,nao_entendi
Como proceder p troca?,troca_devolucao,outros
Ficou enorme,duvida_tamanho,outros
P,duvida_tamanho,nao_entendi
Adquiri uma máxi pantalona Valéria mansur,outros,nao_entendi
Oi boa tarde,saudacao,saudacao
😍,outros,nao_entendi
Vamos pensar no q podemos fazer juntas🌺🌺,outros,nao_entendi
❤️❤️❤️❤️❤️,outros,outros
Eu adorei !! Ja usei minha saia hj,outros,nao_entendi
Foi muito legal,outros,nao_entendi
Onde e a loja?,onde_comprar,outros
Vai ter reposição dessa calça?,disponibilidade,outros
Tudo bem também. Que pena 😕 Eu queria exatamente o verde! 😩,outros,nao_entendi
"Boa tarde, pessoal! Tudo bem? Estava namorando um macacão verde no site da marca D-aura, porém não localizei mais 😕. Saiu de coleção? Não terá reposição? Aguardo. Obrigada Milene",disponibilidade,outros
Perfeito,agradecimento,outros
Outra dúvida é sobre o tom certinho dessa jaqueta. No site achei que estava num tom diferente dos stories,outros,nao_entendi
Joia,outros,nao_entendi
"Posso trocar, caso eu experimente e prefira uma maior?",troca_devolucao,outros
"Na verdade eu já assisti ao vídeo do casaco no site Curadobia várias vezes para tentar chegar a essa conclusão, mas não consegui",outros,nao_entendi
Vou olhar,outros,nao_entendi
Não rsrs,outros,nao_entendi
36 ou 38,duvida_tamanho,tamanho_modelagem
Eu costumo usar P ou PP se a confecção é grande,duvida_tamanho,tamanho_modelagem
Porém na dúvida do melhor tamanho,duvida_tamanho,tamanho_modelagem
Estou de olho nessa peça aqui 👇🏻,outros,nao_entendi
Tudo bem e vocês?,outros,outros
"Oi, pessoal. Tudo bem? Estou com dúvida sobre numeração de uma peça de vocês. Aguardo retorno, obrigada! Milene",duvida_tamanho,outros
Perfeito! Fico no aguardo! Abraço,agradecimento,nao_entendi
"Oi pessoal! Tudo bem? Acredito que essa calça tenha esgotado, certo? Vai ter reposição dela? Aguardo retorno! Obrigada, Milene",disponibilidade,outros
Vou seguir.,outros,nao_entendi
Linda gladiadora!,outros,outros
"Queria ver sua sapateira pq tudo é lindíssimo, mas seus sapatos são escolhidos a dedo, tudo a ver com vc sempre… esse é da laiá né?",outros,nao_entendi
😍,outros,nao_entendi
👏,outros,nao_entendi
11-991428141,outros,nao_entendi
Funciona,outros,nao_entendi
stellathomazbastos@gmail.com,outros,nao_entendi
Boa tarde! Tudo ótimo! Segunda à tarde em qualquer horário.,saudacao,saudacao
"Olá, gente! Bom dia! Acabei de ver o post da Bia sobre camisas. Somos uma pequena alfaiataria e camisaria é o core da nossa criação. Gostaria muito de apresentar nosso produto pra vocês. Se vocês acharem conveniente, por favor, indiquem a melhor forma de contato. Abraço, Stella",saudacao,outros
Reagiu com 🖤 à sua mensagem,outros,nao_entendi
"olá, tudo bem e com vcs ? vi que vcs enviaram um e-mail para nós, vou responder vcs por lá, ok? um beijo e muito obrigada pelo contato <3",saudacao,saudacao
"Aaaah, perdi! Quando vai ter offline de novo?",outros,outros
"A jaqueta branca. Uma pena eu não conseguir comprar por problemas técnicos, uma experiência de consumidor mto ruim",disponibilidade,outros
Deu certo mas a peça que eu queria acabou…,outros,nao_entendi
Ola! Por favor algum retorno?,saudacao,outros
Obrigada,agradecimento,agradecimento
Obrigada!,agradecimento,agradecimento
Olá! Por favor vcs tem desconto para a primeira compra? Obrigada!,preco_pagamento,formas_pagamento
"Ok, muito obrigada 😊",agradecimento,agradecimento
"Eu quero comprar esses acessórios, como faço?",outros,outros
😍,outros,nao_entendi
Vamos marcar ☺️,outros,nao_entendi
Sim,outros,nao_entendi
Pode ser?,outros,nao_entendi
Aí entro em contato vocês,outros,nao_entendi
Agora estou organizando as coisas,outros,nao_entendi
Em março eu vou produzir reposição e cores novas de tudo,disponibilidade,outros
Tudo bem?,outros,outros
Ei Ana,outros,nao_entendi
Aguardo ansiosa pelos seus pisantes na curadobia,outros,nao_entendi
"Os brincos argola frontal, não sei o nome da peça kkk",outros,nao_entendi
Gostei da corrente dourada também.,outros,nao_entendi
Macacões com mangas,outros,nao_entendi
"Boa tarde, me interessei pelos macacões, com zíper mostrados pela Bia.",saudacao,outros
Comprei a jaqueta 😻,outros,nao_entendi
Chico Neto CD Maré Mar WhatsApp 11965621065 http://palcomp3.com/chiconetodaparaiba/,onde_comprar,nao_entendi
Amando ♥️♥️♥️,outros,nao_entendi
Já comprei 3 peças da curadobia,outros,nao_entendi
Que honra 😍😍😍,outros,outros
Linda essa blusa,outros,outros
"Deu certo, sim. Obrigada",agradecimento,agradecimento
"Perfeito, Ana. Obrigada pelo retorno. 😊",agradecimento,agradecimento
"Olá, td bem? Fiz uma compra com vc e recebi apenas o tricot. Vc pode me ajudar ? Muito obrigada desde já !",saudacao,outros
👏,outros,nao_entendi
"Muito obrigada, elas entraram em contato comigo. Realmente a sandália é linda , mas infelizmente fico um pouco fora $$$ pra mim !",agradecimento,outros
Chama no mkt@gammba.com,outros,nao_entendi
Oie,saudacao,outros
"Gostei do conjunto, mas não vi no site",outros,nao_entendi
🥰,outros,nao_entendi
Obrigada!,agradecimento,agradecimento
"Oii, Bia! Tudo bem? Por favor, de onde é essa calça? Yes I am? Procurei aqui no feed e não encontrei… obrigada!",saudacao,outros
Legal mto obrigada 💚,agradecimento,outros
Qual a marca do tenis?,outros,nao_entendi
Na torcida ❤️,outros,nao_entendi
"Olá! Onde encontro os sapatos? Este e as gladiadoras, especialmente.",saudacao,outros
11 99635.2663,outros,nao_entendi
Vocês tem loja física?,disponibilidade,outros
Vou olhar aqui meu anti virus.. Pq ele bloqueia o curadobia... Veja:,outros,nao_entendi
Oii O site Curadobia está fora do ar?? Fui visitar através dos link da Bio e não funcionou ... bjs,saudacao,outros
Fiz o processo 2x Será q cobrou 2x?,outros,nao_entendi
"Visto G, qual tamanho seria? Quais cores tem? Tem a calça tb?",duvida_tamanho,tamanho_modelagem
😮,outros,nao_entendi
👏,outros,nao_entendi
👏,outros,nao_entendi
👏,outros,nao_entendi
Lindo o evento! Amei,agradecimento,nao_entendi
"Sim, obrigada",agradecimento,agradecimento
Boa tarde! A jaqueta off da Nauanim voltou?,saudacao,outros
Experimentei essa jaqueta. Maravilhosa,agradecimento,nao_entendi
"Precisei sair correndo por um problema com minha filha, que ja esta bem! Mas nem consegui me despedir! Obrigada queridas pelo convite!!!",agradecimento,outros
"Olá, sou o gerente de vendas da PG Game Platform. Quero falar com você sobre parcerias. Nossa plataforma foi licenciada conjuntamente pelo governo federal brasileiro e pelo governo de Curaçao em outubro. Você pode se juntar a nós e lhe daremos altas comissões. Entre em contato comigo pelo WhatsApp: +13434802605",onde_comprar,outros
"E eu, como estou na praia, torcendo para não baixar!!!!!🤣🤣🤣",outros,nao_entendi
A calça ficou sobrando muito atrás.,duvida_tamanho,outros
Acabei de comprar um conjunto. Se não servir posso trocar? Pelo seu cep deve ser perto da minha casa. O meu 04531-020,troca_devolucao,outros
"Oieee, obrigada de verdade 💖",saudacao,agradecimento
"Oiii! Tudo bem? Me chamo Caroline sou formada em Marketing e trabalho como Social Media tem um tempinho, estou a procura de uma nova oportunidade no mercado de trabalho. Gostaria de saber se tem um espacinho no time de vocês, vou deixar o meu número, e-mail e portfólio. Caso queria marcar uma call para falarmos mais estou por aqui. Cel: (11) 94443-8896 E-mail: cspereiramkt@gmail.com Portfólio: https://cspereira.my.canva.site/ Obrigada desde já 💖",disponibilidade,outros
🖤🖤🖤,outros,nao_entendi
Não estou conseguindo entrar no site para fazer compra,outros,nao_entendi
"Ok, obrigada.",agradecimento,agradecimento
"Não gosto de nada apertado, mas essa blusa tem um Shane mais ajustado. Daí fiquei na dúvida.",disponibilidade,disponibilidade
M,duvida_tamanho,outros
"Bom dia. Estou interessada na blusa PAH, mas estou em dúvida quanto ao tamanho. Minhas medidas: busto 92 cm e cintura 75 cm.",duvida_tamanho,tamanho_modelagem
Ok!! Entendi. Obrigada pelo retorno. Um abraço,agradecimento,agradecimento
"Como uma crítica construtiva, vcs deveriam mandar um e-mail para confirmar o pedido. Compro bastante on-line e sempre vem o e-mail do status do pedido!! O cliente fica mais seguro da compra.",duvida_tamanho,nao_entendi
Olá!! Obrigada. Qual a previsão de entrega?,prazo_entrega,outros
Ok! Obrigada. Vi que foi lançado no meu cartão de crédito.,preco_pagamento,nao_entendi
Boa tarde!! Fiz um pedido de uma blusa Brilhei no dia 13/01. Não recebi nenhum e-mail de confirmação. Será que está tudo certo? Meu nome é Cristiane Rocha Loures Brenner.,saudacao,outros
Sua roupa jeans é de onde?,outros,outros
Ebaaaaa,outros,nao_entendi
Obrigada. No aguardo que seja disponibilizado o envio.,agradecimento,outros
Reagiu com 😢 à sua mensagem,outros,nao_entendi
Boa tarde. Gostaria de saber se vocês enviam para fora do Brasil. Obrigada.,saudacao,nao_entendi
Ahh Reptilia adoro,outros,nao_entendi
Olá! Esse conjunto ainda não está disponvel no site de vcs né ? Poderia me dizer se onde é?,saudacao,outros
Obrigada,agradecimento,agradecimento
Oi! Esse conjunto marrom é vendido também ?,saudacao,outros
😍,outros,nao_entendi
Ok obrigada,agradecimento,agradecimento
Boa noite ! Haverá reposição da saia única preta no tamanho 1 ?,duvida_tamanho,outros
"Não vou trocar , vou tentar reduzir o gancho",troca_devolucao,outros
Tudo bem,outros,outros
"De todo modo , agradeço por perguntar",outros,agradecimento
Mas a experiência de compra não foi legal,outros,nao_entendi
"O produto é lindo , apesar de ter ficando um pouco grande",outros,outros
Por muito pouco a minha frustração seria ainda maior,outros,nao_entendi
Muito tenso,outros,nao_entendi
E o body me chega HOJE,outros,nao_entendi
Paguei Sedex porque estou indo hoje pra Londres e queria levar o body,outros,nao_entendi
"Enfim , por muito pouco não me atende",outros,nao_entendi
Precisei escrever em uma postagem,outros,nao_entendi
No e-mail da nota fiscal não tem nada,disponibilidade,outros
Não tem um link de comunicação no WhatsApp,disponibilidade,outros
E achei muito difícil o contato com vcs,outros,nao_entendi
Então era pra ter pago menos a meu ver,outros,nao_entendi
Mas paguei por uma coisa que não recebi,outros,nao_entendi
Chegou,outros,nao_entendi
???,outros,nao_entendi
Com quem falo B,outros,nao_entendi
Era pra ter chegado ontem,outros,nao_entendi
Mas a peça ainda não chegou,outros,nao_entendi
Comprei um body e paguei frete de 7 dias úteis pra levar pra uma viagem agora na sexta,prazo_entrega,outros
Como falo com alguém daí,outros,nao_entendi
Olá,saudacao,outros
👏,outros,nao_entendi
Muito obrigada pela atenção!,agradecimento,agradecimento
Tá joia.,outros,nao_entendi
Estou vendo pelo celular sim.,outros,nao_entendi
Obrigada,agradecimento,agradecimento
Ok,outros,outros
"Estou com duvidas sobre o tamanho da saia Unica, visto 42 , mas as medidas no quadro de tamanhos parecem grandes, mas existe a informação de que o tamanho 1 corresponde ao 36….",duvida_tamanho,tamanho_modelagem
Boa noite.,saudacao,saudacao
É o pedido 502!,outros,nao_entendi
"Tranquilo, obrigada!",agradecimento,agradecimento
"Na verdade foi o porteiro, rs!",outros,nao_entendi
Sim!,outros,nao_entendi
"Olá meninas, tudo bem? Comprei a saia preta da d aura em outubro, precisei trocar (foram rapidíssimos), mas só hoje eu soube que não levaram a sacola com a peça a ser trocada (ficou este tempo todo na minha portaria). Como faço?",troca_devolucao,disponibilidade
Já comprei! E acabou de chegar!!,outros,nao_entendi
"Deixa eu tirar outra dúvida, vc faz consultoria de imagem/estilo tb? Se sim, como funciona?",outros,nao_entendi
Ah que bom!! É lindíssima!! Parabéns.,outros,outros
Consegue me informar de onde é essa sandália?,outros,outros
"Ola, tudo bem? Meu nome é Gisela, acabei de fazer um pedido.",saudacao,outros
Olá! Como tirar dúvidas de tamanho da peça?,duvida_tamanho,tamanho_modelagem
"Oi, as compras são direto no site?",saudacao,outros
👏,outros,nao_entendi
Obrigada pelo retorno!,agradecimento,agradecimento
"Claro, mando tudo la",outros,nao_entendi
"Oi Bia, tudo bem? Me chamo Alice, sou sócia da Monti, uma marca de moda que preza por estilo atemporal e peças de qualidade. Estamos buscando consultoras de imagem parceiras para recomendar nossas peças aos seus clientes, e pensei que poderíamos criar algo bem legal juntas! O que acha de agendarmos um papo para te contar mais sobre a nossa história e a ideia de parceria? Fico no aguardo!",pedido_sugestao,outros
"Ótimo, me avise por favor. Um abraço e obrigada",agradecimento,agradecimento
"Oi Ana boa tarde! Obrigada pelo contato. Sim, estou interessada. Tentei comprar após a mensagem da Bia mas ainda estava indisponível",saudacao,saudacao
"Oi, pessoal, tudo bem? Mariele da Icon aqui. Adoraria apresentar a agência e os talentos que representamos para vocês. Acredito que temos uma super sinergia e que seria lindo colaborarmos futuramente! Qual o melhor contato para falarmos disso, por favor? Muito obrigada!",saudacao,outros
"Ola meninas seguem meus contatos: +1(917)868-9790 Daniela.masson@hotmail.com Muito bom falar com vcs ontem, obrigada ! Falamos na sequência por WhatsApp 🌷",onde_comprar,saudacao
Obrigada ! Até lá,agradecimento,agradecimento
Daniela.masson@hotmail.com,outros,nao_entendi
Fechado 3pm brasil !,outros,nao_entendi
"Acho ótimo. Pode ser segunda 29 na parte da tarde. Estamos com 4horas de fuso, qual horário seria bom pra vc?",outros,outros
https://www.instagram.com/queensgatestore?igsh=Mjc0c2g5cHNmN25k&utm_source=qr,onde_comprar,nao_entendi
Feliz demais q vc gostou ! ☺️☺️☺️ me fala como funciona melhor pra vc e marcamos um call,outros,outros
"Ola Bia sou a Daniela e gostaria de apresentar minha marca pra vc, a Queens Gate. Minha sócia e eu já te acompanhamos tem um bom tempo e somos muito fãs! A sua curadoria com seus ""neutros com tcharanz"" reforçou a vontade de apresentar o conceito da nossa marca pra vc. Vamos completar 1 ano em agosto e adoraríamos um bate papo com vc pra contar nossa história e nossos planos. Moro em Londres e minha sócia em SP e vou deixar meu WhatsApp pessoal por conta do fuso aqui e mando o link do nosso insta pra vc dar uma olhadinha 😉 Obrigada ! +1(917)868-9790",disponibilidade,outros
"Olá!! Bom dia!! Sou muito fã da Bia, mas nunca comprei no Curadoria. Uma dúvida: como faço para escolher um tamanho com mais segurança? Tem uma tabela de medidas para servir de referência? Obrigada",duvida_tamanho,tamanho_modelagem
Ok. Obrigada 😊,agradecimento,agradecimento
Qual o endereço???,outros,nao_entendi
😍,outros,nao_entendi
Nossa . Perfeito,agradecimento,outros
Muito estilo,outros,nao_entendi
Vc teria alguma informação sobre a minha encomenda?,outros,outros
Bom dia,saudacao,saudacao
Parece que o contato por aqui não é satisfatório...,outros,nao_entendi
"Vc poderia checar se houve algum problema com os correios de São Paulo, pois nem chegou no correio de Curitiba",outros,nao_entendi
"Boa tarde. Estava previsto pra chegar hoje minha encomenda, porém nada foi entregue",saudacao,outros
Obrigada,agradecimento,agradecimento
Por onde posso acompanhar o envio da minha compra?,outros,outros
Como eu poderia rastrear minha compra?,prazo_entrega,outros
Olá,saudacao,outros
🥰,outros,nao_entendi
Eu não recebi email confirmando a compra...,outros,nao_entendi
Compra realizada,outros,nao_entendi
Obrigada Ana!!,agradecimento,outros
Maravilha,outros,nao_entendi
Certo. Qual o link da compra?,outros,outros
Tô de olho faz tempooo,outros,nao_entendi
37?? Não creio,outros,outros
Yes!!,outros,nao_entendi
"Eu quero sim, mas vc poderia me enviar a foto do modelo só pra eu confirmar",outros,nao_entendi
E tem ela preta?,disponibilidade,nao_entendi
Essa gladiadora!! Qual o número? Tem 37??,disponibilidade,outros
"Ainda não , super correria",outros,nao_entendi
Macacão precisa ser mais soltinho,outros,nao_entendi
Obrigada pelo retorno,agradecimento,agradecimento
Vou checar as minhas medidas e volto com Vcs,duvida_tamanho,outros
E quadril ?,duvida_tamanho,outros
"E em outras , 42",duvida_tamanho,tamanho_modelagem
"Pois sou , em algumas marcas , 44",duvida_tamanho,tamanho_modelagem
Teria as medidas do 42,duvida_tamanho,tamanho_modelagem
"Por favor , me interessei por este macacão . Quais tamanhos e como comprar ?",duvida_tamanho,outros
"Bom dia! Sou a Gianina Marques, mineira, mãe e autora de joias artesanais. Gostaria de deixar meu insta para vcs conhecerem minhas joias feita com carinho e totalmente exclusiva. Aguardo o retorno de vcs q tem tanto conhecimento na área. Desde já obrigada! @gianinamarques",disponibilidade,outros
Endereço,outros,nao_entendi
Como comprar ?,onde_comprar,outros
Eu amo todos os seus looks! Combina 100% com o meu estilo! Queria ter todas as peças para mim! Pena que moro do outro lado do mundo.,pedido_sugestao,outros
Ai..me Ajuda com o vídeo …. Ainda não usei a blusa!!,outros,outros
Que legal! Vai ajudar muito!,agradecimento,outros
Obrigada,agradecimento,agradecimento
Bom dia! Consegue me mandar o vídeo?,saudacao,saudacao
Já tentei três vezes. Será que pode ser o tamanho?,duvida_tamanho,tamanho_modelagem
"Oie!!! São lindas... porém aquele modelo foi o que mais me agradou...mas tranquilo, super obrigada pela atenção",saudacao,outros
Oie!! Essa calça vai ter reposição na curadoria?,disponibilidade,disponibilidade_estoque
😍,outros,nao_entendi
Reagiu com 👍 à sua mensagem,outros,nao_entendi
"Linda calça, qual é a marca?",outros,outros
👏,outros,nao_entendi
😍,outros,nao_entendi
Falamos por lá,outros,nao_entendi
Ok,outros,outros
Estou tentando contato para devolução de mercadoria e ninguém me atende! Nem por WhatsApp e nem e-mail. Comprei um vestido que quero devolver. Como devo proceder? Cristina Hees 11 970499507,troca_devolucao,outros
Beijos,despedida,nao_entendi
Mas super entendi e aproveito pra agradecer e elogiar seu trabalho,outros,agradecimento
É fato! Perguntei pois está a procurando uma peça e não encontrava,outros,nao_entendi
"Tudo bem Bia Gostaria muito de saber se nesta sua plataforma vc assiste aos clientes em encontrar produtos, lojas, etc?",outros,outros
Olá Bia Tudo bem?,saudacao,saudacao
Obaaaa,outros,nao_entendi
PARABÉNS!!! Excelente ideia!!! Vim pelo insta da Glória Kalil 😍 - Torcendo por mais um SUCESSO!,onde_comprar,outros
Uauuu ameiii! Linda saia!,outros,outros
👏,outros,nao_entendi
